[2025-11-16 18:37:32,750][HYDRA] Launching 486 jobs locally
[2025-11-16 18:37:32,751][HYDRA] 	#0 : posterior=sbvi posterior.num_samples=1 optimization.epochs=30000 posterior.temperature=1 seed=0 optimization.learning_rate=0.0003 dataset=spiked_linear dataset.n_train=4 dataset.n_features=1 posterior.num_squash_vectors=1
Config:
posterior:
  type: sbvi
  weight_variance_init: 1
  bias_variance_init: 1
  num_samples: 1
  temperature: 1
  posterior_exponentiation: tempered
  num_squash_vectors: 1
dataset:
  type: regression
  label: spiked_linear
  n_train: 4
  n_test: 200
  rank: 1
  n_features: 1
  noise_std: 0.1
  ood_input_variance:
  - 1.0
seed: 0
optimization:
  learning_rate: 0.0003
  batch_size: 2056
  epochs: 30000
model:
  type: mlp
  hidden_layers:
  - 64
  - 64
  prior_std: 0.33
  ff: None
  ff_amplitudes: false

Using device: cuda
0
OOD log likelihood with variance 1.0: -26472.736328125
100
200
300
400
500
600
700
800
900
1000
1100
1200
1300
1400
1500
1600
1700
1800
1900
2000
2100
2200
2300
2400
2500
2600
2700
2800
2900
3000
3100
3200
3300
3400
3500
3600
3700
3800
3900
4000
4100
4200
4300
4400
4500
4600
4700
4800
4900
5000
5100
5200
5300
5400
5500
5600
5700
5800
5900
6000
6100
6200
6300
6400
6500
6600
6700
6800
6900
7000
7100
7200
7300
7400
7500
7600
7700
7800
7900
8000
8100
8200
8300
8400
8500
8600
8700
8800
8900
9000
9100
9200
9300
9400
9500
9600
9700
9800
9900
10000
OOD log likelihood with variance 1.0: -869.1298828125
10100
10200
10300
10400
10500
10600
10700
10800
10900
11000
11100
11200
11300
11400
11500
11600
11700
11800
11900
12000
12100
12200
12300
12400
12500
12600
12700
12800
12900
13000
13100
13200
13300
13400
13500
13600
13700
13800
13900
14000
14100
14200
14300
14400
14500
14600
14700
14800
14900
15000
15100
15200
15300
15400
15500
15600
15700
15800
15900
16000
16100
16200
16300
16400
16500
16600
16700
16800
16900
17000
17100
17200
17300
17400
17500
17600
17700
17800
17900
18000
18100
18200
18300
18400
18500
18600
18700
18800
18900
19000
19100
19200
19300
19400
19500
19600
19700
19800
19900
20000
OOD log likelihood with variance 1.0: -226.49221801757812
20100
20200
20300
20400
20500
20600
20700
20800
20900
21000
21100
21200
21300
21400
21500
21600
21700
21800
21900
22000
22100
22200
22300
22400
22500
22600
22700
22800
22900
23000
23100
23200
23300
23400
23500
23600
23700
23800
23900
24000
24100
24200
24300
24400
24500
24600
24700
24800
24900
25000
25100
25200
25300
25400
25500
25600
25700
25800
25900
26000
26100
26200
26300
26400
26500
26600
26700
26800
26900
27000
27100
27200
27300
27400
27500
27600
27700
27800
27900
28000
28100
28200
28300
28400
28500
28600
28700
28800
28900
29000
29100
29200
29300
29400
29500
29600
29700
29800
29900
OOD log likelihood with variance 1.0: -99.99180603027344
[2025-11-16 18:43:06,720][HYDRA] 	#1 : posterior=sbvi posterior.num_samples=1 optimization.epochs=30000 posterior.temperature=1 seed=0 optimization.learning_rate=0.0003 dataset=spiked_linear dataset.n_train=4 dataset.n_features=1 posterior.num_squash_vectors=4
Config:
posterior:
  type: sbvi
  weight_variance_init: 1
  bias_variance_init: 1
  num_samples: 1
  temperature: 1
  posterior_exponentiation: tempered
  num_squash_vectors: 4
dataset:
  type: regression
  label: spiked_linear
  n_train: 4
  n_test: 200
  rank: 1
  n_features: 1
  noise_std: 0.1
  ood_input_variance:
  - 1.0
seed: 0
optimization:
  learning_rate: 0.0003
  batch_size: 2056
  epochs: 30000
model:
  type: mlp
  hidden_layers:
  - 64
  - 64
  prior_std: 0.33
  ff: None
  ff_amplitudes: false

Using device: cuda
0
OOD log likelihood with variance 1.0: -175502.53125
100
200
300
400
500
600
700
800
900
1000
1100
1200
1300
1400
1500
1600
1700
1800
1900
2000
2100
2200
2300
2400
2500
2600
2700
2800
2900
3000
3100
3200
3300
3400
3500
3600
3700
3800
3900
4000
4100
4200
4300
4400
4500
4600
4700
4800
4900
5000
5100
5200
5300
5400
5500
5600
5700
5800
5900
6000
6100
6200
6300
6400
6500
6600
6700
6800
6900
7000
7100
7200
7300
7400
7500
7600
7700
7800
7900
8000
8100
8200
8300
8400
8500
8600
8700
8800
8900
9000
9100
9200
9300
9400
9500
9600
9700
9800
9900
10000
OOD log likelihood with variance 1.0: -2304.762451171875
10100
10200
10300
10400
10500
10600
10700
10800
10900
11000
11100
11200
11300
11400
11500
11600
11700
11800
11900
12000
12100
12200
12300
12400
12500
12600
12700
12800
12900
13000
13100
13200
13300
13400
13500
13600
13700
13800
13900
14000
14100
14200
14300
14400
14500
14600
14700
14800
14900
15000
15100
15200
15300
15400
15500
15600
15700
15800
15900
16000
16100
16200
16300
16400
16500
16600
16700
16800
16900
17000
17100
17200
17300
17400
17500
17600
17700
17800
17900
18000
18100
18200
18300
18400
18500
18600
18700
18800
18900
19000
19100
19200
19300
19400
19500
19600
19700
19800
19900
20000
OOD log likelihood with variance 1.0: -1610.786865234375
20100
20200
20300
20400
20500
20600
20700
20800
20900
21000
21100
21200
21300
21400
21500
21600
21700
21800
21900
22000
22100
22200
22300
22400
22500
22600
22700
22800
22900
23000
23100
23200
23300
23400
23500
23600
23700
23800
23900
24000
24100
24200
24300
24400
24500
24600
24700
24800
24900
25000
25100
25200
25300
25400
25500
25600
25700
25800
25900
26000
26100
26200
26300
26400
26500
26600
26700
26800
26900
27000
27100
27200
27300
27400
27500
27600
27700
27800
27900
28000
28100
28200
28300
28400
28500
28600
28700
28800
28900
29000
29100
29200
29300
29400
29500
29600
29700
29800
29900
OOD log likelihood with variance 1.0: -718.4202880859375
[2025-11-16 18:48:42,175][HYDRA] 	#2 : posterior=sbvi posterior.num_samples=1 optimization.epochs=30000 posterior.temperature=1 seed=0 optimization.learning_rate=0.0003 dataset=spiked_linear dataset.n_train=4 dataset.n_features=1 posterior.num_squash_vectors=16
Config:
posterior:
  type: sbvi
  weight_variance_init: 1
  bias_variance_init: 1
  num_samples: 1
  temperature: 1
  posterior_exponentiation: tempered
  num_squash_vectors: 16
dataset:
  type: regression
  label: spiked_linear
  n_train: 4
  n_test: 200
  rank: 1
  n_features: 1
  noise_std: 0.1
  ood_input_variance:
  - 1.0
seed: 0
optimization:
  learning_rate: 0.0003
  batch_size: 2056
  epochs: 30000
model:
  type: mlp
  hidden_layers:
  - 64
  - 64
  prior_std: 0.33
  ff: None
  ff_amplitudes: false

Using device: cuda
0
OOD log likelihood with variance 1.0: -204672.1875
100
200
300
400
500
600
700
800
900
1000
1100
1200
1300
1400
1500
1600
1700
1800
1900
2000
2100
2200
2300
2400
2500
2600
2700
2800
2900
3000
3100
3200
3300
3400
3500
3600
3700
3800
3900
4000
4100
4200
4300
4400
4500
4600
4700
4800
4900
5000
5100
5200
5300
5400
5500
5600
5700
5800
5900
6000
6100
6200
6300
6400
6500
6600
6700
6800
6900
7000
7100
7200
7300
7400
7500
7600
7700
7800
7900
8000
8100
8200
8300
8400
8500
8600
8700
8800
8900
9000
9100
9200
9300
9400
9500
9600
9700
9800
9900
10000
OOD log likelihood with variance 1.0: -272.3607177734375
10100
10200
10300
10400
10500
10600
10700
10800
10900
11000
11100
11200
11300
11400
11500
11600
11700
11800
11900
12000
12100
12200
12300
12400
12500
12600
12700
12800
12900
13000
13100
13200
13300
13400
13500
13600
13700
13800
13900
14000
14100
14200
14300
14400
14500
14600
14700
14800
14900
15000
15100
15200
15300
15400
15500
15600
15700
15800
15900
16000
16100
16200
16300
16400
16500
16600
16700
16800
16900
17000
17100
17200
17300
17400
17500
17600
17700
17800
17900
18000
18100
18200
18300
18400
18500
18600
18700
18800
18900
19000
19100
19200
19300
19400
19500
19600
19700
19800
19900
20000
OOD log likelihood with variance 1.0: -280.23468017578125
20100
20200
20300
20400
20500
20600
20700
20800
20900
21000
21100
21200
21300
21400
21500
21600
21700
21800
21900
22000
22100
22200
22300
22400
22500
22600
22700
22800
22900
23000
23100
23200
23300
23400
23500
23600
23700
23800
23900
24000
24100
24200
24300
24400
24500
24600
24700
24800
24900
25000
25100
25200
25300
25400
25500
25600
25700
25800
25900
26000
26100
26200
26300
26400
26500
26600
26700
26800
26900
27000
27100
27200
27300
27400
27500
27600
27700
27800
27900
28000
28100
28200
28300
28400
28500
28600
28700
28800
28900
29000
29100
29200
29300
29400
29500
29600
29700
29800
29900
OOD log likelihood with variance 1.0: -184.51904296875
[2025-11-16 18:54:20,568][HYDRA] 	#3 : posterior=sbvi posterior.num_samples=1 optimization.epochs=30000 posterior.temperature=1 seed=0 optimization.learning_rate=0.0003 dataset=spiked_linear dataset.n_train=4 dataset.n_features=500 posterior.num_squash_vectors=1
Config:
posterior:
  type: sbvi
  weight_variance_init: 1
  bias_variance_init: 1
  num_samples: 1
  temperature: 1
  posterior_exponentiation: tempered
  num_squash_vectors: 1
dataset:
  type: regression
  label: spiked_linear
  n_train: 4
  n_test: 200
  rank: 1
  n_features: 500
  noise_std: 0.1
  ood_input_variance:
  - 1.0
seed: 0
optimization:
  learning_rate: 0.0003
  batch_size: 2056
  epochs: 30000
model:
  type: mlp
  hidden_layers:
  - 64
  - 64
  prior_std: 0.33
  ff: None
  ff_amplitudes: false

Using device: cuda
0
OOD log likelihood with variance 1.0: -4966104.5
100
200
300
400
500
600
700
800
900
1000
1100
1200
1300
1400
1500
1600
1700
1800
1900
2000
2100
2200
2300
2400
2500
2600
2700
2800
2900
3000
3100
3200
3300
3400
3500
3600
3700
3800
3900
4000
4100
4200
4300
4400
4500
4600
4700
4800
4900
5000
5100
5200
5300
5400
5500
5600
5700
5800
5900
6000
6100
6200
6300
6400
6500
6600
6700
6800
6900
7000
7100
7200
7300
7400
7500
7600
7700
7800
7900
8000
8100
8200
8300
8400
8500
8600
8700
8800
8900
9000
9100
9200
9300
9400
9500
9600
9700
9800
9900
10000
OOD log likelihood with variance 1.0: -226.331787109375
10100
10200
10300
10400
10500
10600
10700
10800
10900
11000
11100
11200
11300
11400
11500
11600
11700
11800
11900
12000
12100
12200
12300
12400
12500
12600
12700
12800
12900
13000
13100
13200
13300
13400
13500
13600
13700
13800
13900
14000
14100
14200
14300
14400
14500
14600
14700
14800
14900
15000
15100
15200
15300
15400
15500
15600
15700
15800
15900
16000
16100
16200
16300
16400
16500
16600
16700
16800
16900
17000
17100
17200
17300
17400
17500
17600
17700
17800
17900
18000
18100
18200
18300
18400
18500
18600
18700
18800
18900
19000
19100
19200
19300
19400
19500
19600
19700
19800
19900
20000
OOD log likelihood with variance 1.0: -687.0281372070312
20100
20200
20300
20400
20500
20600
20700
20800
20900
21000
21100
21200
21300
21400
21500
21600
21700
21800
21900
22000
22100
22200
22300
22400
22500
22600
22700
22800
22900
23000
23100
23200
23300
23400
23500
23600
23700
23800
23900
24000
24100
24200
24300
24400
24500
24600
24700
24800
24900
25000
25100
25200
25300
25400
25500
25600
25700
25800
25900
26000
26100
26200
26300
26400
26500
26600
26700
26800
26900
27000
27100
27200
27300
27400
27500
27600
27700
27800
27900
28000
28100
28200
28300
28400
28500
28600
28700
28800
28900
29000
29100
29200
29300
29400
29500
29600
29700
29800
29900
OOD log likelihood with variance 1.0: -840.8098754882812
[2025-11-16 19:00:00,901][HYDRA] 	#4 : posterior=sbvi posterior.num_samples=1 optimization.epochs=30000 posterior.temperature=1 seed=0 optimization.learning_rate=0.0003 dataset=spiked_linear dataset.n_train=4 dataset.n_features=500 posterior.num_squash_vectors=4
Config:
posterior:
  type: sbvi
  weight_variance_init: 1
  bias_variance_init: 1
  num_samples: 1
  temperature: 1
  posterior_exponentiation: tempered
  num_squash_vectors: 4
dataset:
  type: regression
  label: spiked_linear
  n_train: 4
  n_test: 200
  rank: 1
  n_features: 500
  noise_std: 0.1
  ood_input_variance:
  - 1.0
seed: 0
optimization:
  learning_rate: 0.0003
  batch_size: 2056
  epochs: 30000
model:
  type: mlp
  hidden_layers:
  - 64
  - 64
  prior_std: 0.33
  ff: None
  ff_amplitudes: false

Using device: cuda
0
OOD log likelihood with variance 1.0: -3586077.0
100
200
300
400
500
600
700
800
900
1000
1100
1200
1300
1400
1500
1600
1700
1800
1900
2000
2100
2200
2300
2400
2500
2600
2700
2800
2900
3000
3100
3200
3300
3400
3500
3600
3700
3800
3900
4000
4100
4200
4300
4400
4500
4600
4700
4800
4900
5000
5100
5200
5300
5400
5500
5600
5700
5800
5900
6000
6100
6200
6300
6400
6500
6600
6700
6800
6900
7000
7100
7200
7300
7400
7500
7600
7700
7800
7900
8000
8100
8200
8300
8400
8500
8600
8700
8800
8900
9000
9100
9200
9300
9400
9500
9600
9700
9800
9900
10000
OOD log likelihood with variance 1.0: -1166.3995361328125
10100
10200
10300
10400
10500
10600
10700
10800
10900
11000
11100
11200
11300
11400
11500
11600
11700
11800
11900
12000
12100
12200
12300
12400
12500
12600
12700
12800
12900
13000
13100
13200
13300
13400
13500
13600
13700
13800
13900
14000
14100
14200
14300
14400
14500
14600
14700
14800
14900
15000
15100
15200
15300
15400
15500
15600
15700
15800
15900
16000
16100
16200
16300
16400
16500
16600
16700
16800
16900
17000
17100
17200
17300
17400
17500
17600
17700
17800
17900
18000
18100
18200
18300
18400
18500
18600
18700
18800
18900
19000
19100
19200
19300
19400
19500
19600
19700
19800
19900
20000
OOD log likelihood with variance 1.0: -2408.11328125
20100
20200
20300
20400
20500
20600
20700
20800
20900
21000
21100
21200
21300
21400
21500
21600
21700
21800
21900
22000
22100
22200
22300
22400
22500
22600
22700
22800
22900
23000
23100
23200
23300
23400
23500
23600
23700
23800
23900
24000
24100
24200
24300
24400
24500
24600
24700
24800
24900
25000
25100
25200
25300
25400
25500
25600
25700
25800
25900
26000
26100
26200
26300
26400
26500
26600
26700
26800
26900
27000
27100
27200
27300
27400
27500
27600
27700
27800
27900
28000
28100
28200
28300
28400
28500
28600
28700
28800
28900
29000
29100
29200
29300
29400
29500
29600
29700
29800
29900
OOD log likelihood with variance 1.0: -462.3852233886719
[2025-11-16 19:05:50,606][HYDRA] 	#5 : posterior=sbvi posterior.num_samples=1 optimization.epochs=30000 posterior.temperature=1 seed=0 optimization.learning_rate=0.0003 dataset=spiked_linear dataset.n_train=4 dataset.n_features=500 posterior.num_squash_vectors=16
Config:
posterior:
  type: sbvi
  weight_variance_init: 1
  bias_variance_init: 1
  num_samples: 1
  temperature: 1
  posterior_exponentiation: tempered
  num_squash_vectors: 16
dataset:
  type: regression
  label: spiked_linear
  n_train: 4
  n_test: 200
  rank: 1
  n_features: 500
  noise_std: 0.1
  ood_input_variance:
  - 1.0
seed: 0
optimization:
  learning_rate: 0.0003
  batch_size: 2056
  epochs: 30000
model:
  type: mlp
  hidden_layers:
  - 64
  - 64
  prior_std: 0.33
  ff: None
  ff_amplitudes: false

Using device: cuda
0
OOD log likelihood with variance 1.0: -11467355.0
100
200
300
400
500
600
700
800
900
1000
1100
1200
1300
1400
1500
1600
1700
1800
1900
2000
2100
2200
2300
2400
2500
2600
2700
2800
2900
3000
3100
3200
3300
3400
3500
3600
3700
3800
3900
4000
4100
4200
4300
4400
4500
4600
4700
4800
4900
5000
5100
5200
5300
5400
5500
5600
5700
5800
5900
6000
6100
6200
6300
6400
6500
6600
6700
6800
6900
7000
7100
7200
7300
7400
7500
7600
7700
7800
7900
8000
8100
8200
8300
8400
8500
8600
8700
8800
8900
9000
9100
9200
9300
9400
9500
9600
9700
9800
9900
10000
OOD log likelihood with variance 1.0: -6793.6943359375
10100
10200
10300
10400
10500
10600
10700
10800
10900
11000
11100
11200
11300
11400
11500
11600
11700
11800
11900
12000
12100
12200
12300
12400
12500
12600
12700
12800
12900
13000
13100
13200
13300
13400
13500
13600
13700
13800
13900
14000
14100
14200
14300
14400
14500
14600
14700
14800
14900
15000
15100
15200
15300
15400
15500
15600
15700
15800
15900
16000
16100
16200
16300
16400
16500
16600
16700
16800
16900
17000
17100
17200
17300
17400
17500
17600
17700
17800
17900
18000
18100
18200
18300
18400
18500
18600
18700
18800
18900
19000
19100
19200
19300
19400
19500
19600
19700
19800
19900
20000
OOD log likelihood with variance 1.0: -6783.197265625
20100
20200
20300
20400
20500
20600
20700
20800
20900
21000
21100
21200
21300
21400
21500
21600
21700
21800
21900
22000
22100
22200
22300
22400
22500
22600
22700
22800
22900
23000
23100
23200
23300
23400
23500
23600
23700
23800
23900
24000
24100
24200
24300
24400
24500
24600
24700
24800
24900
25000
25100
25200
25300
25400
25500
25600
25700
25800
25900
26000
26100
26200
26300
26400
26500
26600
26700
26800
26900
27000
27100
27200
27300
27400
27500
27600
27700
27800
27900
28000
28100
28200
28300
28400
28500
28600
28700
28800
28900
29000
29100
29200
29300
29400
29500
29600
29700
29800
29900
OOD log likelihood with variance 1.0: -927.8226318359375
[2025-11-16 19:11:45,342][HYDRA] 	#6 : posterior=sbvi posterior.num_samples=1 optimization.epochs=30000 posterior.temperature=1 seed=0 optimization.learning_rate=0.0003 dataset=spiked_linear dataset.n_train=4 dataset.n_features=10000 posterior.num_squash_vectors=1
Config:
posterior:
  type: sbvi
  weight_variance_init: 1
  bias_variance_init: 1
  num_samples: 1
  temperature: 1
  posterior_exponentiation: tempered
  num_squash_vectors: 1
dataset:
  type: regression
  label: spiked_linear
  n_train: 4
  n_test: 200
  rank: 1
  n_features: 10000
  noise_std: 0.1
  ood_input_variance:
  - 1.0
seed: 0
optimization:
  learning_rate: 0.0003
  batch_size: 2056
  epochs: 30000
model:
  type: mlp
  hidden_layers:
  - 64
  - 64
  prior_std: 0.33
  ff: None
  ff_amplitudes: false

Using device: cuda
0
OOD log likelihood with variance 1.0: -9102092.0
100
200
300
400
500
600
700
800
900
1000
1100
1200
1300
1400
1500
1600
1700
1800
1900
2000
2100
2200
2300
2400
2500
2600
2700
2800
2900
3000
3100
3200
3300
3400
3500
3600
3700
3800
3900
4000
4100
4200
4300
4400
4500
4600
4700
4800
4900
5000
5100
5200
5300
5400
5500
5600
5700
5800
5900
6000
6100
6200
6300
6400
6500
6600
6700
6800
6900
7000
7100
7200
7300
7400
7500
7600
7700
7800
7900
8000
8100
8200
8300
8400
8500
8600
8700
8800
8900
9000
9100
9200
9300
9400
9500
9600
9700
9800
9900
10000
OOD log likelihood with variance 1.0: -4127.1396484375
10100
10200
10300
10400
10500
10600
10700
10800
10900
11000
11100
11200
11300
11400
11500
11600
11700
11800
11900
12000
12100
12200
12300
12400
12500
12600
12700
12800
12900
13000
13100
13200
13300
13400
13500
13600
13700
13800
13900
14000
14100
14200
14300
14400
14500
14600
14700
14800
14900
15000
15100
15200
15300
15400
15500
15600
15700
15800
15900
16000
16100
16200
16300
16400
16500
16600
16700
16800
16900
17000
17100
17200
17300
17400
17500
17600
17700
17800
17900
18000
18100
18200
18300
18400
18500
18600
18700
18800
18900
19000
19100
19200
19300
19400
19500
19600
19700
19800
19900
20000
OOD log likelihood with variance 1.0: -1157.2373046875
20100
20200
20300
20400
20500
20600
20700
20800
20900
21000
21100
21200
21300
21400
21500
21600
21700
21800
21900
22000
22100
22200
22300
22400
22500
22600
22700
22800
22900
23000
23100
23200
23300
23400
23500
23600
23700
23800
23900
24000
24100
24200
24300
24400
24500
24600
24700
24800
24900
25000
25100
25200
25300
25400
25500
25600
25700
25800
25900
26000
26100
26200
26300
26400
26500
26600
26700
26800
26900
27000
27100
27200
27300
27400
27500
27600
27700
27800
27900
28000
28100
28200
28300
28400
28500
28600
28700
28800
28900
29000
29100
29200
29300
29400
29500
29600
29700
29800
29900
OOD log likelihood with variance 1.0: -4732.7587890625
[2025-11-16 19:20:47,794][HYDRA] 	#7 : posterior=sbvi posterior.num_samples=1 optimization.epochs=30000 posterior.temperature=1 seed=0 optimization.learning_rate=0.0003 dataset=spiked_linear dataset.n_train=4 dataset.n_features=10000 posterior.num_squash_vectors=4
Config:
posterior:
  type: sbvi
  weight_variance_init: 1
  bias_variance_init: 1
  num_samples: 1
  temperature: 1
  posterior_exponentiation: tempered
  num_squash_vectors: 4
dataset:
  type: regression
  label: spiked_linear
  n_train: 4
  n_test: 200
  rank: 1
  n_features: 10000
  noise_std: 0.1
  ood_input_variance:
  - 1.0
seed: 0
optimization:
  learning_rate: 0.0003
  batch_size: 2056
  epochs: 30000
model:
  type: mlp
  hidden_layers:
  - 64
  - 64
  prior_std: 0.33
  ff: None
  ff_amplitudes: false

Using device: cuda
0
OOD log likelihood with variance 1.0: -746993.25
100
200
300
400
500
600
700
800
900
1000
1100
1200
1300
1400
1500
1600
1700
1800
1900
2000
2100
2200
2300
2400
2500
2600
2700
2800
2900
3000
3100
3200
3300
3400
3500
3600
3700
3800
3900
4000
4100
4200
4300
4400
4500
4600
4700
4800
4900
5000
5100
5200
5300
5400
5500
5600
5700
5800
5900
6000
6100
6200
6300
6400
6500
6600
6700
6800
6900
7000
7100
7200
7300
7400
7500
7600
7700
7800
7900
8000
8100
8200
8300
8400
8500
8600
8700
8800
8900
9000
9100
9200
9300
9400
9500
9600
9700
9800
9900
10000
OOD log likelihood with variance 1.0: -2570.2421875
10100
10200
10300
10400
10500
10600
10700
10800
10900
11000
11100
11200
11300
11400
11500
11600
11700
11800
11900
12000
12100
12200
12300
12400
12500
12600
12700
12800
12900
13000
13100
13200
13300
13400
13500
13600
13700
13800
13900
14000
14100
14200
14300
14400
14500
14600
14700
14800
14900
15000
15100
15200
15300
15400
15500
15600
15700
15800
15900
16000
16100
16200
16300
16400
16500
16600
16700
16800
16900
17000
17100
17200
17300
17400
17500
17600
17700
17800
17900
18000
18100
18200
18300
18400
18500
18600
18700
18800
18900
19000
19100
19200
19300
19400
19500
19600
19700
19800
19900
20000
OOD log likelihood with variance 1.0: -3091.65625
20100
20200
20300
20400
20500
20600
20700
20800
20900
21000
21100
21200
21300
21400
21500
21600
21700
21800
21900
22000
22100
22200
22300
22400
22500
22600
22700
22800
22900
23000
23100
23200
23300
23400
23500
23600
23700
23800
23900
24000
24100
24200
24300
24400
24500
24600
24700
24800
24900
25000
25100
25200
25300
25400
25500
25600
25700
25800
25900
26000
26100
26200
26300
26400
26500
26600
26700
26800
26900
27000
27100
27200
27300
27400
27500
27600
27700
27800
27900
28000
28100
28200
28300
28400
28500
28600
28700
28800
28900
29000
29100
29200
29300
29400
29500
29600
29700
29800
29900
OOD log likelihood with variance 1.0: -34017.04296875
[2025-11-16 19:29:57,727][HYDRA] 	#8 : posterior=sbvi posterior.num_samples=1 optimization.epochs=30000 posterior.temperature=1 seed=0 optimization.learning_rate=0.0003 dataset=spiked_linear dataset.n_train=4 dataset.n_features=10000 posterior.num_squash_vectors=16
Config:
posterior:
  type: sbvi
  weight_variance_init: 1
  bias_variance_init: 1
  num_samples: 1
  temperature: 1
  posterior_exponentiation: tempered
  num_squash_vectors: 16
dataset:
  type: regression
  label: spiked_linear
  n_train: 4
  n_test: 200
  rank: 1
  n_features: 10000
  noise_std: 0.1
  ood_input_variance:
  - 1.0
seed: 0
optimization:
  learning_rate: 0.0003
  batch_size: 2056
  epochs: 30000
model:
  type: mlp
  hidden_layers:
  - 64
  - 64
  prior_std: 0.33
  ff: None
  ff_amplitudes: false

Using device: cuda
0
[2025-11-16 19:30:04,583][HYDRA] 	#9 : posterior=sbvi posterior.num_samples=1 optimization.epochs=30000 posterior.temperature=1 seed=0 optimization.learning_rate=0.0003 dataset=spiked_linear dataset.n_train=64 dataset.n_features=1 posterior.num_squash_vectors=1
Config:
posterior:
  type: sbvi
  weight_variance_init: 1
  bias_variance_init: 1
  num_samples: 1
  temperature: 1
  posterior_exponentiation: tempered
  num_squash_vectors: 1
dataset:
  type: regression
  label: spiked_linear
  n_train: 64
  n_test: 200
  rank: 1
  n_features: 1
  noise_std: 0.1
  ood_input_variance:
  - 1.0
seed: 0
optimization:
  learning_rate: 0.0003
  batch_size: 2056
  epochs: 30000
model:
  type: mlp
  hidden_layers:
  - 64
  - 64
  prior_std: 0.33
  ff: None
  ff_amplitudes: false

Using device: cuda
0
OOD log likelihood with variance 1.0: -100109.8203125
100
200
300
400
500
600
700
800
900
1000
1100
1200
1300
1400
1500
1600
1700
1800
1900
2000
2100
2200
2300
2400
2500
2600
2700
2800
2900
3000
3100
3200
3300
3400
3500
3600
3700
3800
3900
4000
4100
4200
4300
4400
4500
4600
4700
4800
4900
5000
5100
5200
5300
5400
5500
5600
5700
5800
5900
6000
6100
6200
6300
6400
6500
6600
6700
6800
6900
7000
7100
7200
7300
7400
7500
7600
7700
7800
7900
8000
8100
8200
8300
8400
8500
8600
8700
8800
8900
9000
9100
9200
9300
9400
9500
9600
9700
9800
9900
10000
OOD log likelihood with variance 1.0: -7.869051456451416
10100
10200
10300
10400
10500
10600
10700
10800
10900
11000
11100
11200
11300
11400
11500
11600
11700
11800
11900
12000
12100
12200
12300
12400
12500
12600
12700
12800
12900
13000
13100
13200
13300
13400
13500
13600
13700
13800
13900
14000
14100
14200
14300
14400
14500
14600
14700
14800
14900
15000
15100
15200
15300
15400
15500
15600
15700
15800
15900
16000
16100
16200
16300
16400
16500
16600
16700
16800
16900
17000
17100
17200
17300
17400
17500
17600
17700
17800
17900
18000
18100
18200
18300
18400
18500
18600
18700
18800
18900
19000
19100
19200
19300
19400
19500
19600
19700
19800
19900
20000
OOD log likelihood with variance 1.0: -1.9549612998962402
20100
20200
20300
20400
20500
20600
20700
20800
20900
21000
21100
21200
21300
21400
21500
21600
21700
21800
21900
22000
22100
22200
22300
22400
22500
22600
22700
22800
22900
23000
23100
23200
23300
23400
23500
23600
23700
23800
23900
24000
24100
24200
24300
24400
24500
24600
24700
24800
24900
25000
25100
25200
25300
25400
25500
25600
25700
25800
25900
26000
26100
26200
26300
26400
26500
26600
26700
26800
26900
27000
27100
27200
27300
27400
27500
27600
27700
27800
27900
28000
28100
28200
28300
28400
28500
28600
28700
28800
28900
29000
29100
29200
29300
29400
29500
29600
29700
29800
29900
OOD log likelihood with variance 1.0: -2.1129820346832275
[2025-11-16 19:35:43,089][HYDRA] 	#10 : posterior=sbvi posterior.num_samples=1 optimization.epochs=30000 posterior.temperature=1 seed=0 optimization.learning_rate=0.0003 dataset=spiked_linear dataset.n_train=64 dataset.n_features=1 posterior.num_squash_vectors=4
Config:
posterior:
  type: sbvi
  weight_variance_init: 1
  bias_variance_init: 1
  num_samples: 1
  temperature: 1
  posterior_exponentiation: tempered
  num_squash_vectors: 4
dataset:
  type: regression
  label: spiked_linear
  n_train: 64
  n_test: 200
  rank: 1
  n_features: 1
  noise_std: 0.1
  ood_input_variance:
  - 1.0
seed: 0
optimization:
  learning_rate: 0.0003
  batch_size: 2056
  epochs: 30000
model:
  type: mlp
  hidden_layers:
  - 64
  - 64
  prior_std: 0.33
  ff: None
  ff_amplitudes: false

Using device: cuda
0
OOD log likelihood with variance 1.0: -45767.8515625
100
200
300
400
500
600
700
800
900
1000
1100
1200
1300
1400
1500
1600
1700
1800
1900
2000
2100
2200
2300
2400
2500
2600
2700
2800
2900
3000
3100
3200
3300
3400
3500
3600
3700
3800
3900
4000
4100
4200
4300
4400
4500
4600
4700
4800
4900
5000
5100
5200
5300
5400
5500
5600
5700
5800
5900
6000
6100
6200
6300
6400
6500
6600
6700
6800
6900
7000
7100
7200
7300
7400
7500
7600
7700
7800
7900
8000
8100
8200
8300
8400
8500
8600
8700
8800
8900
9000
9100
9200
9300
9400
9500
9600
9700
9800
9900
10000
OOD log likelihood with variance 1.0: -1.183685064315796
10100
10200
10300
10400
10500
10600
10700
10800
10900
11000
11100
11200
11300
11400
11500
11600
11700
11800
11900
12000
12100
12200
12300
12400
12500
12600
12700
12800
12900
13000
13100
13200
13300
13400
13500
13600
13700
13800
13900
14000
14100
14200
14300
14400
14500
14600
14700
14800
14900
15000
15100
15200
15300
15400
15500
15600
15700
15800
15900
16000
16100
16200
16300
16400
16500
16600
16700
16800
16900
17000
17100
17200
17300
17400
17500
17600
17700
17800
17900
18000
18100
18200
18300
18400
18500
18600
18700
18800
18900
19000
19100
19200
19300
19400
19500
19600
19700
19800
19900
20000
OOD log likelihood with variance 1.0: -0.13977350294589996
20100
20200
20300
20400
20500
20600
20700
20800
20900
21000
21100
21200
21300
21400
21500
21600
21700
21800
21900
22000
22100
22200
22300
22400
22500
22600
22700
22800
22900
23000
23100
23200
23300
23400
23500
23600
23700
23800
23900
24000
24100
24200
24300
24400
24500
24600
24700
24800
24900
25000
25100
25200
25300
25400
25500
25600
25700
25800
25900
26000
26100
26200
26300
26400
26500
26600
26700
26800
26900
27000
27100
27200
27300
27400
27500
27600
27700
27800
27900
28000
28100
28200
28300
28400
28500
28600
28700
28800
28900
29000
29100
29200
29300
29400
29500
29600
29700
29800
29900
OOD log likelihood with variance 1.0: -0.2508162558078766
[2025-11-16 19:41:27,412][HYDRA] 	#11 : posterior=sbvi posterior.num_samples=1 optimization.epochs=30000 posterior.temperature=1 seed=0 optimization.learning_rate=0.0003 dataset=spiked_linear dataset.n_train=64 dataset.n_features=1 posterior.num_squash_vectors=16
Config:
posterior:
  type: sbvi
  weight_variance_init: 1
  bias_variance_init: 1
  num_samples: 1
  temperature: 1
  posterior_exponentiation: tempered
  num_squash_vectors: 16
dataset:
  type: regression
  label: spiked_linear
  n_train: 64
  n_test: 200
  rank: 1
  n_features: 1
  noise_std: 0.1
  ood_input_variance:
  - 1.0
seed: 0
optimization:
  learning_rate: 0.0003
  batch_size: 2056
  epochs: 30000
model:
  type: mlp
  hidden_layers:
  - 64
  - 64
  prior_std: 0.33
  ff: None
  ff_amplitudes: false

Using device: cuda
0
OOD log likelihood with variance 1.0: -67132.375
100
200
300
400
500
600
700
800
900
1000
1100
1200
1300
1400
1500
1600
1700
1800
1900
2000
2100
2200
2300
2400
2500
2600
2700
2800
2900
3000
3100
3200
3300
3400
3500
3600
3700
3800
3900
4000
4100
4200
4300
4400
4500
4600
4700
4800
4900
5000
5100
5200
5300
5400
5500
5600
5700
5800
5900
6000
6100
6200
6300
6400
6500
6600
6700
6800
6900
7000
7100
7200
7300
7400
7500
7600
7700
7800
7900
8000
8100
8200
8300
8400
8500
8600
8700
8800
8900
9000
9100
9200
9300
9400
9500
9600
9700
9800
9900
10000
OOD log likelihood with variance 1.0: -13.317981719970703
10100
10200
10300
10400
10500
10600
10700
10800
10900
11000
11100
11200
11300
11400
11500
11600
11700
11800
11900
12000
12100
12200
12300
12400
12500
12600
12700
12800
12900
13000
13100
13200
13300
13400
13500
13600
13700
13800
13900
14000
14100
14200
14300
14400
14500
14600
14700
14800
14900
15000
15100
15200
15300
15400
15500
15600
15700
15800
15900
16000
16100
16200
16300
16400
16500
16600
16700
16800
16900
17000
17100
17200
17300
17400
17500
17600
17700
17800
17900
18000
18100
18200
18300
18400
18500
18600
18700
18800
18900
19000
19100
19200
19300
19400
19500
19600
19700
19800
19900
20000
OOD log likelihood with variance 1.0: -6.979197978973389
20100
20200
20300
20400
20500
20600
20700
20800
20900
21000
21100
21200
21300
21400
21500
21600
21700
21800
21900
22000
22100
22200
22300
22400
22500
22600
22700
22800
22900
23000
23100
23200
23300
23400
23500
23600
23700
23800
23900
24000
24100
24200
24300
24400
24500
24600
24700
24800
24900
25000
25100
25200
25300
25400
25500
25600
25700
25800
25900
26000
26100
26200
26300
26400
26500
26600
26700
26800
26900
27000
27100
27200
27300
27400
27500
27600
27700
27800
27900
28000
28100
28200
28300
28400
28500
28600
28700
28800
28900
29000
29100
29200
29300
29400
29500
29600
29700
29800
29900
OOD log likelihood with variance 1.0: -5.171303749084473
[2025-11-16 19:47:16,441][HYDRA] 	#12 : posterior=sbvi posterior.num_samples=1 optimization.epochs=30000 posterior.temperature=1 seed=0 optimization.learning_rate=0.0003 dataset=spiked_linear dataset.n_train=64 dataset.n_features=500 posterior.num_squash_vectors=1
Config:
posterior:
  type: sbvi
  weight_variance_init: 1
  bias_variance_init: 1
  num_samples: 1
  temperature: 1
  posterior_exponentiation: tempered
  num_squash_vectors: 1
dataset:
  type: regression
  label: spiked_linear
  n_train: 64
  n_test: 200
  rank: 1
  n_features: 500
  noise_std: 0.1
  ood_input_variance:
  - 1.0
seed: 0
optimization:
  learning_rate: 0.0003
  batch_size: 2056
  epochs: 30000
model:
  type: mlp
  hidden_layers:
  - 64
  - 64
  prior_std: 0.33
  ff: None
  ff_amplitudes: false

Using device: cuda
0
OOD log likelihood with variance 1.0: -29154366.0
100
200
300
400
500
600
700
800
900
1000
1100
1200
1300
1400
1500
1600
1700
1800
1900
2000
2100
2200
2300
2400
2500
2600
2700
2800
2900
3000
3100
3200
3300
3400
3500
3600
3700
3800
3900
4000
4100
4200
4300
4400
4500
4600
4700
4800
4900
5000
5100
5200
5300
5400
5500
5600
5700
5800
5900
6000
6100
6200
6300
6400
6500
6600
6700
6800
6900
7000
7100
7200
7300
7400
7500
7600
7700
7800
7900
8000
8100
8200
8300
8400
8500
8600
8700
8800
8900
9000
9100
9200
9300
9400
9500
9600
9700
9800
9900
10000
OOD log likelihood with variance 1.0: -136.92153930664062
10100
10200
10300
10400
10500
10600
10700
10800
10900
11000
11100
11200
11300
11400
11500
11600
11700
11800
11900
12000
12100
12200
12300
12400
12500
12600
12700
12800
12900
13000
13100
13200
13300
13400
13500
13600
13700
13800
13900
14000
14100
14200
14300
14400
14500
14600
14700
14800
14900
15000
15100
15200
15300
15400
15500
15600
15700
15800
15900
16000
16100
16200
16300
16400
16500
16600
16700
16800
16900
17000
17100
17200
17300
17400
17500
17600
17700
17800
17900
18000
18100
18200
18300
18400
18500
18600
18700
18800
18900
19000
19100
19200
19300
19400
19500
19600
19700
19800
19900
20000
OOD log likelihood with variance 1.0: -1263.325439453125
20100
20200
20300
20400
20500
20600
20700
20800
20900
21000
21100
21200
21300
21400
21500
21600
21700
21800
21900
22000
22100
22200
22300
22400
22500
22600
22700
22800
22900
23000
23100
23200
23300
23400
23500
23600
23700
23800
23900
24000
24100
24200
24300
24400
24500
24600
24700
24800
24900
25000
25100
25200
25300
25400
25500
25600
25700
25800
25900
26000
26100
26200
26300
26400
26500
26600
26700
26800
26900
27000
27100
27200
27300
27400
27500
27600
27700
27800
27900
28000
28100
28200
28300
28400
28500
28600
28700
28800
28900
29000
29100
29200
29300
29400
29500
29600
29700
29800
29900
OOD log likelihood with variance 1.0: -26.663650512695312
[2025-11-16 19:53:05,813][HYDRA] 	#13 : posterior=sbvi posterior.num_samples=1 optimization.epochs=30000 posterior.temperature=1 seed=0 optimization.learning_rate=0.0003 dataset=spiked_linear dataset.n_train=64 dataset.n_features=500 posterior.num_squash_vectors=4
Config:
posterior:
  type: sbvi
  weight_variance_init: 1
  bias_variance_init: 1
  num_samples: 1
  temperature: 1
  posterior_exponentiation: tempered
  num_squash_vectors: 4
dataset:
  type: regression
  label: spiked_linear
  n_train: 64
  n_test: 200
  rank: 1
  n_features: 500
  noise_std: 0.1
  ood_input_variance:
  - 1.0
seed: 0
optimization:
  learning_rate: 0.0003
  batch_size: 2056
  epochs: 30000
model:
  type: mlp
  hidden_layers:
  - 64
  - 64
  prior_std: 0.33
  ff: None
  ff_amplitudes: false

Using device: cuda
0
OOD log likelihood with variance 1.0: -19689280.0
100
200
300
400
500
600
700
800
900
1000
1100
1200
1300
1400
1500
1600
1700
1800
1900
2000
2100
2200
2300
2400
2500
2600
2700
2800
2900
3000
3100
3200
3300
3400
3500
3600
3700
3800
3900
4000
4100
4200
4300
4400
4500
4600
4700
4800
4900
5000
5100
5200
5300
5400
5500
5600
5700
5800
5900
6000
6100
6200
6300
6400
6500
6600
6700
6800
6900
7000
7100
7200
7300
7400
7500
7600
7700
7800
7900
8000
8100
8200
8300
8400
8500
8600
8700
8800
8900
9000
9100
9200
9300
9400
9500
9600
9700
9800
9900
10000
OOD log likelihood with variance 1.0: -166.87411499023438
10100
10200
10300
10400
10500
10600
10700
10800
10900
11000
11100
11200
11300
11400
11500
11600
11700
11800
11900
12000
12100
12200
12300
12400
12500
12600
12700
12800
12900
13000
13100
13200
13300
13400
13500
13600
13700
13800
13900
14000
14100
14200
14300
14400
14500
14600
14700
14800
14900
15000
15100
15200
15300
15400
15500
15600
15700
15800
15900
16000
16100
16200
16300
16400
16500
16600
16700
16800
16900
17000
17100
17200
17300
17400
17500
17600
17700
17800
17900
18000
18100
18200
18300
18400
18500
18600
18700
18800
18900
19000
19100
19200
19300
19400
19500
19600
19700
19800
19900
20000
OOD log likelihood with variance 1.0: -244.01181030273438
20100
20200
20300
20400
20500
20600
20700
20800
20900
21000
21100
21200
21300
21400
21500
21600
21700
21800
21900
22000
22100
22200
22300
22400
22500
22600
22700
22800
22900
23000
23100
23200
23300
23400
23500
23600
23700
23800
23900
24000
24100
24200
24300
24400
24500
24600
24700
24800
24900
25000
25100
25200
25300
25400
25500
25600
25700
25800
25900
26000
26100
26200
26300
26400
26500
26600
26700
26800
26900
27000
27100
27200
27300
27400
27500
27600
27700
27800
27900
28000
28100
28200
28300
28400
28500
28600
28700
28800
28900
29000
29100
29200
29300
29400
29500
29600
29700
29800
29900
OOD log likelihood with variance 1.0: -1055.21142578125
[2025-11-16 19:59:02,003][HYDRA] 	#14 : posterior=sbvi posterior.num_samples=1 optimization.epochs=30000 posterior.temperature=1 seed=0 optimization.learning_rate=0.0003 dataset=spiked_linear dataset.n_train=64 dataset.n_features=500 posterior.num_squash_vectors=16
Config:
posterior:
  type: sbvi
  weight_variance_init: 1
  bias_variance_init: 1
  num_samples: 1
  temperature: 1
  posterior_exponentiation: tempered
  num_squash_vectors: 16
dataset:
  type: regression
  label: spiked_linear
  n_train: 64
  n_test: 200
  rank: 1
  n_features: 500
  noise_std: 0.1
  ood_input_variance:
  - 1.0
seed: 0
optimization:
  learning_rate: 0.0003
  batch_size: 2056
  epochs: 30000
model:
  type: mlp
  hidden_layers:
  - 64
  - 64
  prior_std: 0.33
  ff: None
  ff_amplitudes: false

Using device: cuda
0
OOD log likelihood with variance 1.0: -5045460.0
100
200
300
400
500
600
700
800
900
1000
1100
1200
1300
1400
1500
1600
1700
1800
1900
2000
2100
2200
2300
2400
2500
2600
2700
2800
2900
3000
3100
3200
3300
3400
3500
3600
3700
3800
3900
4000
4100
4200
4300
4400
4500
4600
4700
4800
4900
5000
5100
5200
5300
5400
5500
5600
5700
5800
5900
6000
6100
6200
6300
6400
6500
6600
6700
6800
6900
7000
7100
7200
7300
7400
7500
7600
7700
7800
7900
8000
8100
8200
8300
8400
8500
8600
8700
8800
8900
9000
9100
9200
9300
9400
9500
9600
9700
9800
9900
10000
OOD log likelihood with variance 1.0: -1189.408203125
10100
10200
10300
10400
10500
10600
10700
10800
10900
11000
11100
11200
11300
11400
11500
11600
11700
11800
11900
12000
12100
12200
12300
12400
12500
12600
12700
12800
12900
13000
13100
13200
13300
13400
13500
13600
13700
13800
13900
14000
14100
14200
14300
14400
14500
14600
14700
14800
14900
15000
15100
15200
15300
15400
15500
15600
15700
15800
15900
16000
16100
16200
16300
16400
16500
16600
16700
16800
16900
17000
17100
17200
17300
17400
17500
17600
17700
17800
17900
18000
18100
18200
18300
18400
18500
18600
18700
18800
18900
19000
19100
19200
19300
19400
19500
19600
19700
19800
19900
20000
OOD log likelihood with variance 1.0: -214.18170166015625
20100
20200
20300
20400
20500
20600
20700
20800
20900
21000
21100
21200
21300
21400
21500
21600
21700
21800
21900
22000
22100
22200
22300
22400
22500
22600
22700
22800
22900
23000
23100
23200
23300
23400
23500
23600
23700
23800
23900
24000
24100
24200
24300
24400
24500
24600
24700
24800
24900
25000
25100
25200
25300
25400
25500
25600
25700
25800
25900
26000
26100
26200
26300
26400
26500
26600
26700
26800
26900
27000
27100
27200
27300
27400
27500
27600
27700
27800
27900
28000
28100
28200
28300
28400
28500
28600
28700
28800
28900
29000
29100
29200
29300
29400
29500
29600
29700
29800
29900
OOD log likelihood with variance 1.0: -69.49822235107422
[2025-11-16 20:05:08,214][HYDRA] 	#15 : posterior=sbvi posterior.num_samples=1 optimization.epochs=30000 posterior.temperature=1 seed=0 optimization.learning_rate=0.0003 dataset=spiked_linear dataset.n_train=64 dataset.n_features=10000 posterior.num_squash_vectors=1
Config:
posterior:
  type: sbvi
  weight_variance_init: 1
  bias_variance_init: 1
  num_samples: 1
  temperature: 1
  posterior_exponentiation: tempered
  num_squash_vectors: 1
dataset:
  type: regression
  label: spiked_linear
  n_train: 64
  n_test: 200
  rank: 1
  n_features: 10000
  noise_std: 0.1
  ood_input_variance:
  - 1.0
seed: 0
optimization:
  learning_rate: 0.0003
  batch_size: 2056
  epochs: 30000
model:
  type: mlp
  hidden_layers:
  - 64
  - 64
  prior_std: 0.33
  ff: None
  ff_amplitudes: false

Using device: cuda
0
OOD log likelihood with variance 1.0: -17090632.0
100
200
300
400
500
600
700
800
900
1000
1100
1200
1300
1400
1500
1600
1700
1800
1900
2000
2100
2200
2300
2400
2500
2600
2700
2800
2900
3000
3100
3200
3300
3400
3500
3600
3700
3800
3900
4000
4100
4200
4300
4400
4500
4600
4700
4800
4900
5000
5100
5200
5300
5400
5500
5600
5700
5800
5900
6000
6100
6200
6300
6400
6500
6600
6700
6800
6900
7000
7100
7200
7300
7400
7500
7600
7700
7800
7900
8000
8100
8200
8300
8400
8500
8600
8700
8800
8900
9000
9100
9200
9300
9400
9500
9600
9700
9800
9900
10000
OOD log likelihood with variance 1.0: -8231.8046875
10100
10200
10300
10400
10500
10600
10700
10800
10900
11000
11100
11200
11300
11400
11500
11600
11700
11800
11900
12000
12100
12200
12300
12400
12500
12600
12700
12800
12900
13000
13100
13200
13300
13400
13500
13600
13700
13800
13900
14000
14100
14200
14300
14400
14500
14600
14700
14800
14900
15000
15100
15200
15300
15400
15500
15600
15700
15800
15900
16000
16100
16200
16300
16400
16500
16600
16700
16800
16900
17000
17100
17200
17300
17400
17500
17600
17700
17800
17900
18000
18100
18200
18300
18400
18500
18600
18700
18800
18900
19000
19100
19200
19300
19400
19500
19600
19700
19800
19900
20000
OOD log likelihood with variance 1.0: -10981.23046875
20100
20200
20300
20400
20500
20600
20700
20800
20900
21000
21100
21200
21300
21400
21500
21600
21700
21800
21900
22000
22100
22200
22300
22400
22500
22600
22700
22800
22900
23000
23100
23200
23300
23400
23500
23600
23700
23800
23900
24000
24100
24200
24300
24400
24500
24600
24700
24800
24900
25000
25100
25200
25300
25400
25500
25600
25700
25800
25900
26000
26100
26200
26300
26400
26500
26600
26700
26800
26900
27000
27100
27200
27300
27400
27500
27600
27700
27800
27900
28000
28100
28200
28300
28400
28500
28600
28700
28800
28900
29000
29100
29200
29300
29400
29500
29600
29700
29800
29900
OOD log likelihood with variance 1.0: -20422.138671875
[2025-11-16 20:14:50,377][HYDRA] 	#16 : posterior=sbvi posterior.num_samples=1 optimization.epochs=30000 posterior.temperature=1 seed=0 optimization.learning_rate=0.0003 dataset=spiked_linear dataset.n_train=64 dataset.n_features=10000 posterior.num_squash_vectors=4
Config:
posterior:
  type: sbvi
  weight_variance_init: 1
  bias_variance_init: 1
  num_samples: 1
  temperature: 1
  posterior_exponentiation: tempered
  num_squash_vectors: 4
dataset:
  type: regression
  label: spiked_linear
  n_train: 64
  n_test: 200
  rank: 1
  n_features: 10000
  noise_std: 0.1
  ood_input_variance:
  - 1.0
seed: 0
optimization:
  learning_rate: 0.0003
  batch_size: 2056
  epochs: 30000
model:
  type: mlp
  hidden_layers:
  - 64
  - 64
  prior_std: 0.33
  ff: None
  ff_amplitudes: false

Using device: cuda
0
OOD log likelihood with variance 1.0: -41096424.0
100
200
300
400
500
600
700
800
900
1000
1100
1200
1300
1400
1500
1600
1700
1800
1900
2000
2100
2200
2300
2400
2500
2600
2700
2800
2900
3000
3100
3200
3300
3400
3500
3600
3700
3800
3900
4000
4100
4200
4300
4400
4500
4600
4700
4800
4900
5000
5100
5200
5300
5400
5500
5600
5700
5800
5900
6000
6100
6200
6300
6400
6500
6600
6700
6800
6900
7000
7100
7200
7300
7400
7500
7600
7700
7800
7900
8000
8100
8200
8300
8400
8500
8600
8700
8800
8900
9000
9100
9200
9300
9400
9500
9600
9700
9800
9900
10000
OOD log likelihood with variance 1.0: -27088.08984375
10100
10200
10300
10400
10500
10600
10700
10800
10900
11000
11100
11200
11300
11400
11500
11600
11700
11800
11900
12000
12100
12200
12300
12400
12500
12600
12700
12800
12900
13000
13100
13200
13300
13400
13500
13600
13700
13800
13900
14000
14100
14200
14300
14400
14500
14600
14700
14800
14900
15000
15100
15200
15300
15400
15500
15600
15700
15800
15900
16000
16100
16200
16300
16400
16500
16600
16700
16800
16900
17000
17100
17200
17300
17400
17500
17600
17700
17800
17900
18000
18100
18200
18300
18400
18500
18600
18700
18800
18900
19000
19100
19200
19300
19400
19500
19600
19700
19800
19900
20000
OOD log likelihood with variance 1.0: -1967.313232421875
20100
20200
20300
20400
20500
20600
20700
20800
20900
21000
21100
21200
21300
21400
21500
21600
21700
21800
21900
22000
22100
22200
22300
22400
22500
22600
22700
22800
22900
23000
23100
23200
23300
23400
23500
23600
23700
23800
23900
24000
24100
24200
24300
24400
24500
24600
24700
24800
24900
25000
25100
25200
25300
25400
25500
25600
25700
25800
25900
26000
26100
26200
26300
26400
26500
26600
26700
26800
26900
27000
27100
27200
27300
27400
27500
27600
27700
27800
27900
28000
28100
28200
28300
28400
28500
28600
28700
28800
28900
29000
29100
29200
29300
29400
29500
29600
29700
29800
29900
OOD log likelihood with variance 1.0: -227.61981201171875
[2025-11-16 20:24:45,086][HYDRA] 	#17 : posterior=sbvi posterior.num_samples=1 optimization.epochs=30000 posterior.temperature=1 seed=0 optimization.learning_rate=0.0003 dataset=spiked_linear dataset.n_train=64 dataset.n_features=10000 posterior.num_squash_vectors=16
Config:
posterior:
  type: sbvi
  weight_variance_init: 1
  bias_variance_init: 1
  num_samples: 1
  temperature: 1
  posterior_exponentiation: tempered
  num_squash_vectors: 16
dataset:
  type: regression
  label: spiked_linear
  n_train: 64
  n_test: 200
  rank: 1
  n_features: 10000
  noise_std: 0.1
  ood_input_variance:
  - 1.0
seed: 0
optimization:
  learning_rate: 0.0003
  batch_size: 2056
  epochs: 30000
model:
  type: mlp
  hidden_layers:
  - 64
  - 64
  prior_std: 0.33
  ff: None
  ff_amplitudes: false

Using device: cuda
0
[2025-11-16 20:24:50,657][HYDRA] 	#18 : posterior=sbvi posterior.num_samples=1 optimization.epochs=30000 posterior.temperature=1 seed=0 optimization.learning_rate=0.0003 dataset=spiked_linear dataset.n_train=512 dataset.n_features=1 posterior.num_squash_vectors=1
Config:
posterior:
  type: sbvi
  weight_variance_init: 1
  bias_variance_init: 1
  num_samples: 1
  temperature: 1
  posterior_exponentiation: tempered
  num_squash_vectors: 1
dataset:
  type: regression
  label: spiked_linear
  n_train: 512
  n_test: 200
  rank: 1
  n_features: 1
  noise_std: 0.1
  ood_input_variance:
  - 1.0
seed: 0
optimization:
  learning_rate: 0.0003
  batch_size: 2056
  epochs: 30000
model:
  type: mlp
  hidden_layers:
  - 64
  - 64
  prior_std: 0.33
  ff: None
  ff_amplitudes: false

Using device: cuda
0
OOD log likelihood with variance 1.0: -166127.96875
100
200
300
400
500
600
700
800
900
1000
1100
1200
1300
1400
1500
1600
1700
1800
1900
2000
2100
2200
2300
2400
2500
2600
2700
2800
2900
3000
3100
3200
3300
3400
3500
3600
3700
3800
3900
4000
4100
4200
4300
4400
4500
4600
4700
4800
4900
5000
5100
5200
5300
5400
5500
5600
5700
5800
5900
6000
6100
6200
6300
6400
6500
6600
6700
6800
6900
7000
7100
7200
7300
7400
7500
7600
7700
7800
7900
8000
8100
8200
8300
8400
8500
8600
8700
8800
8900
9000
9100
9200
9300
9400
9500
9600
9700
9800
9900
10000
OOD log likelihood with variance 1.0: 0.6446101665496826
10100
10200
10300
10400
10500
10600
10700
10800
10900
11000
11100
11200
11300
11400
11500
11600
11700
11800
11900
12000
12100
12200
12300
12400
12500
12600
12700
12800
12900
13000
13100
13200
13300
13400
13500
13600
13700
13800
13900
14000
14100
14200
14300
14400
14500
14600
14700
14800
14900
15000
15100
15200
15300
15400
15500
15600
15700
15800
15900
16000
16100
16200
16300
16400
16500
16600
16700
16800
16900
17000
17100
17200
17300
17400
17500
17600
17700
17800
17900
18000
18100
18200
18300
18400
18500
18600
18700
18800
18900
19000
19100
19200
19300
19400
19500
19600
19700
19800
19900
20000
OOD log likelihood with variance 1.0: 0.6433639526367188
20100
20200
20300
20400
20500
20600
20700
20800
20900
21000
21100
21200
21300
21400
21500
21600
21700
21800
21900
22000
22100
22200
22300
22400
22500
22600
22700
22800
22900
23000
23100
23200
23300
23400
23500
23600
23700
23800
23900
24000
24100
24200
24300
24400
24500
24600
24700
24800
24900
25000
25100
25200
25300
25400
25500
25600
25700
25800
25900
26000
26100
26200
26300
26400
26500
26600
26700
26800
26900
27000
27100
27200
27300
27400
27500
27600
27700
27800
27900
28000
28100
28200
28300
28400
28500
28600
28700
28800
28900
29000
29100
29200
29300
29400
29500
29600
29700
29800
29900
OOD log likelihood with variance 1.0: 0.1407795548439026
[2025-11-16 20:31:54,966][HYDRA] 	#19 : posterior=sbvi posterior.num_samples=1 optimization.epochs=30000 posterior.temperature=1 seed=0 optimization.learning_rate=0.0003 dataset=spiked_linear dataset.n_train=512 dataset.n_features=1 posterior.num_squash_vectors=4
Config:
posterior:
  type: sbvi
  weight_variance_init: 1
  bias_variance_init: 1
  num_samples: 1
  temperature: 1
  posterior_exponentiation: tempered
  num_squash_vectors: 4
dataset:
  type: regression
  label: spiked_linear
  n_train: 512
  n_test: 200
  rank: 1
  n_features: 1
  noise_std: 0.1
  ood_input_variance:
  - 1.0
seed: 0
optimization:
  learning_rate: 0.0003
  batch_size: 2056
  epochs: 30000
model:
  type: mlp
  hidden_layers:
  - 64
  - 64
  prior_std: 0.33
  ff: None
  ff_amplitudes: false

Using device: cuda
0
OOD log likelihood with variance 1.0: -41023.96875
100
200
300
400
500
600
700
800
900
1000
1100
1200
1300
1400
1500
1600
1700
1800
1900
2000
2100
2200
2300
2400
2500
2600
2700
2800
2900
3000
3100
3200
3300
3400
3500
3600
3700
3800
3900
4000
4100
4200
4300
4400
4500
4600
4700
4800
4900
5000
5100
5200
5300
5400
5500
5600
5700
5800
5900
6000
6100
6200
6300
6400
6500
6600
6700
6800
6900
7000
7100
7200
7300
7400
7500
7600
7700
7800
7900
8000
8100
8200
8300
8400
8500
8600
8700
8800
8900
9000
9100
9200
9300
9400
9500
9600
9700
9800
9900
10000
OOD log likelihood with variance 1.0: 0.6909036636352539
10100
10200
10300
10400
10500
10600
10700
10800
10900
11000
11100
11200
11300
11400
11500
11600
11700
11800
11900
12000
12100
12200
12300
12400
12500
12600
12700
12800
12900
13000
13100
13200
13300
13400
13500
13600
13700
13800
13900
14000
14100
14200
14300
14400
14500
14600
14700
14800
14900
15000
15100
15200
15300
15400
15500
15600
15700
15800
15900
16000
16100
16200
16300
16400
16500
16600
16700
16800
16900
17000
17100
17200
17300
17400
17500
17600
17700
17800
17900
18000
18100
18200
18300
18400
18500
18600
18700
18800
18900
19000
19100
19200
19300
19400
19500
19600
19700
19800
19900
20000
OOD log likelihood with variance 1.0: -2.4025630950927734
20100
20200
20300
20400
20500
20600
20700
20800
20900
21000
21100
21200
21300
21400
21500
21600
21700
21800
21900
22000
22100
22200
22300
22400
22500
22600
22700
22800
22900
23000
23100
23200
23300
23400
23500
23600
23700
23800
23900
24000
24100
24200
24300
24400
24500
24600
24700
24800
24900
25000
25100
25200
25300
25400
25500
25600
25700
25800
25900
26000
26100
26200
26300
26400
26500
26600
26700
26800
26900
27000
27100
27200
27300
27400
27500
27600
27700
27800
27900
28000
28100
28200
28300
28400
28500
28600
28700
28800
28900
29000
29100
29200
29300
29400
29500
29600
29700
29800
29900
OOD log likelihood with variance 1.0: -0.4082523584365845
[2025-11-16 20:39:08,120][HYDRA] 	#20 : posterior=sbvi posterior.num_samples=1 optimization.epochs=30000 posterior.temperature=1 seed=0 optimization.learning_rate=0.0003 dataset=spiked_linear dataset.n_train=512 dataset.n_features=1 posterior.num_squash_vectors=16
Config:
posterior:
  type: sbvi
  weight_variance_init: 1
  bias_variance_init: 1
  num_samples: 1
  temperature: 1
  posterior_exponentiation: tempered
  num_squash_vectors: 16
dataset:
  type: regression
  label: spiked_linear
  n_train: 512
  n_test: 200
  rank: 1
  n_features: 1
  noise_std: 0.1
  ood_input_variance:
  - 1.0
seed: 0
optimization:
  learning_rate: 0.0003
  batch_size: 2056
  epochs: 30000
model:
  type: mlp
  hidden_layers:
  - 64
  - 64
  prior_std: 0.33
  ff: None
  ff_amplitudes: false

Using device: cuda
0
OOD log likelihood with variance 1.0: -54515.05859375
100
200
300
400
500
600
700
800
900
1000
1100
1200
1300
1400
1500
1600
1700
1800
1900
2000
2100
2200
2300
2400
2500
2600
2700
2800
2900
3000
3100
3200
3300
3400
3500
3600
3700
3800
3900
4000
4100
4200
4300
4400
4500
4600
4700
4800
4900
5000
5100
5200
5300
5400
5500
5600
5700
5800
5900
6000
6100
6200
6300
6400
6500
6600
6700
6800
6900
7000
7100
7200
7300
7400
7500
7600
7700
7800
7900
8000
8100
8200
8300
8400
8500
8600
8700
8800
8900
9000
9100
9200
9300
9400
9500
9600
9700
9800
9900
10000
OOD log likelihood with variance 1.0: -4.650300979614258
10100
10200
10300
10400
10500
10600
10700
10800
10900
11000
11100
11200
11300
11400
11500
11600
11700
11800
11900
12000
12100
12200
12300
12400
12500
12600
12700
12800
12900
13000
13100
13200
13300
13400
13500
13600
13700
13800
13900
14000
14100
14200
14300
14400
14500
14600
14700
14800
14900
15000
15100
15200
15300
15400
15500
15600
15700
15800
15900
16000
16100
16200
16300
16400
16500
16600
16700
16800
16900
17000
17100
17200
17300
17400
17500
17600
17700
17800
17900
18000
18100
18200
18300
18400
18500
18600
18700
18800
18900
19000
19100
19200
19300
19400
19500
19600
19700
19800
19900
20000
OOD log likelihood with variance 1.0: -1.0959900617599487
20100
20200
20300
20400
20500
20600
20700
20800
20900
21000
21100
21200
21300
21400
21500
21600
21700
21800
21900
22000
22100
22200
22300
22400
22500
22600
22700
22800
22900
23000
23100
23200
23300
23400
23500
23600
23700
23800
23900
24000
24100
24200
24300
24400
24500
24600
24700
24800
24900
25000
25100
25200
25300
25400
25500
25600
25700
25800
25900
26000
26100
26200
26300
26400
26500
26600
26700
26800
26900
27000
27100
27200
27300
27400
27500
27600
27700
27800
27900
28000
28100
28200
28300
28400
28500
28600
28700
28800
28900
29000
29100
29200
29300
29400
29500
29600
29700
29800
29900
OOD log likelihood with variance 1.0: 0.6462639570236206
[2025-11-16 20:46:25,172][HYDRA] 	#21 : posterior=sbvi posterior.num_samples=1 optimization.epochs=30000 posterior.temperature=1 seed=0 optimization.learning_rate=0.0003 dataset=spiked_linear dataset.n_train=512 dataset.n_features=500 posterior.num_squash_vectors=1
Config:
posterior:
  type: sbvi
  weight_variance_init: 1
  bias_variance_init: 1
  num_samples: 1
  temperature: 1
  posterior_exponentiation: tempered
  num_squash_vectors: 1
dataset:
  type: regression
  label: spiked_linear
  n_train: 512
  n_test: 200
  rank: 1
  n_features: 500
  noise_std: 0.1
  ood_input_variance:
  - 1.0
seed: 0
optimization:
  learning_rate: 0.0003
  batch_size: 2056
  epochs: 30000
model:
  type: mlp
  hidden_layers:
  - 64
  - 64
  prior_std: 0.33
  ff: None
  ff_amplitudes: false

Using device: cuda
0
OOD log likelihood with variance 1.0: -43934532.0
100
200
300
400
500
600
700
800
900
1000
1100
1200
1300
1400
1500
1600
1700
1800
1900
2000
2100
2200
2300
2400
2500
2600
2700
2800
2900
3000
3100
3200
3300
3400
3500
3600
3700
3800
3900
4000
4100
4200
4300
4400
4500
4600
4700
4800
4900
5000
5100
5200
5300
5400
5500
5600
5700
5800
5900
6000
6100
6200
6300
6400
6500
6600
6700
6800
6900
7000
7100
7200
7300
7400
7500
7600
7700
7800
7900
8000
8100
8200
8300
8400
8500
8600
8700
8800
8900
9000
9100
9200
9300
9400
9500
9600
9700
9800
9900
10000
OOD log likelihood with variance 1.0: -152.08787536621094
10100
10200
10300
10400
10500
10600
10700
10800
10900
11000
11100
11200
11300
11400
11500
11600
11700
11800
11900
12000
12100
12200
12300
12400
12500
12600
12700
12800
12900
13000
13100
13200
13300
13400
13500
13600
13700
13800
13900
14000
14100
14200
14300
14400
14500
14600
14700
14800
14900
15000
15100
15200
15300
15400
15500
15600
15700
15800
15900
16000
16100
16200
16300
16400
16500
16600
16700
16800
16900
17000
17100
17200
17300
17400
17500
17600
17700
17800
17900
18000
18100
18200
18300
18400
18500
18600
18700
18800
18900
19000
19100
19200
19300
19400
19500
19600
19700
19800
19900
20000
OOD log likelihood with variance 1.0: -360.2728576660156
20100
20200
20300
20400
20500
20600
20700
20800
20900
21000
21100
21200
21300
21400
21500
21600
21700
21800
21900
22000
22100
22200
22300
22400
22500
22600
22700
22800
22900
23000
23100
23200
23300
23400
23500
23600
23700
23800
23900
24000
24100
24200
24300
24400
24500
24600
24700
24800
24900
25000
25100
25200
25300
25400
25500
25600
25700
25800
25900
26000
26100
26200
26300
26400
26500
26600
26700
26800
26900
27000
27100
27200
27300
27400
27500
27600
27700
27800
27900
28000
28100
28200
28300
28400
28500
28600
28700
28800
28900
29000
29100
29200
29300
29400
29500
29600
29700
29800
29900
OOD log likelihood with variance 1.0: -21.72409439086914
[2025-11-16 20:54:13,598][HYDRA] 	#22 : posterior=sbvi posterior.num_samples=1 optimization.epochs=30000 posterior.temperature=1 seed=0 optimization.learning_rate=0.0003 dataset=spiked_linear dataset.n_train=512 dataset.n_features=500 posterior.num_squash_vectors=4
Config:
posterior:
  type: sbvi
  weight_variance_init: 1
  bias_variance_init: 1
  num_samples: 1
  temperature: 1
  posterior_exponentiation: tempered
  num_squash_vectors: 4
dataset:
  type: regression
  label: spiked_linear
  n_train: 512
  n_test: 200
  rank: 1
  n_features: 500
  noise_std: 0.1
  ood_input_variance:
  - 1.0
seed: 0
optimization:
  learning_rate: 0.0003
  batch_size: 2056
  epochs: 30000
model:
  type: mlp
  hidden_layers:
  - 64
  - 64
  prior_std: 0.33
  ff: None
  ff_amplitudes: false

Using device: cuda
0
OOD log likelihood with variance 1.0: -40213248.0
100
200
300
400
500
600
700
800
900
1000
1100
1200
1300
1400
1500
1600
1700
1800
1900
2000
2100
2200
2300
2400
2500
2600
2700
2800
2900
3000
3100
3200
3300
3400
3500
3600
3700
3800
3900
4000
4100
4200
4300
4400
4500
4600
4700
4800
4900
5000
5100
5200
5300
5400
5500
5600
5700
5800
5900
6000
6100
6200
6300
6400
6500
6600
6700
6800
6900
7000
7100
7200
7300
7400
7500
7600
7700
7800
7900
8000
8100
8200
8300
8400
8500
8600
8700
8800
8900
9000
9100
9200
9300
9400
9500
9600
9700
9800
9900
10000
OOD log likelihood with variance 1.0: -22.0256404876709
10100
10200
10300
10400
10500
10600
10700
10800
10900
11000
11100
11200
11300
11400
11500
11600
11700
11800
11900
12000
12100
12200
12300
12400
12500
12600
12700
12800
12900
13000
13100
13200
13300
13400
13500
13600
13700
13800
13900
14000
14100
14200
14300
14400
14500
14600
14700
14800
14900
15000
15100
15200
15300
15400
15500
15600
15700
15800
15900
16000
16100
16200
16300
16400
16500
16600
16700
16800
16900
17000
17100
17200
17300
17400
17500
17600
17700
17800
17900
18000
18100
18200
18300
18400
18500
18600
18700
18800
18900
19000
19100
19200
19300
19400
19500
19600
19700
19800
19900
20000
OOD log likelihood with variance 1.0: -174.75233459472656
20100
20200
20300
20400
20500
20600
20700
20800
20900
21000
21100
21200
21300
21400
21500
21600
21700
21800
21900
22000
22100
22200
22300
22400
22500
22600
22700
22800
22900
23000
23100
23200
23300
23400
23500
23600
23700
23800
23900
24000
24100
24200
24300
24400
24500
24600
24700
24800
24900
25000
25100
25200
25300
25400
25500
25600
25700
25800
25900
26000
26100
26200
26300
26400
26500
26600
26700
26800
26900
27000
27100
27200
27300
27400
27500
27600
27700
27800
27900
28000
28100
28200
28300
28400
28500
28600
28700
28800
28900
29000
29100
29200
29300
29400
29500
29600
29700
29800
29900
OOD log likelihood with variance 1.0: -72.66215515136719
[2025-11-16 21:02:10,927][HYDRA] 	#23 : posterior=sbvi posterior.num_samples=1 optimization.epochs=30000 posterior.temperature=1 seed=0 optimization.learning_rate=0.0003 dataset=spiked_linear dataset.n_train=512 dataset.n_features=500 posterior.num_squash_vectors=16
Config:
posterior:
  type: sbvi
  weight_variance_init: 1
  bias_variance_init: 1
  num_samples: 1
  temperature: 1
  posterior_exponentiation: tempered
  num_squash_vectors: 16
dataset:
  type: regression
  label: spiked_linear
  n_train: 512
  n_test: 200
  rank: 1
  n_features: 500
  noise_std: 0.1
  ood_input_variance:
  - 1.0
seed: 0
optimization:
  learning_rate: 0.0003
  batch_size: 2056
  epochs: 30000
model:
  type: mlp
  hidden_layers:
  - 64
  - 64
  prior_std: 0.33
  ff: None
  ff_amplitudes: false

Using device: cuda
0
OOD log likelihood with variance 1.0: -18161772.0
100
200
300
400
500
600
700
800
900
1000
1100
1200
1300
1400
1500
1600
1700
1800
1900
2000
2100
2200
2300
2400
2500
2600
2700
2800
2900
3000
3100
3200
3300
3400
3500
3600
3700
3800
3900
4000
4100
4200
4300
4400
4500
4600
4700
4800
4900
5000
5100
5200
5300
5400
5500
5600
5700
5800
5900
6000
6100
6200
6300
6400
6500
6600
6700
6800
6900
7000
7100
7200
7300
7400
7500
7600
7700
7800
7900
8000
8100
8200
8300
8400
8500
8600
8700
8800
8900
9000
9100
9200
9300
9400
9500
9600
9700
9800
9900
10000
OOD log likelihood with variance 1.0: -1317.6904296875
10100
10200
10300
10400
10500
10600
10700
10800
10900
11000
11100
11200
11300
11400
11500
11600
11700
11800
11900
12000
12100
12200
12300
12400
12500
12600
12700
12800
12900
13000
13100
13200
13300
13400
13500
13600
13700
13800
13900
14000
14100
14200
14300
14400
14500
14600
14700
14800
14900
15000
15100
15200
15300
15400
15500
15600
15700
15800
15900
16000
16100
16200
16300
16400
16500
16600
16700
16800
16900
17000
17100
17200
17300
17400
17500
17600
17700
17800
17900
18000
18100
18200
18300
18400
18500
18600
18700
18800
18900
19000
19100
19200
19300
19400
19500
19600
19700
19800
19900
20000
OOD log likelihood with variance 1.0: -670.2072143554688
20100
20200
20300
20400
20500
20600
20700
20800
20900
21000
21100
21200
21300
21400
21500
21600
21700
21800
21900
22000
22100
22200
22300
22400
22500
22600
22700
22800
22900
23000
23100
23200
23300
23400
23500
23600
23700
23800
23900
24000
24100
24200
24300
24400
24500
24600
24700
24800
24900
25000
25100
25200
25300
25400
25500
25600
25700
25800
25900
26000
26100
26200
26300
26400
26500
26600
26700
26800
26900
27000
27100
27200
27300
27400
27500
27600
27700
27800
27900
28000
28100
28200
28300
28400
28500
28600
28700
28800
28900
29000
29100
29200
29300
29400
29500
29600
29700
29800
29900
OOD log likelihood with variance 1.0: -154.5010986328125
[2025-11-16 21:10:17,756][HYDRA] 	#24 : posterior=sbvi posterior.num_samples=1 optimization.epochs=30000 posterior.temperature=1 seed=0 optimization.learning_rate=0.0003 dataset=spiked_linear dataset.n_train=512 dataset.n_features=10000 posterior.num_squash_vectors=1
Config:
posterior:
  type: sbvi
  weight_variance_init: 1
  bias_variance_init: 1
  num_samples: 1
  temperature: 1
  posterior_exponentiation: tempered
  num_squash_vectors: 1
dataset:
  type: regression
  label: spiked_linear
  n_train: 512
  n_test: 200
  rank: 1
  n_features: 10000
  noise_std: 0.1
  ood_input_variance:
  - 1.0
seed: 0
optimization:
  learning_rate: 0.0003
  batch_size: 2056
  epochs: 30000
model:
  type: mlp
  hidden_layers:
  - 64
  - 64
  prior_std: 0.33
  ff: None
  ff_amplitudes: false

Using device: cuda
0
OOD log likelihood with variance 1.0: -79669552.0
100
200
300
400
500
600
700
800
900
1000
1100
1200
1300
1400
1500
1600
1700
1800
1900
2000
2100
2200
2300
2400
2500
2600
2700
2800
2900
3000
3100
3200
3300
3400
3500
3600
3700
3800
3900
4000
4100
4200
4300
4400
4500
4600
4700
4800
4900
5000
5100
5200
5300
5400
5500
5600
5700
5800
5900
6000
6100
6200
6300
6400
6500
6600
6700
6800
6900
7000
7100
7200
7300
7400
7500
7600
7700
7800
7900
8000
8100
8200
8300
8400
8500
8600
8700
8800
8900
9000
9100
9200
9300
9400
9500
9600
9700
9800
9900
10000
OOD log likelihood with variance 1.0: -9181.064453125
10100
10200
10300
10400
10500
10600
10700
10800
10900
11000
11100
11200
11300
11400
11500
11600
11700
11800
11900
12000
12100
12200
12300
12400
12500
12600
12700
12800
12900
13000
13100
13200
13300
13400
13500
13600
13700
13800
13900
14000
14100
14200
14300
14400
14500
14600
14700
14800
14900
15000
15100
15200
15300
15400
15500
15600
15700
15800
15900
16000
16100
16200
16300
16400
16500
16600
16700
16800
16900
17000
17100
17200
17300
17400
17500
17600
17700
17800
17900
18000
18100
18200
18300
18400
18500
18600
18700
18800
18900
19000
19100
19200
19300
19400
19500
19600
19700
19800
19900
20000
OOD log likelihood with variance 1.0: -8389.82421875
20100
20200
20300
20400
20500
20600
20700
20800
20900
21000
21100
21200
21300
21400
21500
21600
21700
21800
21900
22000
22100
22200
22300
22400
22500
22600
22700
22800
22900
23000
23100
23200
23300
23400
23500
23600
23700
23800
23900
24000
24100
24200
24300
24400
24500
24600
24700
24800
24900
25000
25100
25200
25300
25400
25500
25600
25700
25800
25900
26000
26100
26200
26300
26400
26500
26600
26700
26800
26900
27000
27100
27200
27300
27400
27500
27600
27700
27800
27900
28000
28100
28200
28300
28400
28500
28600
28700
28800
28900
29000
29100
29200
29300
29400
29500
29600
29700
29800
29900
OOD log likelihood with variance 1.0: -10527.52734375
[2025-11-16 21:25:44,559][HYDRA] 	#25 : posterior=sbvi posterior.num_samples=1 optimization.epochs=30000 posterior.temperature=1 seed=0 optimization.learning_rate=0.0003 dataset=spiked_linear dataset.n_train=512 dataset.n_features=10000 posterior.num_squash_vectors=4
Config:
posterior:
  type: sbvi
  weight_variance_init: 1
  bias_variance_init: 1
  num_samples: 1
  temperature: 1
  posterior_exponentiation: tempered
  num_squash_vectors: 4
dataset:
  type: regression
  label: spiked_linear
  n_train: 512
  n_test: 200
  rank: 1
  n_features: 10000
  noise_std: 0.1
  ood_input_variance:
  - 1.0
seed: 0
optimization:
  learning_rate: 0.0003
  batch_size: 2056
  epochs: 30000
model:
  type: mlp
  hidden_layers:
  - 64
  - 64
  prior_std: 0.33
  ff: None
  ff_amplitudes: false

Using device: cuda
0
OOD log likelihood with variance 1.0: -2267020800.0
100
200
300
400
500
600
700
800
900
1000
1100
1200
1300
1400
1500
1600
1700
1800
1900
2000
2100
2200
2300
2400
2500
2600
2700
2800
2900
3000
3100
3200
3300
3400
3500
3600
3700
3800
3900
4000
4100
4200
4300
4400
4500
4600
4700
4800
4900
5000
5100
5200
5300
5400
5500
5600
5700
5800
5900
6000
6100
6200
6300
6400
6500
6600
6700
6800
6900
7000
7100
7200
7300
7400
7500
7600
7700
7800
7900
8000
8100
8200
8300
8400
8500
8600
8700
8800
8900
9000
9100
9200
9300
9400
9500
9600
9700
9800
9900
10000
OOD log likelihood with variance 1.0: -8529.306640625
10100
10200
10300
10400
10500
10600
10700
10800
10900
11000
11100
11200
11300
11400
11500
11600
11700
11800
11900
12000
12100
12200
12300
12400
12500
12600
12700
12800
12900
13000
13100
13200
13300
13400
13500
13600
13700
13800
13900
14000
14100
14200
14300
14400
14500
14600
14700
14800
14900
15000
15100
15200
15300
15400
15500
15600
15700
15800
15900
16000
16100
16200
16300
16400
16500
16600
16700
16800
16900
17000
17100
17200
17300
17400
17500
17600
17700
17800
17900
18000
18100
18200
18300
18400
18500
18600
18700
18800
18900
19000
19100
19200
19300
19400
19500
19600
19700
19800
19900
20000
OOD log likelihood with variance 1.0: -5387.5361328125
20100
20200
20300
20400
20500
20600
20700
20800
20900
21000
21100
21200
21300
21400
21500
21600
21700
21800
21900
22000
22100
22200
22300
22400
22500
22600
22700
22800
22900
23000
23100
23200
23300
23400
23500
23600
23700
23800
23900
24000
24100
24200
24300
24400
24500
24600
24700
24800
24900
25000
25100
25200
25300
25400
25500
25600
25700
25800
25900
26000
26100
26200
26300
26400
26500
26600
26700
26800
26900
27000
27100
27200
27300
27400
27500
27600
27700
27800
27900
28000
28100
28200
28300
28400
28500
28600
28700
28800
28900
29000
29100
29200
29300
29400
29500
29600
29700
29800
29900
OOD log likelihood with variance 1.0: -19604.33984375
[2025-11-16 21:41:22,384][HYDRA] 	#26 : posterior=sbvi posterior.num_samples=1 optimization.epochs=30000 posterior.temperature=1 seed=0 optimization.learning_rate=0.0003 dataset=spiked_linear dataset.n_train=512 dataset.n_features=10000 posterior.num_squash_vectors=16
Config:
posterior:
  type: sbvi
  weight_variance_init: 1
  bias_variance_init: 1
  num_samples: 1
  temperature: 1
  posterior_exponentiation: tempered
  num_squash_vectors: 16
dataset:
  type: regression
  label: spiked_linear
  n_train: 512
  n_test: 200
  rank: 1
  n_features: 10000
  noise_std: 0.1
  ood_input_variance:
  - 1.0
seed: 0
optimization:
  learning_rate: 0.0003
  batch_size: 2056
  epochs: 30000
model:
  type: mlp
  hidden_layers:
  - 64
  - 64
  prior_std: 0.33
  ff: None
  ff_amplitudes: false

Using device: cuda
0
[2025-11-16 21:41:30,285][HYDRA] 	#27 : posterior=sbvi posterior.num_samples=1 optimization.epochs=30000 posterior.temperature=1 seed=0 optimization.learning_rate=0.0001 dataset=spiked_linear dataset.n_train=4 dataset.n_features=1 posterior.num_squash_vectors=1
Config:
posterior:
  type: sbvi
  weight_variance_init: 1
  bias_variance_init: 1
  num_samples: 1
  temperature: 1
  posterior_exponentiation: tempered
  num_squash_vectors: 1
dataset:
  type: regression
  label: spiked_linear
  n_train: 4
  n_test: 200
  rank: 1
  n_features: 1
  noise_std: 0.1
  ood_input_variance:
  - 1.0
seed: 0
optimization:
  learning_rate: 0.0001
  batch_size: 2056
  epochs: 30000
model:
  type: mlp
  hidden_layers:
  - 64
  - 64
  prior_std: 0.33
  ff: None
  ff_amplitudes: false

Using device: cuda
0
OOD log likelihood with variance 1.0: -26695.99609375
100
200
300
400
500
600
700
800
900
1000
1100
1200
1300
1400
1500
1600
1700
1800
1900
2000
2100
2200
2300
2400
2500
2600
2700
2800
2900
3000
3100
3200
3300
3400
3500
3600
3700
3800
3900
4000
4100
4200
4300
4400
4500
4600
4700
4800
4900
5000
5100
5200
5300
5400
5500
5600
5700
5800
5900
6000
6100
6200
6300
6400
6500
6600
6700
6800
6900
7000
7100
7200
7300
7400
7500
7600
7700
7800
7900
8000
8100
8200
8300
8400
8500
8600
8700
8800
8900
9000
9100
9200
9300
9400
9500
9600
9700
9800
9900
10000
OOD log likelihood with variance 1.0: -2433.422607421875
10100
10200
10300
10400
10500
10600
10700
10800
10900
11000
11100
11200
11300
11400
11500
11600
11700
11800
11900
12000
12100
12200
12300
12400
12500
12600
12700
12800
12900
13000
13100
13200
13300
13400
13500
13600
13700
13800
13900
14000
14100
14200
14300
14400
14500
14600
14700
14800
14900
15000
15100
15200
15300
15400
15500
15600
15700
15800
15900
16000
16100
16200
16300
16400
16500
16600
16700
16800
16900
17000
17100
17200
17300
17400
17500
17600
17700
17800
17900
18000
18100
18200
18300
18400
18500
18600
18700
18800
18900
19000
19100
19200
19300
19400
19500
19600
19700
19800
19900
20000
OOD log likelihood with variance 1.0: -1107.3037109375
20100
20200
20300
20400
20500
20600
20700
20800
20900
21000
21100
21200
21300
21400
21500
21600
21700
21800
21900
22000
22100
22200
22300
22400
22500
22600
22700
22800
22900
23000
23100
23200
23300
23400
23500
23600
23700
23800
23900
24000
24100
24200
24300
24400
24500
24600
24700
24800
24900
25000
25100
25200
25300
25400
25500
25600
25700
25800
25900
26000
26100
26200
26300
26400
26500
26600
26700
26800
26900
27000
27100
27200
27300
27400
27500
27600
27700
27800
27900
28000
28100
28200
28300
28400
28500
28600
28700
28800
28900
29000
29100
29200
29300
29400
29500
29600
29700
29800
29900
OOD log likelihood with variance 1.0: -712.9283447265625
[2025-11-16 21:47:01,347][HYDRA] 	#28 : posterior=sbvi posterior.num_samples=1 optimization.epochs=30000 posterior.temperature=1 seed=0 optimization.learning_rate=0.0001 dataset=spiked_linear dataset.n_train=4 dataset.n_features=1 posterior.num_squash_vectors=4
Config:
posterior:
  type: sbvi
  weight_variance_init: 1
  bias_variance_init: 1
  num_samples: 1
  temperature: 1
  posterior_exponentiation: tempered
  num_squash_vectors: 4
dataset:
  type: regression
  label: spiked_linear
  n_train: 4
  n_test: 200
  rank: 1
  n_features: 1
  noise_std: 0.1
  ood_input_variance:
  - 1.0
seed: 0
optimization:
  learning_rate: 0.0001
  batch_size: 2056
  epochs: 30000
model:
  type: mlp
  hidden_layers:
  - 64
  - 64
  prior_std: 0.33
  ff: None
  ff_amplitudes: false

Using device: cuda
0
OOD log likelihood with variance 1.0: -176946.03125
100
200
300
400
500
600
700
800
900
1000
1100
1200
1300
1400
1500
1600
1700
1800
1900
2000
2100
2200
2300
2400
2500
2600
2700
2800
2900
3000
3100
3200
3300
3400
3500
3600
3700
3800
3900
4000
4100
4200
4300
4400
4500
4600
4700
4800
4900
5000
5100
5200
5300
5400
5500
5600
5700
5800
5900
6000
6100
6200
6300
6400
6500
6600
6700
6800
6900
7000
7100
7200
7300
7400
7500
7600
7700
7800
7900
8000
8100
8200
8300
8400
8500
8600
8700
8800
8900
9000
9100
9200
9300
9400
9500
9600
9700
9800
9900
10000
OOD log likelihood with variance 1.0: -2384.2265625
10100
10200
10300
10400
10500
10600
10700
10800
10900
11000
11100
11200
11300
11400
11500
11600
11700
11800
11900
12000
12100
12200
12300
12400
12500
12600
12700
12800
12900
13000
13100
13200
13300
13400
13500
13600
13700
13800
13900
14000
14100
14200
14300
14400
14500
14600
14700
14800
14900
15000
15100
15200
15300
15400
15500
15600
15700
15800
15900
16000
16100
16200
16300
16400
16500
16600
16700
16800
16900
17000
17100
17200
17300
17400
17500
17600
17700
17800
17900
18000
18100
18200
18300
18400
18500
18600
18700
18800
18900
19000
19100
19200
19300
19400
19500
19600
19700
19800
19900
20000
OOD log likelihood with variance 1.0: -2178.150146484375
20100
20200
20300
20400
20500
20600
20700
20800
20900
21000
21100
21200
21300
21400
21500
21600
21700
21800
21900
22000
22100
22200
22300
22400
22500
22600
22700
22800
22900
23000
23100
23200
23300
23400
23500
23600
23700
23800
23900
24000
24100
24200
24300
24400
24500
24600
24700
24800
24900
25000
25100
25200
25300
25400
25500
25600
25700
25800
25900
26000
26100
26200
26300
26400
26500
26600
26700
26800
26900
27000
27100
27200
27300
27400
27500
27600
27700
27800
27900
28000
28100
28200
28300
28400
28500
28600
28700
28800
28900
29000
29100
29200
29300
29400
29500
29600
29700
29800
29900
OOD log likelihood with variance 1.0: -1694.687744140625
[2025-11-16 21:52:36,118][HYDRA] 	#29 : posterior=sbvi posterior.num_samples=1 optimization.epochs=30000 posterior.temperature=1 seed=0 optimization.learning_rate=0.0001 dataset=spiked_linear dataset.n_train=4 dataset.n_features=1 posterior.num_squash_vectors=16
Config:
posterior:
  type: sbvi
  weight_variance_init: 1
  bias_variance_init: 1
  num_samples: 1
  temperature: 1
  posterior_exponentiation: tempered
  num_squash_vectors: 16
dataset:
  type: regression
  label: spiked_linear
  n_train: 4
  n_test: 200
  rank: 1
  n_features: 1
  noise_std: 0.1
  ood_input_variance:
  - 1.0
seed: 0
optimization:
  learning_rate: 0.0001
  batch_size: 2056
  epochs: 30000
model:
  type: mlp
  hidden_layers:
  - 64
  - 64
  prior_std: 0.33
  ff: None
  ff_amplitudes: false

Using device: cuda
0
OOD log likelihood with variance 1.0: -205959.71875
100
200
300
400
500
600
700
800
900
1000
1100
1200
1300
1400
1500
1600
1700
1800
1900
2000
2100
2200
2300
2400
2500
2600
2700
2800
2900
3000
3100
3200
3300
3400
3500
3600
3700
3800
3900
4000
4100
4200
4300
4400
4500
4600
4700
4800
4900
5000
5100
5200
5300
5400
5500
5600
5700
5800
5900
6000
6100
6200
6300
6400
6500
6600
6700
6800
6900
7000
7100
7200
7300
7400
7500
7600
7700
7800
7900
8000
8100
8200
8300
8400
8500
8600
8700
8800
8900
9000
9100
9200
9300
9400
9500
9600
9700
9800
9900
10000
OOD log likelihood with variance 1.0: -342.6042785644531
10100
10200
10300
10400
10500
10600
10700
10800
10900
11000
11100
11200
11300
11400
11500
11600
11700
11800
11900
12000
12100
12200
12300
12400
12500
12600
12700
12800
12900
13000
13100
13200
13300
13400
13500
13600
13700
13800
13900
14000
14100
14200
14300
14400
14500
14600
14700
14800
14900
15000
15100
15200
15300
15400
15500
15600
15700
15800
15900
16000
16100
16200
16300
16400
16500
16600
16700
16800
16900
17000
17100
17200
17300
17400
17500
17600
17700
17800
17900
18000
18100
18200
18300
18400
18500
18600
18700
18800
18900
19000
19100
19200
19300
19400
19500
19600
19700
19800
19900
20000
OOD log likelihood with variance 1.0: -244.6279296875
20100
20200
20300
20400
20500
20600
20700
20800
20900
21000
21100
21200
21300
21400
21500
21600
21700
21800
21900
22000
22100
22200
22300
22400
22500
22600
22700
22800
22900
23000
23100
23200
23300
23400
23500
23600
23700
23800
23900
24000
24100
24200
24300
24400
24500
24600
24700
24800
24900
25000
25100
25200
25300
25400
25500
25600
25700
25800
25900
26000
26100
26200
26300
26400
26500
26600
26700
26800
26900
27000
27100
27200
27300
27400
27500
27600
27700
27800
27900
28000
28100
28200
28300
28400
28500
28600
28700
28800
28900
29000
29100
29200
29300
29400
29500
29600
29700
29800
29900
OOD log likelihood with variance 1.0: -120.18974304199219
[2025-11-16 21:58:13,486][HYDRA] 	#30 : posterior=sbvi posterior.num_samples=1 optimization.epochs=30000 posterior.temperature=1 seed=0 optimization.learning_rate=0.0001 dataset=spiked_linear dataset.n_train=4 dataset.n_features=500 posterior.num_squash_vectors=1
Config:
posterior:
  type: sbvi
  weight_variance_init: 1
  bias_variance_init: 1
  num_samples: 1
  temperature: 1
  posterior_exponentiation: tempered
  num_squash_vectors: 1
dataset:
  type: regression
  label: spiked_linear
  n_train: 4
  n_test: 200
  rank: 1
  n_features: 500
  noise_std: 0.1
  ood_input_variance:
  - 1.0
seed: 0
optimization:
  learning_rate: 0.0001
  batch_size: 2056
  epochs: 30000
model:
  type: mlp
  hidden_layers:
  - 64
  - 64
  prior_std: 0.33
  ff: None
  ff_amplitudes: false

Using device: cuda
0
OOD log likelihood with variance 1.0: -5321433.0
100
200
300
400
500
600
700
800
900
1000
1100
1200
1300
1400
1500
1600
1700
1800
1900
2000
2100
2200
2300
2400
2500
2600
2700
2800
2900
3000
3100
3200
3300
3400
3500
3600
3700
3800
3900
4000
4100
4200
4300
4400
4500
4600
4700
4800
4900
5000
5100
5200
5300
5400
5500
5600
5700
5800
5900
6000
6100
6200
6300
6400
6500
6600
6700
6800
6900
7000
7100
7200
7300
7400
7500
7600
7700
7800
7900
8000
8100
8200
8300
8400
8500
8600
8700
8800
8900
9000
9100
9200
9300
9400
9500
9600
9700
9800
9900
10000
OOD log likelihood with variance 1.0: -19.610393524169922
10100
10200
10300
10400
10500
10600
10700
10800
10900
11000
11100
11200
11300
11400
11500
11600
11700
11800
11900
12000
12100
12200
12300
12400
12500
12600
12700
12800
12900
13000
13100
13200
13300
13400
13500
13600
13700
13800
13900
14000
14100
14200
14300
14400
14500
14600
14700
14800
14900
15000
15100
15200
15300
15400
15500
15600
15700
15800
15900
16000
16100
16200
16300
16400
16500
16600
16700
16800
16900
17000
17100
17200
17300
17400
17500
17600
17700
17800
17900
18000
18100
18200
18300
18400
18500
18600
18700
18800
18900
19000
19100
19200
19300
19400
19500
19600
19700
19800
19900
20000
OOD log likelihood with variance 1.0: -463.50390625
20100
20200
20300
20400
20500
20600
20700
20800
20900
21000
21100
21200
21300
21400
21500
21600
21700
21800
21900
22000
22100
22200
22300
22400
22500
22600
22700
22800
22900
23000
23100
23200
23300
23400
23500
23600
23700
23800
23900
24000
24100
24200
24300
24400
24500
24600
24700
24800
24900
25000
25100
25200
25300
25400
25500
25600
25700
25800
25900
26000
26100
26200
26300
26400
26500
26600
26700
26800
26900
27000
27100
27200
27300
27400
27500
27600
27700
27800
27900
28000
28100
28200
28300
28400
28500
28600
28700
28800
28900
29000
29100
29200
29300
29400
29500
29600
29700
29800
29900
OOD log likelihood with variance 1.0: -429.49267578125
[2025-11-16 22:03:54,585][HYDRA] 	#31 : posterior=sbvi posterior.num_samples=1 optimization.epochs=30000 posterior.temperature=1 seed=0 optimization.learning_rate=0.0001 dataset=spiked_linear dataset.n_train=4 dataset.n_features=500 posterior.num_squash_vectors=4
Config:
posterior:
  type: sbvi
  weight_variance_init: 1
  bias_variance_init: 1
  num_samples: 1
  temperature: 1
  posterior_exponentiation: tempered
  num_squash_vectors: 4
dataset:
  type: regression
  label: spiked_linear
  n_train: 4
  n_test: 200
  rank: 1
  n_features: 500
  noise_std: 0.1
  ood_input_variance:
  - 1.0
seed: 0
optimization:
  learning_rate: 0.0001
  batch_size: 2056
  epochs: 30000
model:
  type: mlp
  hidden_layers:
  - 64
  - 64
  prior_std: 0.33
  ff: None
  ff_amplitudes: false

Using device: cuda
0
OOD log likelihood with variance 1.0: -3931996.5
100
200
300
400
500
600
700
800
900
1000
1100
1200
1300
1400
1500
1600
1700
1800
1900
2000
2100
2200
2300
2400
2500
2600
2700
2800
2900
3000
3100
3200
3300
3400
3500
3600
3700
3800
3900
4000
4100
4200
4300
4400
4500
4600
4700
4800
4900
5000
5100
5200
5300
5400
5500
5600
5700
5800
5900
6000
6100
6200
6300
6400
6500
6600
6700
6800
6900
7000
7100
7200
7300
7400
7500
7600
7700
7800
7900
8000
8100
8200
8300
8400
8500
8600
8700
8800
8900
9000
9100
9200
9300
9400
9500
9600
9700
9800
9900
10000
OOD log likelihood with variance 1.0: -23.254255294799805
10100
10200
10300
10400
10500
10600
10700
10800
10900
11000
11100
11200
11300
11400
11500
11600
11700
11800
11900
12000
12100
12200
12300
12400
12500
12600
12700
12800
12900
13000
13100
13200
13300
13400
13500
13600
13700
13800
13900
14000
14100
14200
14300
14400
14500
14600
14700
14800
14900
15000
15100
15200
15300
15400
15500
15600
15700
15800
15900
16000
16100
16200
16300
16400
16500
16600
16700
16800
16900
17000
17100
17200
17300
17400
17500
17600
17700
17800
17900
18000
18100
18200
18300
18400
18500
18600
18700
18800
18900
19000
19100
19200
19300
19400
19500
19600
19700
19800
19900
20000
OOD log likelihood with variance 1.0: -1693.9364013671875
20100
20200
20300
20400
20500
20600
20700
20800
20900
21000
21100
21200
21300
21400
21500
21600
21700
21800
21900
22000
22100
22200
22300
22400
22500
22600
22700
22800
22900
23000
23100
23200
23300
23400
23500
23600
23700
23800
23900
24000
24100
24200
24300
24400
24500
24600
24700
24800
24900
25000
25100
25200
25300
25400
25500
25600
25700
25800
25900
26000
26100
26200
26300
26400
26500
26600
26700
26800
26900
27000
27100
27200
27300
27400
27500
27600
27700
27800
27900
28000
28100
28200
28300
28400
28500
28600
28700
28800
28900
29000
29100
29200
29300
29400
29500
29600
29700
29800
29900
OOD log likelihood with variance 1.0: -1965.5103759765625
[2025-11-16 22:09:46,224][HYDRA] 	#32 : posterior=sbvi posterior.num_samples=1 optimization.epochs=30000 posterior.temperature=1 seed=0 optimization.learning_rate=0.0001 dataset=spiked_linear dataset.n_train=4 dataset.n_features=500 posterior.num_squash_vectors=16
Config:
posterior:
  type: sbvi
  weight_variance_init: 1
  bias_variance_init: 1
  num_samples: 1
  temperature: 1
  posterior_exponentiation: tempered
  num_squash_vectors: 16
dataset:
  type: regression
  label: spiked_linear
  n_train: 4
  n_test: 200
  rank: 1
  n_features: 500
  noise_std: 0.1
  ood_input_variance:
  - 1.0
seed: 0
optimization:
  learning_rate: 0.0001
  batch_size: 2056
  epochs: 30000
model:
  type: mlp
  hidden_layers:
  - 64
  - 64
  prior_std: 0.33
  ff: None
  ff_amplitudes: false

Using device: cuda
0
OOD log likelihood with variance 1.0: -12030810.0
100
200
300
400
500
600
700
800
900
1000
1100
1200
1300
1400
1500
1600
1700
1800
1900
2000
2100
2200
2300
2400
2500
2600
2700
2800
2900
3000
3100
3200
3300
3400
3500
3600
3700
3800
3900
4000
4100
4200
4300
4400
4500
4600
4700
4800
4900
5000
5100
5200
5300
5400
5500
5600
5700
5800
5900
6000
6100
6200
6300
6400
6500
6600
6700
6800
6900
7000
7100
7200
7300
7400
7500
7600
7700
7800
7900
8000
8100
8200
8300
8400
8500
8600
8700
8800
8900
9000
9100
9200
9300
9400
9500
9600
9700
9800
9900
10000
OOD log likelihood with variance 1.0: -1220.541748046875
10100
10200
10300
10400
10500
10600
10700
10800
10900
11000
11100
11200
11300
11400
11500
11600
11700
11800
11900
12000
12100
12200
12300
12400
12500
12600
12700
12800
12900
13000
13100
13200
13300
13400
13500
13600
13700
13800
13900
14000
14100
14200
14300
14400
14500
14600
14700
14800
14900
15000
15100
15200
15300
15400
15500
15600
15700
15800
15900
16000
16100
16200
16300
16400
16500
16600
16700
16800
16900
17000
17100
17200
17300
17400
17500
17600
17700
17800
17900
18000
18100
18200
18300
18400
18500
18600
18700
18800
18900
19000
19100
19200
19300
19400
19500
19600
19700
19800
19900
20000
OOD log likelihood with variance 1.0: -667.030517578125
20100
20200
20300
20400
20500
20600
20700
20800
20900
21000
21100
21200
21300
21400
21500
21600
21700
21800
21900
22000
22100
22200
22300
22400
22500
22600
22700
22800
22900
23000
23100
23200
23300
23400
23500
23600
23700
23800
23900
24000
24100
24200
24300
24400
24500
24600
24700
24800
24900
25000
25100
25200
25300
25400
25500
25600
25700
25800
25900
26000
26100
26200
26300
26400
26500
26600
26700
26800
26900
27000
27100
27200
27300
27400
27500
27600
27700
27800
27900
28000
28100
28200
28300
28400
28500
28600
28700
28800
28900
29000
29100
29200
29300
29400
29500
29600
29700
29800
29900
OOD log likelihood with variance 1.0: -3169.329833984375
[2025-11-16 22:15:45,784][HYDRA] 	#33 : posterior=sbvi posterior.num_samples=1 optimization.epochs=30000 posterior.temperature=1 seed=0 optimization.learning_rate=0.0001 dataset=spiked_linear dataset.n_train=4 dataset.n_features=10000 posterior.num_squash_vectors=1
Config:
posterior:
  type: sbvi
  weight_variance_init: 1
  bias_variance_init: 1
  num_samples: 1
  temperature: 1
  posterior_exponentiation: tempered
  num_squash_vectors: 1
dataset:
  type: regression
  label: spiked_linear
  n_train: 4
  n_test: 200
  rank: 1
  n_features: 10000
  noise_std: 0.1
  ood_input_variance:
  - 1.0
seed: 0
optimization:
  learning_rate: 0.0001
  batch_size: 2056
  epochs: 30000
model:
  type: mlp
  hidden_layers:
  - 64
  - 64
  prior_std: 0.33
  ff: None
  ff_amplitudes: false

Using device: cuda
0
OOD log likelihood with variance 1.0: -15742496.0
100
200
300
400
500
600
700
800
900
1000
1100
1200
1300
1400
1500
1600
1700
1800
1900
2000
2100
2200
2300
2400
2500
2600
2700
2800
2900
3000
3100
3200
3300
3400
3500
3600
3700
3800
3900
4000
4100
4200
4300
4400
4500
4600
4700
4800
4900
5000
5100
5200
5300
5400
5500
5600
5700
5800
5900
6000
6100
6200
6300
6400
6500
6600
6700
6800
6900
7000
7100
7200
7300
7400
7500
7600
7700
7800
7900
8000
8100
8200
8300
8400
8500
8600
8700
8800
8900
9000
9100
9200
9300
9400
9500
9600
9700
9800
9900
10000
OOD log likelihood with variance 1.0: -9658.0400390625
10100
10200
10300
10400
10500
10600
10700
10800
10900
11000
11100
11200
11300
11400
11500
11600
11700
11800
11900
12000
12100
12200
12300
12400
12500
12600
12700
12800
12900
13000
13100
13200
13300
13400
13500
13600
13700
13800
13900
14000
14100
14200
14300
14400
14500
14600
14700
14800
14900
15000
15100
15200
15300
15400
15500
15600
15700
15800
15900
16000
16100
16200
16300
16400
16500
16600
16700
16800
16900
17000
17100
17200
17300
17400
17500
17600
17700
17800
17900
18000
18100
18200
18300
18400
18500
18600
18700
18800
18900
19000
19100
19200
19300
19400
19500
19600
19700
19800
19900
20000
OOD log likelihood with variance 1.0: -17025.490234375
20100
20200
20300
20400
20500
20600
20700
20800
20900
21000
21100
21200
21300
21400
21500
21600
21700
21800
21900
22000
22100
22200
22300
22400
22500
22600
22700
22800
22900
23000
23100
23200
23300
23400
23500
23600
23700
23800
23900
24000
24100
24200
24300
24400
24500
24600
24700
24800
24900
25000
25100
25200
25300
25400
25500
25600
25700
25800
25900
26000
26100
26200
26300
26400
26500
26600
26700
26800
26900
27000
27100
27200
27300
27400
27500
27600
27700
27800
27900
28000
28100
28200
28300
28400
28500
28600
28700
28800
28900
29000
29100
29200
29300
29400
29500
29600
29700
29800
29900
OOD log likelihood with variance 1.0: -16877.900390625
[2025-11-16 22:24:43,160][HYDRA] 	#34 : posterior=sbvi posterior.num_samples=1 optimization.epochs=30000 posterior.temperature=1 seed=0 optimization.learning_rate=0.0001 dataset=spiked_linear dataset.n_train=4 dataset.n_features=10000 posterior.num_squash_vectors=4
Config:
posterior:
  type: sbvi
  weight_variance_init: 1
  bias_variance_init: 1
  num_samples: 1
  temperature: 1
  posterior_exponentiation: tempered
  num_squash_vectors: 4
dataset:
  type: regression
  label: spiked_linear
  n_train: 4
  n_test: 200
  rank: 1
  n_features: 10000
  noise_std: 0.1
  ood_input_variance:
  - 1.0
seed: 0
optimization:
  learning_rate: 0.0001
  batch_size: 2056
  epochs: 30000
model:
  type: mlp
  hidden_layers:
  - 64
  - 64
  prior_std: 0.33
  ff: None
  ff_amplitudes: false

Using device: cuda
0
OOD log likelihood with variance 1.0: -2219671.75
100
200
300
400
500
600
700
800
900
1000
1100
1200
1300
1400
1500
1600
1700
1800
1900
2000
2100
2200
2300
2400
2500
2600
2700
2800
2900
3000
3100
3200
3300
3400
3500
3600
3700
3800
3900
4000
4100
4200
4300
4400
4500
4600
4700
4800
4900
5000
5100
5200
5300
5400
5500
5600
5700
5800
5900
6000
6100
6200
6300
6400
6500
6600
6700
6800
6900
7000
7100
7200
7300
7400
7500
7600
7700
7800
7900
8000
8100
8200
8300
8400
8500
8600
8700
8800
8900
9000
9100
9200
9300
9400
9500
9600
9700
9800
9900
10000
OOD log likelihood with variance 1.0: -18319.87109375
10100
10200
10300
10400
10500
10600
10700
10800
10900
11000
11100
11200
11300
11400
11500
11600
11700
11800
11900
12000
12100
12200
12300
12400
12500
12600
12700
12800
12900
13000
13100
13200
13300
13400
13500
13600
13700
13800
13900
14000
14100
14200
14300
14400
14500
14600
14700
14800
14900
15000
15100
15200
15300
15400
15500
15600
15700
15800
15900
16000
16100
16200
16300
16400
16500
16600
16700
16800
16900
17000
17100
17200
17300
17400
17500
17600
17700
17800
17900
18000
18100
18200
18300
18400
18500
18600
18700
18800
18900
19000
19100
19200
19300
19400
19500
19600
19700
19800
19900
20000
OOD log likelihood with variance 1.0: -1477.30810546875
20100
20200
20300
20400
20500
20600
20700
20800
20900
21000
21100
21200
21300
21400
21500
21600
21700
21800
21900
22000
22100
22200
22300
22400
22500
22600
22700
22800
22900
23000
23100
23200
23300
23400
23500
23600
23700
23800
23900
24000
24100
24200
24300
24400
24500
24600
24700
24800
24900
25000
25100
25200
25300
25400
25500
25600
25700
25800
25900
26000
26100
26200
26300
26400
26500
26600
26700
26800
26900
27000
27100
27200
27300
27400
27500
27600
27700
27800
27900
28000
28100
28200
28300
28400
28500
28600
28700
28800
28900
29000
29100
29200
29300
29400
29500
29600
29700
29800
29900
OOD log likelihood with variance 1.0: -14817.630859375
[2025-11-16 22:33:52,230][HYDRA] 	#35 : posterior=sbvi posterior.num_samples=1 optimization.epochs=30000 posterior.temperature=1 seed=0 optimization.learning_rate=0.0001 dataset=spiked_linear dataset.n_train=4 dataset.n_features=10000 posterior.num_squash_vectors=16
Config:
posterior:
  type: sbvi
  weight_variance_init: 1
  bias_variance_init: 1
  num_samples: 1
  temperature: 1
  posterior_exponentiation: tempered
  num_squash_vectors: 16
dataset:
  type: regression
  label: spiked_linear
  n_train: 4
  n_test: 200
  rank: 1
  n_features: 10000
  noise_std: 0.1
  ood_input_variance:
  - 1.0
seed: 0
optimization:
  learning_rate: 0.0001
  batch_size: 2056
  epochs: 30000
model:
  type: mlp
  hidden_layers:
  - 64
  - 64
  prior_std: 0.33
  ff: None
  ff_amplitudes: false

Using device: cuda
0
[2025-11-16 22:33:58,904][HYDRA] 	#36 : posterior=sbvi posterior.num_samples=1 optimization.epochs=30000 posterior.temperature=1 seed=0 optimization.learning_rate=0.0001 dataset=spiked_linear dataset.n_train=64 dataset.n_features=1 posterior.num_squash_vectors=1
Config:
posterior:
  type: sbvi
  weight_variance_init: 1
  bias_variance_init: 1
  num_samples: 1
  temperature: 1
  posterior_exponentiation: tempered
  num_squash_vectors: 1
dataset:
  type: regression
  label: spiked_linear
  n_train: 64
  n_test: 200
  rank: 1
  n_features: 1
  noise_std: 0.1
  ood_input_variance:
  - 1.0
seed: 0
optimization:
  learning_rate: 0.0001
  batch_size: 2056
  epochs: 30000
model:
  type: mlp
  hidden_layers:
  - 64
  - 64
  prior_std: 0.33
  ff: None
  ff_amplitudes: false

Using device: cuda
0
OOD log likelihood with variance 1.0: -100964.546875
100
200
300
400
500
600
700
800
900
1000
1100
1200
1300
1400
1500
1600
1700
1800
1900
2000
2100
2200
2300
2400
2500
2600
2700
2800
2900
3000
3100
3200
3300
3400
3500
3600
3700
3800
3900
4000
4100
4200
4300
4400
4500
4600
4700
4800
4900
5000
5100
5200
5300
5400
5500
5600
5700
5800
5900
6000
6100
6200
6300
6400
6500
6600
6700
6800
6900
7000
7100
7200
7300
7400
7500
7600
7700
7800
7900
8000
8100
8200
8300
8400
8500
8600
8700
8800
8900
9000
9100
9200
9300
9400
9500
9600
9700
9800
9900
10000
OOD log likelihood with variance 1.0: -2.833732843399048
10100
10200
10300
10400
10500
10600
10700
10800
10900
11000
11100
11200
11300
11400
11500
11600
11700
11800
11900
12000
12100
12200
12300
12400
12500
12600
12700
12800
12900
13000
13100
13200
13300
13400
13500
13600
13700
13800
13900
14000
14100
14200
14300
14400
14500
14600
14700
14800
14900
15000
15100
15200
15300
15400
15500
15600
15700
15800
15900
16000
16100
16200
16300
16400
16500
16600
16700
16800
16900
17000
17100
17200
17300
17400
17500
17600
17700
17800
17900
18000
18100
18200
18300
18400
18500
18600
18700
18800
18900
19000
19100
19200
19300
19400
19500
19600
19700
19800
19900
20000
OOD log likelihood with variance 1.0: -1.4148070812225342
20100
20200
20300
20400
20500
20600
20700
20800
20900
21000
21100
21200
21300
21400
21500
21600
21700
21800
21900
22000
22100
22200
22300
22400
22500
22600
22700
22800
22900
23000
23100
23200
23300
23400
23500
23600
23700
23800
23900
24000
24100
24200
24300
24400
24500
24600
24700
24800
24900
25000
25100
25200
25300
25400
25500
25600
25700
25800
25900
26000
26100
26200
26300
26400
26500
26600
26700
26800
26900
27000
27100
27200
27300
27400
27500
27600
27700
27800
27900
28000
28100
28200
28300
28400
28500
28600
28700
28800
28900
29000
29100
29200
29300
29400
29500
29600
29700
29800
29900
OOD log likelihood with variance 1.0: -4.167155742645264
[2025-11-16 22:39:37,437][HYDRA] 	#37 : posterior=sbvi posterior.num_samples=1 optimization.epochs=30000 posterior.temperature=1 seed=0 optimization.learning_rate=0.0001 dataset=spiked_linear dataset.n_train=64 dataset.n_features=1 posterior.num_squash_vectors=4
Config:
posterior:
  type: sbvi
  weight_variance_init: 1
  bias_variance_init: 1
  num_samples: 1
  temperature: 1
  posterior_exponentiation: tempered
  num_squash_vectors: 4
dataset:
  type: regression
  label: spiked_linear
  n_train: 64
  n_test: 200
  rank: 1
  n_features: 1
  noise_std: 0.1
  ood_input_variance:
  - 1.0
seed: 0
optimization:
  learning_rate: 0.0001
  batch_size: 2056
  epochs: 30000
model:
  type: mlp
  hidden_layers:
  - 64
  - 64
  prior_std: 0.33
  ff: None
  ff_amplitudes: false

Using device: cuda
0
OOD log likelihood with variance 1.0: -46320.6328125
100
200
300
400
500
600
700
800
900
1000
1100
1200
1300
1400
1500
1600
1700
1800
1900
2000
2100
2200
2300
2400
2500
2600
2700
2800
2900
3000
3100
3200
3300
3400
3500
3600
3700
3800
3900
4000
4100
4200
4300
4400
4500
4600
4700
4800
4900
5000
5100
5200
5300
5400
5500
5600
5700
5800
5900
6000
6100
6200
6300
6400
6500
6600
6700
6800
6900
7000
7100
7200
7300
7400
7500
7600
7700
7800
7900
8000
8100
8200
8300
8400
8500
8600
8700
8800
8900
9000
9100
9200
9300
9400
9500
9600
9700
9800
9900
10000
OOD log likelihood with variance 1.0: -1.0603878498077393
10100
10200
10300
10400
10500
10600
10700
10800
10900
11000
11100
11200
11300
11400
11500
11600
11700
11800
11900
12000
12100
12200
12300
12400
12500
12600
12700
12800
12900
13000
13100
13200
13300
13400
13500
13600
13700
13800
13900
14000
14100
14200
14300
14400
14500
14600
14700
14800
14900
15000
15100
15200
15300
15400
15500
15600
15700
15800
15900
16000
16100
16200
16300
16400
16500
16600
16700
16800
16900
17000
17100
17200
17300
17400
17500
17600
17700
17800
17900
18000
18100
18200
18300
18400
18500
18600
18700
18800
18900
19000
19100
19200
19300
19400
19500
19600
19700
19800
19900
20000
OOD log likelihood with variance 1.0: -0.7655694484710693
20100
20200
20300
20400
20500
20600
20700
20800
20900
21000
21100
21200
21300
21400
21500
21600
21700
21800
21900
22000
22100
22200
22300
22400
22500
22600
22700
22800
22900
23000
23100
23200
23300
23400
23500
23600
23700
23800
23900
24000
24100
24200
24300
24400
24500
24600
24700
24800
24900
25000
25100
25200
25300
25400
25500
25600
25700
25800
25900
26000
26100
26200
26300
26400
26500
26600
26700
26800
26900
27000
27100
27200
27300
27400
27500
27600
27700
27800
27900
28000
28100
28200
28300
28400
28500
28600
28700
28800
28900
29000
29100
29200
29300
29400
29500
29600
29700
29800
29900
OOD log likelihood with variance 1.0: -2.7583203315734863
[2025-11-16 22:45:27,637][HYDRA] 	#38 : posterior=sbvi posterior.num_samples=1 optimization.epochs=30000 posterior.temperature=1 seed=0 optimization.learning_rate=0.0001 dataset=spiked_linear dataset.n_train=64 dataset.n_features=1 posterior.num_squash_vectors=16
Config:
posterior:
  type: sbvi
  weight_variance_init: 1
  bias_variance_init: 1
  num_samples: 1
  temperature: 1
  posterior_exponentiation: tempered
  num_squash_vectors: 16
dataset:
  type: regression
  label: spiked_linear
  n_train: 64
  n_test: 200
  rank: 1
  n_features: 1
  noise_std: 0.1
  ood_input_variance:
  - 1.0
seed: 0
optimization:
  learning_rate: 0.0001
  batch_size: 2056
  epochs: 30000
model:
  type: mlp
  hidden_layers:
  - 64
  - 64
  prior_std: 0.33
  ff: None
  ff_amplitudes: false

Using device: cuda
0
OOD log likelihood with variance 1.0: -68018.5546875
100
200
300
400
500
600
700
800
900
1000
1100
1200
1300
1400
1500
1600
1700
1800
1900
2000
2100
2200
2300
2400
2500
2600
2700
2800
2900
3000
3100
3200
3300
3400
3500
3600
3700
3800
3900
4000
4100
4200
4300
4400
4500
4600
4700
4800
4900
5000
5100
5200
5300
5400
5500
5600
5700
5800
5900
6000
6100
6200
6300
6400
6500
6600
6700
6800
6900
7000
7100
7200
7300
7400
7500
7600
7700
7800
7900
8000
8100
8200
8300
8400
8500
8600
8700
8800
8900
9000
9100
9200
9300
9400
9500
9600
9700
9800
9900
10000
OOD log likelihood with variance 1.0: -1.5337510108947754
10100
10200
10300
10400
10500
10600
10700
10800
10900
11000
11100
11200
11300
11400
11500
11600
11700
11800
11900
12000
12100
12200
12300
12400
12500
12600
12700
12800
12900
13000
13100
13200
13300
13400
13500
13600
13700
13800
13900
14000
14100
14200
14300
14400
14500
14600
14700
14800
14900
15000
15100
15200
15300
15400
15500
15600
15700
15800
15900
16000
16100
16200
16300
16400
16500
16600
16700
16800
16900
17000
17100
17200
17300
17400
17500
17600
17700
17800
17900
18000
18100
18200
18300
18400
18500
18600
18700
18800
18900
19000
19100
19200
19300
19400
19500
19600
19700
19800
19900
20000
OOD log likelihood with variance 1.0: -3.7265286445617676
20100
20200
20300
20400
20500
20600
20700
20800
20900
21000
21100
21200
21300
21400
21500
21600
21700
21800
21900
22000
22100
22200
22300
22400
22500
22600
22700
22800
22900
23000
23100
23200
23300
23400
23500
23600
23700
23800
23900
24000
24100
24200
24300
24400
24500
24600
24700
24800
24900
25000
25100
25200
25300
25400
25500
25600
25700
25800
25900
26000
26100
26200
26300
26400
26500
26600
26700
26800
26900
27000
27100
27200
27300
27400
27500
27600
27700
27800
27900
28000
28100
28200
28300
28400
28500
28600
28700
28800
28900
29000
29100
29200
29300
29400
29500
29600
29700
29800
29900
OOD log likelihood with variance 1.0: -1.9465224742889404
[2025-11-16 22:51:19,485][HYDRA] 	#39 : posterior=sbvi posterior.num_samples=1 optimization.epochs=30000 posterior.temperature=1 seed=0 optimization.learning_rate=0.0001 dataset=spiked_linear dataset.n_train=64 dataset.n_features=500 posterior.num_squash_vectors=1
Config:
posterior:
  type: sbvi
  weight_variance_init: 1
  bias_variance_init: 1
  num_samples: 1
  temperature: 1
  posterior_exponentiation: tempered
  num_squash_vectors: 1
dataset:
  type: regression
  label: spiked_linear
  n_train: 64
  n_test: 200
  rank: 1
  n_features: 500
  noise_std: 0.1
  ood_input_variance:
  - 1.0
seed: 0
optimization:
  learning_rate: 0.0001
  batch_size: 2056
  epochs: 30000
model:
  type: mlp
  hidden_layers:
  - 64
  - 64
  prior_std: 0.33
  ff: None
  ff_amplitudes: false

Using device: cuda
0
OOD log likelihood with variance 1.0: -30202472.0
100
200
300
400
500
600
700
800
900
1000
1100
1200
1300
1400
1500
1600
1700
1800
1900
2000
2100
2200
2300
2400
2500
2600
2700
2800
2900
3000
3100
3200
3300
3400
3500
3600
3700
3800
3900
4000
4100
4200
4300
4400
4500
4600
4700
4800
4900
5000
5100
5200
5300
5400
5500
5600
5700
5800
5900
6000
6100
6200
6300
6400
6500
6600
6700
6800
6900
7000
7100
7200
7300
7400
7500
7600
7700
7800
7900
8000
8100
8200
8300
8400
8500
8600
8700
8800
8900
9000
9100
9200
9300
9400
9500
9600
9700
9800
9900
10000
OOD log likelihood with variance 1.0: -284.38824462890625
10100
10200
10300
10400
10500
10600
10700
10800
10900
11000
11100
11200
11300
11400
11500
11600
11700
11800
11900
12000
12100
12200
12300
12400
12500
12600
12700
12800
12900
13000
13100
13200
13300
13400
13500
13600
13700
13800
13900
14000
14100
14200
14300
14400
14500
14600
14700
14800
14900
15000
15100
15200
15300
15400
15500
15600
15700
15800
15900
16000
16100
16200
16300
16400
16500
16600
16700
16800
16900
17000
17100
17200
17300
17400
17500
17600
17700
17800
17900
18000
18100
18200
18300
18400
18500
18600
18700
18800
18900
19000
19100
19200
19300
19400
19500
19600
19700
19800
19900
20000
OOD log likelihood with variance 1.0: -302.96234130859375
20100
20200
20300
20400
20500
20600
20700
20800
20900
21000
21100
21200
21300
21400
21500
21600
21700
21800
21900
22000
22100
22200
22300
22400
22500
22600
22700
22800
22900
23000
23100
23200
23300
23400
23500
23600
23700
23800
23900
24000
24100
24200
24300
24400
24500
24600
24700
24800
24900
25000
25100
25200
25300
25400
25500
25600
25700
25800
25900
26000
26100
26200
26300
26400
26500
26600
26700
26800
26900
27000
27100
27200
27300
27400
27500
27600
27700
27800
27900
28000
28100
28200
28300
28400
28500
28600
28700
28800
28900
29000
29100
29200
29300
29400
29500
29600
29700
29800
29900
OOD log likelihood with variance 1.0: -16.231307983398438
[2025-11-16 22:57:19,631][HYDRA] 	#40 : posterior=sbvi posterior.num_samples=1 optimization.epochs=30000 posterior.temperature=1 seed=0 optimization.learning_rate=0.0001 dataset=spiked_linear dataset.n_train=64 dataset.n_features=500 posterior.num_squash_vectors=4
Config:
posterior:
  type: sbvi
  weight_variance_init: 1
  bias_variance_init: 1
  num_samples: 1
  temperature: 1
  posterior_exponentiation: tempered
  num_squash_vectors: 4
dataset:
  type: regression
  label: spiked_linear
  n_train: 64
  n_test: 200
  rank: 1
  n_features: 500
  noise_std: 0.1
  ood_input_variance:
  - 1.0
seed: 0
optimization:
  learning_rate: 0.0001
  batch_size: 2056
  epochs: 30000
model:
  type: mlp
  hidden_layers:
  - 64
  - 64
  prior_std: 0.33
  ff: None
  ff_amplitudes: false

Using device: cuda
0
OOD log likelihood with variance 1.0: -20562116.0
100
200
300
400
500
600
700
800
900
1000
1100
1200
1300
1400
1500
1600
1700
1800
1900
2000
2100
2200
2300
2400
2500
2600
2700
2800
2900
3000
3100
3200
3300
3400
3500
3600
3700
3800
3900
4000
4100
4200
4300
4400
4500
4600
4700
4800
4900
5000
5100
5200
5300
5400
5500
5600
5700
5800
5900
6000
6100
6200
6300
6400
6500
6600
6700
6800
6900
7000
7100
7200
7300
7400
7500
7600
7700
7800
7900
8000
8100
8200
8300
8400
8500
8600
8700
8800
8900
9000
9100
9200
9300
9400
9500
9600
9700
9800
9900
10000
OOD log likelihood with variance 1.0: -221.29000854492188
10100
10200
10300
10400
10500
10600
10700
10800
10900
11000
11100
11200
11300
11400
11500
11600
11700
11800
11900
12000
12100
12200
12300
12400
12500
12600
12700
12800
12900
13000
13100
13200
13300
13400
13500
13600
13700
13800
13900
14000
14100
14200
14300
14400
14500
14600
14700
14800
14900
15000
15100
15200
15300
15400
15500
15600
15700
15800
15900
16000
16100
16200
16300
16400
16500
16600
16700
16800
16900
17000
17100
17200
17300
17400
17500
17600
17700
17800
17900
18000
18100
18200
18300
18400
18500
18600
18700
18800
18900
19000
19100
19200
19300
19400
19500
19600
19700
19800
19900
20000
OOD log likelihood with variance 1.0: -140.2091064453125
20100
20200
20300
20400
20500
20600
20700
20800
20900
21000
21100
21200
21300
21400
21500
21600
21700
21800
21900
22000
22100
22200
22300
22400
22500
22600
22700
22800
22900
23000
23100
23200
23300
23400
23500
23600
23700
23800
23900
24000
24100
24200
24300
24400
24500
24600
24700
24800
24900
25000
25100
25200
25300
25400
25500
25600
25700
25800
25900
26000
26100
26200
26300
26400
26500
26600
26700
26800
26900
27000
27100
27200
27300
27400
27500
27600
27700
27800
27900
28000
28100
28200
28300
28400
28500
28600
28700
28800
28900
29000
29100
29200
29300
29400
29500
29600
29700
29800
29900
OOD log likelihood with variance 1.0: -312.945068359375
[2025-11-16 23:03:29,360][HYDRA] 	#41 : posterior=sbvi posterior.num_samples=1 optimization.epochs=30000 posterior.temperature=1 seed=0 optimization.learning_rate=0.0001 dataset=spiked_linear dataset.n_train=64 dataset.n_features=500 posterior.num_squash_vectors=16
Config:
posterior:
  type: sbvi
  weight_variance_init: 1
  bias_variance_init: 1
  num_samples: 1
  temperature: 1
  posterior_exponentiation: tempered
  num_squash_vectors: 16
dataset:
  type: regression
  label: spiked_linear
  n_train: 64
  n_test: 200
  rank: 1
  n_features: 500
  noise_std: 0.1
  ood_input_variance:
  - 1.0
seed: 0
optimization:
  learning_rate: 0.0001
  batch_size: 2056
  epochs: 30000
model:
  type: mlp
  hidden_layers:
  - 64
  - 64
  prior_std: 0.33
  ff: None
  ff_amplitudes: false

Using device: cuda
0
OOD log likelihood with variance 1.0: -5553287.0
100
200
300
400
500
600
700
800
900
1000
1100
1200
1300
1400
1500
1600
1700
1800
1900
2000
2100
2200
2300
2400
2500
2600
2700
2800
2900
3000
3100
3200
3300
3400
3500
3600
3700
3800
3900
4000
4100
4200
4300
4400
4500
4600
4700
4800
4900
5000
5100
5200
5300
5400
5500
5600
5700
5800
5900
6000
6100
6200
6300
6400
6500
6600
6700
6800
6900
7000
7100
7200
7300
7400
7500
7600
7700
7800
7900
8000
8100
8200
8300
8400
8500
8600
8700
8800
8900
9000
9100
9200
9300
9400
9500
9600
9700
9800
9900
10000
OOD log likelihood with variance 1.0: -95.57550811767578
10100
10200
10300
10400
10500
10600
10700
10800
10900
11000
11100
11200
11300
11400
11500
11600
11700
11800
11900
12000
12100
12200
12300
12400
12500
12600
12700
12800
12900
13000
13100
13200
13300
13400
13500
13600
13700
13800
13900
14000
14100
14200
14300
14400
14500
14600
14700
14800
14900
15000
15100
15200
15300
15400
15500
15600
15700
15800
15900
16000
16100
16200
16300
16400
16500
16600
16700
16800
16900
17000
17100
17200
17300
17400
17500
17600
17700
17800
17900
18000
18100
18200
18300
18400
18500
18600
18700
18800
18900
19000
19100
19200
19300
19400
19500
19600
19700
19800
19900
20000
OOD log likelihood with variance 1.0: -717.1470947265625
20100
20200
20300
20400
20500
20600
20700
20800
20900
21000
21100
21200
21300
21400
21500
21600
21700
21800
21900
22000
22100
22200
22300
22400
22500
22600
22700
22800
22900
23000
23100
23200
23300
23400
23500
23600
23700
23800
23900
24000
24100
24200
24300
24400
24500
24600
24700
24800
24900
25000
25100
25200
25300
25400
25500
25600
25700
25800
25900
26000
26100
26200
26300
26400
26500
26600
26700
26800
26900
27000
27100
27200
27300
27400
27500
27600
27700
27800
27900
28000
28100
28200
28300
28400
28500
28600
28700
28800
28900
29000
29100
29200
29300
29400
29500
29600
29700
29800
29900
OOD log likelihood with variance 1.0: -100.01808166503906
[2025-11-16 23:09:41,590][HYDRA] 	#42 : posterior=sbvi posterior.num_samples=1 optimization.epochs=30000 posterior.temperature=1 seed=0 optimization.learning_rate=0.0001 dataset=spiked_linear dataset.n_train=64 dataset.n_features=10000 posterior.num_squash_vectors=1
Config:
posterior:
  type: sbvi
  weight_variance_init: 1
  bias_variance_init: 1
  num_samples: 1
  temperature: 1
  posterior_exponentiation: tempered
  num_squash_vectors: 1
dataset:
  type: regression
  label: spiked_linear
  n_train: 64
  n_test: 200
  rank: 1
  n_features: 10000
  noise_std: 0.1
  ood_input_variance:
  - 1.0
seed: 0
optimization:
  learning_rate: 0.0001
  batch_size: 2056
  epochs: 30000
model:
  type: mlp
  hidden_layers:
  - 64
  - 64
  prior_std: 0.33
  ff: None
  ff_amplitudes: false

Using device: cuda
0
OOD log likelihood with variance 1.0: -24883590.0
100
200
300
400
500
600
700
800
900
1000
1100
1200
1300
1400
1500
1600
1700
1800
1900
2000
2100
2200
2300
2400
2500
2600
2700
2800
2900
3000
3100
3200
3300
3400
3500
3600
3700
3800
3900
4000
4100
4200
4300
4400
4500
4600
4700
4800
4900
5000
5100
5200
5300
5400
5500
5600
5700
5800
5900
6000
6100
6200
6300
6400
6500
6600
6700
6800
6900
7000
7100
7200
7300
7400
7500
7600
7700
7800
7900
8000
8100
8200
8300
8400
8500
8600
8700
8800
8900
9000
9100
9200
9300
9400
9500
9600
9700
9800
9900
10000
OOD log likelihood with variance 1.0: -7242.5712890625
10100
10200
10300
10400
10500
10600
10700
10800
10900
11000
11100
11200
11300
11400
11500
11600
11700
11800
11900
12000
12100
12200
12300
12400
12500
12600
12700
12800
12900
13000
13100
13200
13300
13400
13500
13600
13700
13800
13900
14000
14100
14200
14300
14400
14500
14600
14700
14800
14900
15000
15100
15200
15300
15400
15500
15600
15700
15800
15900
16000
16100
16200
16300
16400
16500
16600
16700
16800
16900
17000
17100
17200
17300
17400
17500
17600
17700
17800
17900
18000
18100
18200
18300
18400
18500
18600
18700
18800
18900
19000
19100
19200
19300
19400
19500
19600
19700
19800
19900
20000
OOD log likelihood with variance 1.0: -18422.466796875
20100
20200
20300
20400
20500
20600
20700
20800
20900
21000
21100
21200
21300
21400
21500
21600
21700
21800
21900
22000
22100
22200
22300
22400
22500
22600
22700
22800
22900
23000
23100
23200
23300
23400
23500
23600
23700
23800
23900
24000
24100
24200
24300
24400
24500
24600
24700
24800
24900
25000
25100
25200
25300
25400
25500
25600
25700
25800
25900
26000
26100
26200
26300
26400
26500
26600
26700
26800
26900
27000
27100
27200
27300
27400
27500
27600
27700
27800
27900
28000
28100
28200
28300
28400
28500
28600
28700
28800
28900
29000
29100
29200
29300
29400
29500
29600
29700
29800
29900
OOD log likelihood with variance 1.0: -329.2821044921875
[2025-11-16 23:19:32,564][HYDRA] 	#43 : posterior=sbvi posterior.num_samples=1 optimization.epochs=30000 posterior.temperature=1 seed=0 optimization.learning_rate=0.0001 dataset=spiked_linear dataset.n_train=64 dataset.n_features=10000 posterior.num_squash_vectors=4
Config:
posterior:
  type: sbvi
  weight_variance_init: 1
  bias_variance_init: 1
  num_samples: 1
  temperature: 1
  posterior_exponentiation: tempered
  num_squash_vectors: 4
dataset:
  type: regression
  label: spiked_linear
  n_train: 64
  n_test: 200
  rank: 1
  n_features: 10000
  noise_std: 0.1
  ood_input_variance:
  - 1.0
seed: 0
optimization:
  learning_rate: 0.0001
  batch_size: 2056
  epochs: 30000
model:
  type: mlp
  hidden_layers:
  - 64
  - 64
  prior_std: 0.33
  ff: None
  ff_amplitudes: false

Using device: cuda
0
OOD log likelihood with variance 1.0: -60013300.0
100
200
300
400
500
600
700
800
900
1000
1100
1200
1300
1400
1500
1600
1700
1800
1900
2000
2100
2200
2300
2400
2500
2600
2700
2800
2900
3000
3100
3200
3300
3400
3500
3600
3700
3800
3900
4000
4100
4200
4300
4400
4500
4600
4700
4800
4900
5000
5100
5200
5300
5400
5500
5600
5700
5800
5900
6000
6100
6200
6300
6400
6500
6600
6700
6800
6900
7000
7100
7200
7300
7400
7500
7600
7700
7800
7900
8000
8100
8200
8300
8400
8500
8600
8700
8800
8900
9000
9100
9200
9300
9400
9500
9600
9700
9800
9900
10000
OOD log likelihood with variance 1.0: -1951.553955078125
10100
10200
10300
10400
10500
10600
10700
10800
10900
11000
11100
11200
11300
11400
11500
11600
11700
11800
11900
12000
12100
12200
12300
12400
12500
12600
12700
12800
12900
13000
13100
13200
13300
13400
13500
13600
13700
13800
13900
14000
14100
14200
14300
14400
14500
14600
14700
14800
14900
15000
15100
15200
15300
15400
15500
15600
15700
15800
15900
16000
16100
16200
16300
16400
16500
16600
16700
16800
16900
17000
17100
17200
17300
17400
17500
17600
17700
17800
17900
18000
18100
18200
18300
18400
18500
18600
18700
18800
18900
19000
19100
19200
19300
19400
19500
19600
19700
19800
19900
20000
OOD log likelihood with variance 1.0: -902.56201171875
20100
20200
20300
20400
20500
20600
20700
20800
20900
21000
21100
21200
21300
21400
21500
21600
21700
21800
21900
22000
22100
22200
22300
22400
22500
22600
22700
22800
22900
23000
23100
23200
23300
23400
23500
23600
23700
23800
23900
24000
24100
24200
24300
24400
24500
24600
24700
24800
24900
25000
25100
25200
25300
25400
25500
25600
25700
25800
25900
26000
26100
26200
26300
26400
26500
26600
26700
26800
26900
27000
27100
27200
27300
27400
27500
27600
27700
27800
27900
28000
28100
28200
28300
28400
28500
28600
28700
28800
28900
29000
29100
29200
29300
29400
29500
29600
29700
29800
29900
OOD log likelihood with variance 1.0: -7016.70458984375
[2025-11-16 23:29:30,405][HYDRA] 	#44 : posterior=sbvi posterior.num_samples=1 optimization.epochs=30000 posterior.temperature=1 seed=0 optimization.learning_rate=0.0001 dataset=spiked_linear dataset.n_train=64 dataset.n_features=10000 posterior.num_squash_vectors=16
Config:
posterior:
  type: sbvi
  weight_variance_init: 1
  bias_variance_init: 1
  num_samples: 1
  temperature: 1
  posterior_exponentiation: tempered
  num_squash_vectors: 16
dataset:
  type: regression
  label: spiked_linear
  n_train: 64
  n_test: 200
  rank: 1
  n_features: 10000
  noise_std: 0.1
  ood_input_variance:
  - 1.0
seed: 0
optimization:
  learning_rate: 0.0001
  batch_size: 2056
  epochs: 30000
model:
  type: mlp
  hidden_layers:
  - 64
  - 64
  prior_std: 0.33
  ff: None
  ff_amplitudes: false

Using device: cuda
0
[2025-11-16 23:29:35,984][HYDRA] 	#45 : posterior=sbvi posterior.num_samples=1 optimization.epochs=30000 posterior.temperature=1 seed=0 optimization.learning_rate=0.0001 dataset=spiked_linear dataset.n_train=512 dataset.n_features=1 posterior.num_squash_vectors=1
Config:
posterior:
  type: sbvi
  weight_variance_init: 1
  bias_variance_init: 1
  num_samples: 1
  temperature: 1
  posterior_exponentiation: tempered
  num_squash_vectors: 1
dataset:
  type: regression
  label: spiked_linear
  n_train: 512
  n_test: 200
  rank: 1
  n_features: 1
  noise_std: 0.1
  ood_input_variance:
  - 1.0
seed: 0
optimization:
  learning_rate: 0.0001
  batch_size: 2056
  epochs: 30000
model:
  type: mlp
  hidden_layers:
  - 64
  - 64
  prior_std: 0.33
  ff: None
  ff_amplitudes: false

Using device: cuda
0
OOD log likelihood with variance 1.0: -167489.921875
100
200
300
400
500
600
700
800
900
1000
1100
1200
1300
1400
1500
1600
1700
1800
1900
2000
2100
2200
2300
2400
2500
2600
2700
2800
2900
3000
3100
3200
3300
3400
3500
3600
3700
3800
3900
4000
4100
4200
4300
4400
4500
4600
4700
4800
4900
5000
5100
5200
5300
5400
5500
5600
5700
5800
5900
6000
6100
6200
6300
6400
6500
6600
6700
6800
6900
7000
7100
7200
7300
7400
7500
7600
7700
7800
7900
8000
8100
8200
8300
8400
8500
8600
8700
8800
8900
9000
9100
9200
9300
9400
9500
9600
9700
9800
9900
10000
OOD log likelihood with variance 1.0: -0.4077688753604889
10100
10200
10300
10400
10500
10600
10700
10800
10900
11000
11100
11200
11300
11400
11500
11600
11700
11800
11900
12000
12100
12200
12300
12400
12500
12600
12700
12800
12900
13000
13100
13200
13300
13400
13500
13600
13700
13800
13900
14000
14100
14200
14300
14400
14500
14600
14700
14800
14900
15000
15100
15200
15300
15400
15500
15600
15700
15800
15900
16000
16100
16200
16300
16400
16500
16600
16700
16800
16900
17000
17100
17200
17300
17400
17500
17600
17700
17800
17900
18000
18100
18200
18300
18400
18500
18600
18700
18800
18900
19000
19100
19200
19300
19400
19500
19600
19700
19800
19900
20000
OOD log likelihood with variance 1.0: -0.4019889533519745
20100
20200
20300
20400
20500
20600
20700
20800
20900
21000
21100
21200
21300
21400
21500
21600
21700
21800
21900
22000
22100
22200
22300
22400
22500
22600
22700
22800
22900
23000
23100
23200
23300
23400
23500
23600
23700
23800
23900
24000
24100
24200
24300
24400
24500
24600
24700
24800
24900
25000
25100
25200
25300
25400
25500
25600
25700
25800
25900
26000
26100
26200
26300
26400
26500
26600
26700
26800
26900
27000
27100
27200
27300
27400
27500
27600
27700
27800
27900
28000
28100
28200
28300
28400
28500
28600
28700
28800
28900
29000
29100
29200
29300
29400
29500
29600
29700
29800
29900
OOD log likelihood with variance 1.0: 0.6545490026473999
[2025-11-16 23:36:49,032][HYDRA] 	#46 : posterior=sbvi posterior.num_samples=1 optimization.epochs=30000 posterior.temperature=1 seed=0 optimization.learning_rate=0.0001 dataset=spiked_linear dataset.n_train=512 dataset.n_features=1 posterior.num_squash_vectors=4
Config:
posterior:
  type: sbvi
  weight_variance_init: 1
  bias_variance_init: 1
  num_samples: 1
  temperature: 1
  posterior_exponentiation: tempered
  num_squash_vectors: 4
dataset:
  type: regression
  label: spiked_linear
  n_train: 512
  n_test: 200
  rank: 1
  n_features: 1
  noise_std: 0.1
  ood_input_variance:
  - 1.0
seed: 0
optimization:
  learning_rate: 0.0001
  batch_size: 2056
  epochs: 30000
model:
  type: mlp
  hidden_layers:
  - 64
  - 64
  prior_std: 0.33
  ff: None
  ff_amplitudes: false

Using device: cuda
0
OOD log likelihood with variance 1.0: -41761.8203125
100
200
300
400
500
600
700
800
900
1000
1100
1200
1300
1400
1500
1600
1700
1800
1900
2000
2100
2200
2300
2400
2500
2600
2700
2800
2900
3000
3100
3200
3300
3400
3500
3600
3700
3800
3900
4000
4100
4200
4300
4400
4500
4600
4700
4800
4900
5000
5100
5200
5300
5400
5500
5600
5700
5800
5900
6000
6100
6200
6300
6400
6500
6600
6700
6800
6900
7000
7100
7200
7300
7400
7500
7600
7700
7800
7900
8000
8100
8200
8300
8400
8500
8600
8700
8800
8900
9000
9100
9200
9300
9400
9500
9600
9700
9800
9900
10000
OOD log likelihood with variance 1.0: 0.4478193521499634
10100
10200
10300
10400
10500
10600
10700
10800
10900
11000
11100
11200
11300
11400
11500
11600
11700
11800
11900
12000
12100
12200
12300
12400
12500
12600
12700
12800
12900
13000
13100
13200
13300
13400
13500
13600
13700
13800
13900
14000
14100
14200
14300
14400
14500
14600
14700
14800
14900
15000
15100
15200
15300
15400
15500
15600
15700
15800
15900
16000
16100
16200
16300
16400
16500
16600
16700
16800
16900
17000
17100
17200
17300
17400
17500
17600
17700
17800
17900
18000
18100
18200
18300
18400
18500
18600
18700
18800
18900
19000
19100
19200
19300
19400
19500
19600
19700
19800
19900
20000
OOD log likelihood with variance 1.0: -0.713127613067627
20100
20200
20300
20400
20500
20600
20700
20800
20900
21000
21100
21200
21300
21400
21500
21600
21700
21800
21900
22000
22100
22200
22300
22400
22500
22600
22700
22800
22900
23000
23100
23200
23300
23400
23500
23600
23700
23800
23900
24000
24100
24200
24300
24400
24500
24600
24700
24800
24900
25000
25100
25200
25300
25400
25500
25600
25700
25800
25900
26000
26100
26200
26300
26400
26500
26600
26700
26800
26900
27000
27100
27200
27300
27400
27500
27600
27700
27800
27900
28000
28100
28200
28300
28400
28500
28600
28700
28800
28900
29000
29100
29200
29300
29400
29500
29600
29700
29800
29900
OOD log likelihood with variance 1.0: 0.705679714679718
[2025-11-16 23:44:03,869][HYDRA] 	#47 : posterior=sbvi posterior.num_samples=1 optimization.epochs=30000 posterior.temperature=1 seed=0 optimization.learning_rate=0.0001 dataset=spiked_linear dataset.n_train=512 dataset.n_features=1 posterior.num_squash_vectors=16
Config:
posterior:
  type: sbvi
  weight_variance_init: 1
  bias_variance_init: 1
  num_samples: 1
  temperature: 1
  posterior_exponentiation: tempered
  num_squash_vectors: 16
dataset:
  type: regression
  label: spiked_linear
  n_train: 512
  n_test: 200
  rank: 1
  n_features: 1
  noise_std: 0.1
  ood_input_variance:
  - 1.0
seed: 0
optimization:
  learning_rate: 0.0001
  batch_size: 2056
  epochs: 30000
model:
  type: mlp
  hidden_layers:
  - 64
  - 64
  prior_std: 0.33
  ff: None
  ff_amplitudes: false

Using device: cuda
0
OOD log likelihood with variance 1.0: -55168.6953125
100
200
300
400
500
600
700
800
900
1000
1100
1200
1300
1400
1500
1600
1700
1800
1900
2000
2100
2200
2300
2400
2500
2600
2700
2800
2900
3000
3100
3200
3300
3400
3500
3600
3700
3800
3900
4000
4100
4200
4300
4400
4500
4600
4700
4800
4900
5000
5100
5200
5300
5400
5500
5600
5700
5800
5900
6000
6100
6200
6300
6400
6500
6600
6700
6800
6900
7000
7100
7200
7300
7400
7500
7600
7700
7800
7900
8000
8100
8200
8300
8400
8500
8600
8700
8800
8900
9000
9100
9200
9300
9400
9500
9600
9700
9800
9900
10000
OOD log likelihood with variance 1.0: 0.4457799792289734
10100
10200
10300
10400
10500
10600
10700
10800
10900
11000
11100
11200
11300
11400
11500
11600
11700
11800
11900
12000
12100
12200
12300
12400
12500
12600
12700
12800
12900
13000
13100
13200
13300
13400
13500
13600
13700
13800
13900
14000
14100
14200
14300
14400
14500
14600
14700
14800
14900
15000
15100
15200
15300
15400
15500
15600
15700
15800
15900
16000
16100
16200
16300
16400
16500
16600
16700
16800
16900
17000
17100
17200
17300
17400
17500
17600
17700
17800
17900
18000
18100
18200
18300
18400
18500
18600
18700
18800
18900
19000
19100
19200
19300
19400
19500
19600
19700
19800
19900
20000
OOD log likelihood with variance 1.0: 0.29986846446990967
20100
20200
20300
20400
20500
20600
20700
20800
20900
21000
21100
21200
21300
21400
21500
21600
21700
21800
21900
22000
22100
22200
22300
22400
22500
22600
22700
22800
22900
23000
23100
23200
23300
23400
23500
23600
23700
23800
23900
24000
24100
24200
24300
24400
24500
24600
24700
24800
24900
25000
25100
25200
25300
25400
25500
25600
25700
25800
25900
26000
26100
26200
26300
26400
26500
26600
26700
26800
26900
27000
27100
27200
27300
27400
27500
27600
27700
27800
27900
28000
28100
28200
28300
28400
28500
28600
28700
28800
28900
29000
29100
29200
29300
29400
29500
29600
29700
29800
29900
OOD log likelihood with variance 1.0: -0.6755435466766357
[2025-11-16 23:51:26,583][HYDRA] 	#48 : posterior=sbvi posterior.num_samples=1 optimization.epochs=30000 posterior.temperature=1 seed=0 optimization.learning_rate=0.0001 dataset=spiked_linear dataset.n_train=512 dataset.n_features=500 posterior.num_squash_vectors=1
Config:
posterior:
  type: sbvi
  weight_variance_init: 1
  bias_variance_init: 1
  num_samples: 1
  temperature: 1
  posterior_exponentiation: tempered
  num_squash_vectors: 1
dataset:
  type: regression
  label: spiked_linear
  n_train: 512
  n_test: 200
  rank: 1
  n_features: 500
  noise_std: 0.1
  ood_input_variance:
  - 1.0
seed: 0
optimization:
  learning_rate: 0.0001
  batch_size: 2056
  epochs: 30000
model:
  type: mlp
  hidden_layers:
  - 64
  - 64
  prior_std: 0.33
  ff: None
  ff_amplitudes: false

Using device: cuda
0
OOD log likelihood with variance 1.0: -45461480.0
100
200
300
400
500
600
700
800
900
1000
1100
1200
1300
1400
1500
1600
1700
1800
1900
2000
2100
2200
2300
2400
2500
2600
2700
2800
2900
3000
3100
3200
3300
3400
3500
3600
3700
3800
3900
4000
4100
4200
4300
4400
4500
4600
4700
4800
4900
5000
5100
5200
5300
5400
5500
5600
5700
5800
5900
6000
6100
6200
6300
6400
6500
6600
6700
6800
6900
7000
7100
7200
7300
7400
7500
7600
7700
7800
7900
8000
8100
8200
8300
8400
8500
8600
8700
8800
8900
9000
9100
9200
9300
9400
9500
9600
9700
9800
9900
10000
OOD log likelihood with variance 1.0: -27.45528793334961
10100
10200
10300
10400
10500
10600
10700
10800
10900
11000
11100
11200
11300
11400
11500
11600
11700
11800
11900
12000
12100
12200
12300
12400
12500
12600
12700
12800
12900
13000
13100
13200
13300
13400
13500
13600
13700
13800
13900
14000
14100
14200
14300
14400
14500
14600
14700
14800
14900
15000
15100
15200
15300
15400
15500
15600
15700
15800
15900
16000
16100
16200
16300
16400
16500
16600
16700
16800
16900
17000
17100
17200
17300
17400
17500
17600
17700
17800
17900
18000
18100
18200
18300
18400
18500
18600
18700
18800
18900
19000
19100
19200
19300
19400
19500
19600
19700
19800
19900
20000
OOD log likelihood with variance 1.0: -70.1841812133789
20100
20200
20300
20400
20500
20600
20700
20800
20900
21000
21100
21200
21300
21400
21500
21600
21700
21800
21900
22000
22100
22200
22300
22400
22500
22600
22700
22800
22900
23000
23100
23200
23300
23400
23500
23600
23700
23800
23900
24000
24100
24200
24300
24400
24500
24600
24700
24800
24900
25000
25100
25200
25300
25400
25500
25600
25700
25800
25900
26000
26100
26200
26300
26400
26500
26600
26700
26800
26900
27000
27100
27200
27300
27400
27500
27600
27700
27800
27900
28000
28100
28200
28300
28400
28500
28600
28700
28800
28900
29000
29100
29200
29300
29400
29500
29600
29700
29800
29900
OOD log likelihood with variance 1.0: -16.27899742126465
[2025-11-16 23:59:16,825][HYDRA] 	#49 : posterior=sbvi posterior.num_samples=1 optimization.epochs=30000 posterior.temperature=1 seed=0 optimization.learning_rate=0.0001 dataset=spiked_linear dataset.n_train=512 dataset.n_features=500 posterior.num_squash_vectors=4
Config:
posterior:
  type: sbvi
  weight_variance_init: 1
  bias_variance_init: 1
  num_samples: 1
  temperature: 1
  posterior_exponentiation: tempered
  num_squash_vectors: 4
dataset:
  type: regression
  label: spiked_linear
  n_train: 512
  n_test: 200
  rank: 1
  n_features: 500
  noise_std: 0.1
  ood_input_variance:
  - 1.0
seed: 0
optimization:
  learning_rate: 0.0001
  batch_size: 2056
  epochs: 30000
model:
  type: mlp
  hidden_layers:
  - 64
  - 64
  prior_std: 0.33
  ff: None
  ff_amplitudes: false

Using device: cuda
0
OOD log likelihood with variance 1.0: -41448208.0
100
200
300
400
500
600
700
800
900
1000
1100
1200
1300
1400
1500
1600
1700
1800
1900
2000
2100
2200
2300
2400
2500
2600
2700
2800
2900
3000
3100
3200
3300
3400
3500
3600
3700
3800
3900
4000
4100
4200
4300
4400
4500
4600
4700
4800
4900
5000
5100
5200
5300
5400
5500
5600
5700
5800
5900
6000
6100
6200
6300
6400
6500
6600
6700
6800
6900
7000
7100
7200
7300
7400
7500
7600
7700
7800
7900
8000
8100
8200
8300
8400
8500
8600
8700
8800
8900
9000
9100
9200
9300
9400
9500
9600
9700
9800
9900
10000
OOD log likelihood with variance 1.0: -95.66873168945312
10100
10200
10300
10400
10500
10600
10700
10800
10900
11000
11100
11200
11300
11400
11500
11600
11700
11800
11900
12000
12100
12200
12300
12400
12500
12600
12700
12800
12900
13000
13100
13200
13300
13400
13500
13600
13700
13800
13900
14000
14100
14200
14300
14400
14500
14600
14700
14800
14900
15000
15100
15200
15300
15400
15500
15600
15700
15800
15900
16000
16100
16200
16300
16400
16500
16600
16700
16800
16900
17000
17100
17200
17300
17400
17500
17600
17700
17800
17900
18000
18100
18200
18300
18400
18500
18600
18700
18800
18900
19000
19100
19200
19300
19400
19500
19600
19700
19800
19900
20000
OOD log likelihood with variance 1.0: -51.04310607910156
20100
20200
20300
20400
20500
20600
20700
20800
20900
21000
21100
21200
21300
21400
21500
21600
21700
21800
21900
22000
22100
22200
22300
22400
22500
22600
22700
22800
22900
23000
23100
23200
23300
23400
23500
23600
23700
23800
23900
24000
24100
24200
24300
24400
24500
24600
24700
24800
24900
25000
25100
25200
25300
25400
25500
25600
25700
25800
25900
26000
26100
26200
26300
26400
26500
26600
26700
26800
26900
27000
27100
27200
27300
27400
27500
27600
27700
27800
27900
28000
28100
28200
28300
28400
28500
28600
28700
28800
28900
29000
29100
29200
29300
29400
29500
29600
29700
29800
29900
OOD log likelihood with variance 1.0: -13.60055160522461
[2025-11-17 00:07:09,701][HYDRA] 	#50 : posterior=sbvi posterior.num_samples=1 optimization.epochs=30000 posterior.temperature=1 seed=0 optimization.learning_rate=0.0001 dataset=spiked_linear dataset.n_train=512 dataset.n_features=500 posterior.num_squash_vectors=16
Config:
posterior:
  type: sbvi
  weight_variance_init: 1
  bias_variance_init: 1
  num_samples: 1
  temperature: 1
  posterior_exponentiation: tempered
  num_squash_vectors: 16
dataset:
  type: regression
  label: spiked_linear
  n_train: 512
  n_test: 200
  rank: 1
  n_features: 500
  noise_std: 0.1
  ood_input_variance:
  - 1.0
seed: 0
optimization:
  learning_rate: 0.0001
  batch_size: 2056
  epochs: 30000
model:
  type: mlp
  hidden_layers:
  - 64
  - 64
  prior_std: 0.33
  ff: None
  ff_amplitudes: false

Using device: cuda
0
OOD log likelihood with variance 1.0: -19106668.0
100
200
300
400
500
600
700
800
900
1000
1100
1200
1300
1400
1500
1600
1700
1800
1900
2000
2100
2200
2300
2400
2500
2600
2700
2800
2900
3000
3100
3200
3300
3400
3500
3600
3700
3800
3900
4000
4100
4200
4300
4400
4500
4600
4700
4800
4900
5000
5100
5200
5300
5400
5500
5600
5700
5800
5900
6000
6100
6200
6300
6400
6500
6600
6700
6800
6900
7000
7100
7200
7300
7400
7500
7600
7700
7800
7900
8000
8100
8200
8300
8400
8500
8600
8700
8800
8900
9000
9100
9200
9300
9400
9500
9600
9700
9800
9900
10000
OOD log likelihood with variance 1.0: -15.199246406555176
10100
10200
10300
10400
10500
10600
10700
10800
10900
11000
11100
11200
11300
11400
11500
11600
11700
11800
11900
12000
12100
12200
12300
12400
12500
12600
12700
12800
12900
13000
13100
13200
13300
13400
13500
13600
13700
13800
13900
14000
14100
14200
14300
14400
14500
14600
14700
14800
14900
15000
15100
15200
15300
15400
15500
15600
15700
15800
15900
16000
16100
16200
16300
16400
16500
16600
16700
16800
16900
17000
17100
17200
17300
17400
17500
17600
17700
17800
17900
18000
18100
18200
18300
18400
18500
18600
18700
18800
18900
19000
19100
19200
19300
19400
19500
19600
19700
19800
19900
20000
OOD log likelihood with variance 1.0: -186.2642059326172
20100
20200
20300
20400
20500
20600
20700
20800
20900
21000
21100
21200
21300
21400
21500
21600
21700
21800
21900
22000
22100
22200
22300
22400
22500
22600
22700
22800
22900
23000
23100
23200
23300
23400
23500
23600
23700
23800
23900
24000
24100
24200
24300
24400
24500
24600
24700
24800
24900
25000
25100
25200
25300
25400
25500
25600
25700
25800
25900
26000
26100
26200
26300
26400
26500
26600
26700
26800
26900
27000
27100
27200
27300
27400
27500
27600
27700
27800
27900
28000
28100
28200
28300
28400
28500
28600
28700
28800
28900
29000
29100
29200
29300
29400
29500
29600
29700
29800
29900
OOD log likelihood with variance 1.0: -230.63003540039062
[2025-11-17 00:15:10,448][HYDRA] 	#51 : posterior=sbvi posterior.num_samples=1 optimization.epochs=30000 posterior.temperature=1 seed=0 optimization.learning_rate=0.0001 dataset=spiked_linear dataset.n_train=512 dataset.n_features=10000 posterior.num_squash_vectors=1
Config:
posterior:
  type: sbvi
  weight_variance_init: 1
  bias_variance_init: 1
  num_samples: 1
  temperature: 1
  posterior_exponentiation: tempered
  num_squash_vectors: 1
dataset:
  type: regression
  label: spiked_linear
  n_train: 512
  n_test: 200
  rank: 1
  n_features: 10000
  noise_std: 0.1
  ood_input_variance:
  - 1.0
seed: 0
optimization:
  learning_rate: 0.0001
  batch_size: 2056
  epochs: 30000
model:
  type: mlp
  hidden_layers:
  - 64
  - 64
  prior_std: 0.33
  ff: None
  ff_amplitudes: false

Using device: cuda
0
OOD log likelihood with variance 1.0: -113689472.0
100
200
300
400
500
600
700
800
900
1000
1100
1200
1300
1400
1500
1600
1700
1800
1900
2000
2100
2200
2300
2400
2500
2600
2700
2800
2900
3000
3100
3200
3300
3400
3500
3600
3700
3800
3900
4000
4100
4200
4300
4400
4500
4600
4700
4800
4900
5000
5100
5200
5300
5400
5500
5600
5700
5800
5900
6000
6100
6200
6300
6400
6500
6600
6700
6800
6900
7000
7100
7200
7300
7400
7500
7600
7700
7800
7900
8000
8100
8200
8300
8400
8500
8600
8700
8800
8900
9000
9100
9200
9300
9400
9500
9600
9700
9800
9900
10000
OOD log likelihood with variance 1.0: -9724.380859375
10100
10200
10300
10400
10500
10600
10700
10800
10900
11000
11100
11200
11300
11400
11500
11600
11700
11800
11900
12000
12100
12200
12300
12400
12500
12600
12700
12800
12900
13000
13100
13200
13300
13400
13500
13600
13700
13800
13900
14000
14100
14200
14300
14400
14500
14600
14700
14800
14900
15000
15100
15200
15300
15400
15500
15600
15700
15800
15900
16000
16100
16200
16300
16400
16500
16600
16700
16800
16900
17000
17100
17200
17300
17400
17500
17600
17700
17800
17900
18000
18100
18200
18300
18400
18500
18600
18700
18800
18900
19000
19100
19200
19300
19400
19500
19600
19700
19800
19900
20000
OOD log likelihood with variance 1.0: -3968.93310546875
20100
20200
20300
20400
20500
20600
20700
20800
20900
21000
21100
21200
21300
21400
21500
21600
21700
21800
21900
22000
22100
22200
22300
22400
22500
22600
22700
22800
22900
23000
23100
23200
23300
23400
23500
23600
23700
23800
23900
24000
24100
24200
24300
24400
24500
24600
24700
24800
24900
25000
25100
25200
25300
25400
25500
25600
25700
25800
25900
26000
26100
26200
26300
26400
26500
26600
26700
26800
26900
27000
27100
27200
27300
27400
27500
27600
27700
27800
27900
28000
28100
28200
28300
28400
28500
28600
28700
28800
28900
29000
29100
29200
29300
29400
29500
29600
29700
29800
29900
OOD log likelihood with variance 1.0: -1975.26611328125
[2025-11-17 00:30:35,668][HYDRA] 	#52 : posterior=sbvi posterior.num_samples=1 optimization.epochs=30000 posterior.temperature=1 seed=0 optimization.learning_rate=0.0001 dataset=spiked_linear dataset.n_train=512 dataset.n_features=10000 posterior.num_squash_vectors=4
Config:
posterior:
  type: sbvi
  weight_variance_init: 1
  bias_variance_init: 1
  num_samples: 1
  temperature: 1
  posterior_exponentiation: tempered
  num_squash_vectors: 4
dataset:
  type: regression
  label: spiked_linear
  n_train: 512
  n_test: 200
  rank: 1
  n_features: 10000
  noise_std: 0.1
  ood_input_variance:
  - 1.0
seed: 0
optimization:
  learning_rate: 0.0001
  batch_size: 2056
  epochs: 30000
model:
  type: mlp
  hidden_layers:
  - 64
  - 64
  prior_std: 0.33
  ff: None
  ff_amplitudes: false

Using device: cuda
0
OOD log likelihood with variance 1.0: -2510230528.0
100
200
300
400
500
600
700
800
900
1000
1100
1200
1300
1400
1500
1600
1700
1800
1900
2000
2100
2200
2300
2400
2500
2600
2700
2800
2900
3000
3100
3200
3300
3400
3500
3600
3700
3800
3900
4000
4100
4200
4300
4400
4500
4600
4700
4800
4900
5000
5100
5200
5300
5400
5500
5600
5700
5800
5900
6000
6100
6200
6300
6400
6500
6600
6700
6800
6900
7000
7100
7200
7300
7400
7500
7600
7700
7800
7900
8000
8100
8200
8300
8400
8500
8600
8700
8800
8900
9000
9100
9200
9300
9400
9500
9600
9700
9800
9900
10000
OOD log likelihood with variance 1.0: -2298.27001953125
10100
10200
10300
10400
10500
10600
10700
10800
10900
11000
11100
11200
11300
11400
11500
11600
11700
11800
11900
12000
12100
12200
12300
12400
12500
12600
12700
12800
12900
13000
13100
13200
13300
13400
13500
13600
13700
13800
13900
14000
14100
14200
14300
14400
14500
14600
14700
14800
14900
15000
15100
15200
15300
15400
15500
15600
15700
15800
15900
16000
16100
16200
16300
16400
16500
16600
16700
16800
16900
17000
17100
17200
17300
17400
17500
17600
17700
17800
17900
18000
18100
18200
18300
18400
18500
18600
18700
18800
18900
19000
19100
19200
19300
19400
19500
19600
19700
19800
19900
20000
OOD log likelihood with variance 1.0: -2090.402099609375
20100
20200
20300
20400
20500
20600
20700
20800
20900
21000
21100
21200
21300
21400
21500
21600
21700
21800
21900
22000
22100
22200
22300
22400
22500
22600
22700
22800
22900
23000
23100
23200
23300
23400
23500
23600
23700
23800
23900
24000
24100
24200
24300
24400
24500
24600
24700
24800
24900
25000
25100
25200
25300
25400
25500
25600
25700
25800
25900
26000
26100
26200
26300
26400
26500
26600
26700
26800
26900
27000
27100
27200
27300
27400
27500
27600
27700
27800
27900
28000
28100
28200
28300
28400
28500
28600
28700
28800
28900
29000
29100
29200
29300
29400
29500
29600
29700
29800
29900
OOD log likelihood with variance 1.0: -6639.416015625
[2025-11-17 00:46:20,023][HYDRA] 	#53 : posterior=sbvi posterior.num_samples=1 optimization.epochs=30000 posterior.temperature=1 seed=0 optimization.learning_rate=0.0001 dataset=spiked_linear dataset.n_train=512 dataset.n_features=10000 posterior.num_squash_vectors=16
Config:
posterior:
  type: sbvi
  weight_variance_init: 1
  bias_variance_init: 1
  num_samples: 1
  temperature: 1
  posterior_exponentiation: tempered
  num_squash_vectors: 16
dataset:
  type: regression
  label: spiked_linear
  n_train: 512
  n_test: 200
  rank: 1
  n_features: 10000
  noise_std: 0.1
  ood_input_variance:
  - 1.0
seed: 0
optimization:
  learning_rate: 0.0001
  batch_size: 2056
  epochs: 30000
model:
  type: mlp
  hidden_layers:
  - 64
  - 64
  prior_std: 0.33
  ff: None
  ff_amplitudes: false

Using device: cuda
0
[2025-11-17 00:46:25,967][HYDRA] 	#54 : posterior=sbvi posterior.num_samples=1 optimization.epochs=30000 posterior.temperature=0.001 seed=0 optimization.learning_rate=0.0003 dataset=spiked_linear dataset.n_train=4 dataset.n_features=1 posterior.num_squash_vectors=1
Config:
posterior:
  type: sbvi
  weight_variance_init: 1
  bias_variance_init: 1
  num_samples: 1
  temperature: 0.001
  posterior_exponentiation: tempered
  num_squash_vectors: 1
dataset:
  type: regression
  label: spiked_linear
  n_train: 4
  n_test: 200
  rank: 1
  n_features: 1
  noise_std: 0.1
  ood_input_variance:
  - 1.0
seed: 0
optimization:
  learning_rate: 0.0003
  batch_size: 2056
  epochs: 30000
model:
  type: mlp
  hidden_layers:
  - 64
  - 64
  prior_std: 0.33
  ff: None
  ff_amplitudes: false

Using device: cuda
0
OOD log likelihood with variance 1.0: -26472.6796875
100
200
300
400
500
600
700
800
900
1000
1100
1200
1300
1400
1500
1600
1700
1800
1900
2000
2100
2200
2300
2400
2500
2600
2700
2800
2900
3000
3100
3200
3300
3400
3500
3600
3700
3800
3900
4000
4100
4200
4300
4400
4500
4600
4700
4800
4900
5000
5100
5200
5300
5400
5500
5600
5700
5800
5900
6000
6100
6200
6300
6400
6500
6600
6700
6800
6900
7000
7100
7200
7300
7400
7500
7600
7700
7800
7900
8000
8100
8200
8300
8400
8500
8600
8700
8800
8900
9000
9100
9200
9300
9400
9500
9600
9700
9800
9900
10000
OOD log likelihood with variance 1.0: -2734.697021484375
10100
10200
10300
10400
10500
10600
10700
10800
10900
11000
11100
11200
11300
11400
11500
11600
11700
11800
11900
12000
12100
12200
12300
12400
12500
12600
12700
12800
12900
13000
13100
13200
13300
13400
13500
13600
13700
13800
13900
14000
14100
14200
14300
14400
14500
14600
14700
14800
14900
15000
15100
15200
15300
15400
15500
15600
15700
15800
15900
16000
16100
16200
16300
16400
16500
16600
16700
16800
16900
17000
17100
17200
17300
17400
17500
17600
17700
17800
17900
18000
18100
18200
18300
18400
18500
18600
18700
18800
18900
19000
19100
19200
19300
19400
19500
19600
19700
19800
19900
20000
OOD log likelihood with variance 1.0: -2640.47412109375
20100
20200
20300
20400
20500
20600
20700
20800
20900
21000
21100
21200
21300
21400
21500
21600
21700
21800
21900
22000
22100
22200
22300
22400
22500
22600
22700
22800
22900
23000
23100
23200
23300
23400
23500
23600
23700
23800
23900
24000
24100
24200
24300
24400
24500
24600
24700
24800
24900
25000
25100
25200
25300
25400
25500
25600
25700
25800
25900
26000
26100
26200
26300
26400
26500
26600
26700
26800
26900
27000
27100
27200
27300
27400
27500
27600
27700
27800
27900
28000
28100
28200
28300
28400
28500
28600
28700
28800
28900
29000
29100
29200
29300
29400
29500
29600
29700
29800
29900
OOD log likelihood with variance 1.0: -2583.19775390625
[2025-11-17 00:51:59,944][HYDRA] 	#55 : posterior=sbvi posterior.num_samples=1 optimization.epochs=30000 posterior.temperature=0.001 seed=0 optimization.learning_rate=0.0003 dataset=spiked_linear dataset.n_train=4 dataset.n_features=1 posterior.num_squash_vectors=4
Config:
posterior:
  type: sbvi
  weight_variance_init: 1
  bias_variance_init: 1
  num_samples: 1
  temperature: 0.001
  posterior_exponentiation: tempered
  num_squash_vectors: 4
dataset:
  type: regression
  label: spiked_linear
  n_train: 4
  n_test: 200
  rank: 1
  n_features: 1
  noise_std: 0.1
  ood_input_variance:
  - 1.0
seed: 0
optimization:
  learning_rate: 0.0003
  batch_size: 2056
  epochs: 30000
model:
  type: mlp
  hidden_layers:
  - 64
  - 64
  prior_std: 0.33
  ff: None
  ff_amplitudes: false

Using device: cuda
0
OOD log likelihood with variance 1.0: -175502.40625
100
200
300
400
500
600
700
800
900
1000
1100
1200
1300
1400
1500
1600
1700
1800
1900
2000
2100
2200
2300
2400
2500
2600
2700
2800
2900
3000
3100
3200
3300
3400
3500
3600
3700
3800
3900
4000
4100
4200
4300
4400
4500
4600
4700
4800
4900
5000
5100
5200
5300
5400
5500
5600
5700
5800
5900
6000
6100
6200
6300
6400
6500
6600
6700
6800
6900
7000
7100
7200
7300
7400
7500
7600
7700
7800
7900
8000
8100
8200
8300
8400
8500
8600
8700
8800
8900
9000
9100
9200
9300
9400
9500
9600
9700
9800
9900
10000
OOD log likelihood with variance 1.0: -2627.369140625
10100
10200
10300
10400
10500
10600
10700
10800
10900
11000
11100
11200
11300
11400
11500
11600
11700
11800
11900
12000
12100
12200
12300
12400
12500
12600
12700
12800
12900
13000
13100
13200
13300
13400
13500
13600
13700
13800
13900
14000
14100
14200
14300
14400
14500
14600
14700
14800
14900
15000
15100
15200
15300
15400
15500
15600
15700
15800
15900
16000
16100
16200
16300
16400
16500
16600
16700
16800
16900
17000
17100
17200
17300
17400
17500
17600
17700
17800
17900
18000
18100
18200
18300
18400
18500
18600
18700
18800
18900
19000
19100
19200
19300
19400
19500
19600
19700
19800
19900
20000
OOD log likelihood with variance 1.0: -2540.89892578125
20100
20200
20300
20400
20500
20600
20700
20800
20900
21000
21100
21200
21300
21400
21500
21600
21700
21800
21900
22000
22100
22200
22300
22400
22500
22600
22700
22800
22900
23000
23100
23200
23300
23400
23500
23600
23700
23800
23900
24000
24100
24200
24300
24400
24500
24600
24700
24800
24900
25000
25100
25200
25300
25400
25500
25600
25700
25800
25900
26000
26100
26200
26300
26400
26500
26600
26700
26800
26900
27000
27100
27200
27300
27400
27500
27600
27700
27800
27900
28000
28100
28200
28300
28400
28500
28600
28700
28800
28900
29000
29100
29200
29300
29400
29500
29600
29700
29800
29900
OOD log likelihood with variance 1.0: -2477.373291015625
[2025-11-17 00:57:40,561][HYDRA] 	#56 : posterior=sbvi posterior.num_samples=1 optimization.epochs=30000 posterior.temperature=0.001 seed=0 optimization.learning_rate=0.0003 dataset=spiked_linear dataset.n_train=4 dataset.n_features=1 posterior.num_squash_vectors=16
Config:
posterior:
  type: sbvi
  weight_variance_init: 1
  bias_variance_init: 1
  num_samples: 1
  temperature: 0.001
  posterior_exponentiation: tempered
  num_squash_vectors: 16
dataset:
  type: regression
  label: spiked_linear
  n_train: 4
  n_test: 200
  rank: 1
  n_features: 1
  noise_std: 0.1
  ood_input_variance:
  - 1.0
seed: 0
optimization:
  learning_rate: 0.0003
  batch_size: 2056
  epochs: 30000
model:
  type: mlp
  hidden_layers:
  - 64
  - 64
  prior_std: 0.33
  ff: None
  ff_amplitudes: false

Using device: cuda
0
OOD log likelihood with variance 1.0: -204672.015625
100
200
300
400
500
600
700
800
900
1000
1100
1200
1300
1400
1500
1600
1700
1800
1900
2000
2100
2200
2300
2400
2500
2600
2700
2800
2900
3000
3100
3200
3300
3400
3500
3600
3700
3800
3900
4000
4100
4200
4300
4400
4500
4600
4700
4800
4900
5000
5100
5200
5300
5400
5500
5600
5700
5800
5900
6000
6100
6200
6300
6400
6500
6600
6700
6800
6900
7000
7100
7200
7300
7400
7500
7600
7700
7800
7900
8000
8100
8200
8300
8400
8500
8600
8700
8800
8900
9000
9100
9200
9300
9400
9500
9600
9700
9800
9900
10000
OOD log likelihood with variance 1.0: -556.8912353515625
10100
10200
10300
10400
10500
10600
10700
10800
10900
11000
11100
11200
11300
11400
11500
11600
11700
11800
11900
12000
12100
12200
12300
12400
12500
12600
12700
12800
12900
13000
13100
13200
13300
13400
13500
13600
13700
13800
13900
14000
14100
14200
14300
14400
14500
14600
14700
14800
14900
15000
15100
15200
15300
15400
15500
15600
15700
15800
15900
16000
16100
16200
16300
16400
16500
16600
16700
16800
16900
17000
17100
17200
17300
17400
17500
17600
17700
17800
17900
18000
18100
18200
18300
18400
18500
18600
18700
18800
18900
19000
19100
19200
19300
19400
19500
19600
19700
19800
19900
20000
OOD log likelihood with variance 1.0: -486.94580078125
20100
20200
20300
20400
20500
20600
20700
20800
20900
21000
21100
21200
21300
21400
21500
21600
21700
21800
21900
22000
22100
22200
22300
22400
22500
22600
22700
22800
22900
23000
23100
23200
23300
23400
23500
23600
23700
23800
23900
24000
24100
24200
24300
24400
24500
24600
24700
24800
24900
25000
25100
25200
25300
25400
25500
25600
25700
25800
25900
26000
26100
26200
26300
26400
26500
26600
26700
26800
26900
27000
27100
27200
27300
27400
27500
27600
27700
27800
27900
28000
28100
28200
28300
28400
28500
28600
28700
28800
28900
29000
29100
29200
29300
29400
29500
29600
29700
29800
29900
OOD log likelihood with variance 1.0: -392.3922119140625
[2025-11-17 01:03:23,399][HYDRA] 	#57 : posterior=sbvi posterior.num_samples=1 optimization.epochs=30000 posterior.temperature=0.001 seed=0 optimization.learning_rate=0.0003 dataset=spiked_linear dataset.n_train=4 dataset.n_features=500 posterior.num_squash_vectors=1
Config:
posterior:
  type: sbvi
  weight_variance_init: 1
  bias_variance_init: 1
  num_samples: 1
  temperature: 0.001
  posterior_exponentiation: tempered
  num_squash_vectors: 1
dataset:
  type: regression
  label: spiked_linear
  n_train: 4
  n_test: 200
  rank: 1
  n_features: 500
  noise_std: 0.1
  ood_input_variance:
  - 1.0
seed: 0
optimization:
  learning_rate: 0.0003
  batch_size: 2056
  epochs: 30000
model:
  type: mlp
  hidden_layers:
  - 64
  - 64
  prior_std: 0.33
  ff: None
  ff_amplitudes: false

Using device: cuda
0
OOD log likelihood with variance 1.0: -4966104.5
100
200
300
400
500
600
700
800
900
1000
1100
1200
1300
1400
1500
1600
1700
1800
1900
2000
2100
2200
2300
2400
2500
2600
2700
2800
2900
3000
3100
3200
3300
3400
3500
3600
3700
3800
3900
4000
4100
4200
4300
4400
4500
4600
4700
4800
4900
5000
5100
5200
5300
5400
5500
5600
5700
5800
5900
6000
6100
6200
6300
6400
6500
6600
6700
6800
6900
7000
7100
7200
7300
7400
7500
7600
7700
7800
7900
8000
8100
8200
8300
8400
8500
8600
8700
8800
8900
9000
9100
9200
9300
9400
9500
9600
9700
9800
9900
10000
OOD log likelihood with variance 1.0: -461.91094970703125
10100
10200
10300
10400
10500
10600
10700
10800
10900
11000
11100
11200
11300
11400
11500
11600
11700
11800
11900
12000
12100
12200
12300
12400
12500
12600
12700
12800
12900
13000
13100
13200
13300
13400
13500
13600
13700
13800
13900
14000
14100
14200
14300
14400
14500
14600
14700
14800
14900
15000
15100
15200
15300
15400
15500
15600
15700
15800
15900
16000
16100
16200
16300
16400
16500
16600
16700
16800
16900
17000
17100
17200
17300
17400
17500
17600
17700
17800
17900
18000
18100
18200
18300
18400
18500
18600
18700
18800
18900
19000
19100
19200
19300
19400
19500
19600
19700
19800
19900
20000
OOD log likelihood with variance 1.0: -501.96185302734375
20100
20200
20300
20400
20500
20600
20700
20800
20900
21000
21100
21200
21300
21400
21500
21600
21700
21800
21900
22000
22100
22200
22300
22400
22500
22600
22700
22800
22900
23000
23100
23200
23300
23400
23500
23600
23700
23800
23900
24000
24100
24200
24300
24400
24500
24600
24700
24800
24900
25000
25100
25200
25300
25400
25500
25600
25700
25800
25900
26000
26100
26200
26300
26400
26500
26600
26700
26800
26900
27000
27100
27200
27300
27400
27500
27600
27700
27800
27900
28000
28100
28200
28300
28400
28500
28600
28700
28800
28900
29000
29100
29200
29300
29400
29500
29600
29700
29800
29900
OOD log likelihood with variance 1.0: -505.73297119140625
[2025-11-17 01:09:06,367][HYDRA] 	#58 : posterior=sbvi posterior.num_samples=1 optimization.epochs=30000 posterior.temperature=0.001 seed=0 optimization.learning_rate=0.0003 dataset=spiked_linear dataset.n_train=4 dataset.n_features=500 posterior.num_squash_vectors=4
Config:
posterior:
  type: sbvi
  weight_variance_init: 1
  bias_variance_init: 1
  num_samples: 1
  temperature: 0.001
  posterior_exponentiation: tempered
  num_squash_vectors: 4
dataset:
  type: regression
  label: spiked_linear
  n_train: 4
  n_test: 200
  rank: 1
  n_features: 500
  noise_std: 0.1
  ood_input_variance:
  - 1.0
seed: 0
optimization:
  learning_rate: 0.0003
  batch_size: 2056
  epochs: 30000
model:
  type: mlp
  hidden_layers:
  - 64
  - 64
  prior_std: 0.33
  ff: None
  ff_amplitudes: false

Using device: cuda
0
OOD log likelihood with variance 1.0: -3586071.25
100
200
300
400
500
600
700
800
900
1000
1100
1200
1300
1400
1500
1600
1700
1800
1900
2000
2100
2200
2300
2400
2500
2600
2700
2800
2900
3000
3100
3200
3300
3400
3500
3600
3700
3800
3900
4000
4100
4200
4300
4400
4500
4600
4700
4800
4900
5000
5100
5200
5300
5400
5500
5600
5700
5800
5900
6000
6100
6200
6300
6400
6500
6600
6700
6800
6900
7000
7100
7200
7300
7400
7500
7600
7700
7800
7900
8000
8100
8200
8300
8400
8500
8600
8700
8800
8900
9000
9100
9200
9300
9400
9500
9600
9700
9800
9900
10000
OOD log likelihood with variance 1.0: -1543.1397705078125
10100
10200
10300
10400
10500
10600
10700
10800
10900
11000
11100
11200
11300
11400
11500
11600
11700
11800
11900
12000
12100
12200
12300
12400
12500
12600
12700
12800
12900
13000
13100
13200
13300
13400
13500
13600
13700
13800
13900
14000
14100
14200
14300
14400
14500
14600
14700
14800
14900
15000
15100
15200
15300
15400
15500
15600
15700
15800
15900
16000
16100
16200
16300
16400
16500
16600
16700
16800
16900
17000
17100
17200
17300
17400
17500
17600
17700
17800
17900
18000
18100
18200
18300
18400
18500
18600
18700
18800
18900
19000
19100
19200
19300
19400
19500
19600
19700
19800
19900
20000
OOD log likelihood with variance 1.0: -1294.126220703125
20100
20200
20300
20400
20500
20600
20700
20800
20900
21000
21100
21200
21300
21400
21500
21600
21700
21800
21900
22000
22100
22200
22300
22400
22500
22600
22700
22800
22900
23000
23100
23200
23300
23400
23500
23600
23700
23800
23900
24000
24100
24200
24300
24400
24500
24600
24700
24800
24900
25000
25100
25200
25300
25400
25500
25600
25700
25800
25900
26000
26100
26200
26300
26400
26500
26600
26700
26800
26900
27000
27100
27200
27300
27400
27500
27600
27700
27800
27900
28000
28100
28200
28300
28400
28500
28600
28700
28800
28900
29000
29100
29200
29300
29400
29500
29600
29700
29800
29900
OOD log likelihood with variance 1.0: -1624.4951171875
[2025-11-17 01:14:54,146][HYDRA] 	#59 : posterior=sbvi posterior.num_samples=1 optimization.epochs=30000 posterior.temperature=0.001 seed=0 optimization.learning_rate=0.0003 dataset=spiked_linear dataset.n_train=4 dataset.n_features=500 posterior.num_squash_vectors=16
Config:
posterior:
  type: sbvi
  weight_variance_init: 1
  bias_variance_init: 1
  num_samples: 1
  temperature: 0.001
  posterior_exponentiation: tempered
  num_squash_vectors: 16
dataset:
  type: regression
  label: spiked_linear
  n_train: 4
  n_test: 200
  rank: 1
  n_features: 500
  noise_std: 0.1
  ood_input_variance:
  - 1.0
seed: 0
optimization:
  learning_rate: 0.0003
  batch_size: 2056
  epochs: 30000
model:
  type: mlp
  hidden_layers:
  - 64
  - 64
  prior_std: 0.33
  ff: None
  ff_amplitudes: false

Using device: cuda
0
OOD log likelihood with variance 1.0: -11467355.0
100
200
300
400
500
600
700
800
900
1000
1100
1200
1300
1400
1500
1600
1700
1800
1900
2000
2100
2200
2300
2400
2500
2600
2700
2800
2900
3000
3100
3200
3300
3400
3500
3600
3700
3800
3900
4000
4100
4200
4300
4400
4500
4600
4700
4800
4900
5000
5100
5200
5300
5400
5500
5600
5700
5800
5900
6000
6100
6200
6300
6400
6500
6600
6700
6800
6900
7000
7100
7200
7300
7400
7500
7600
7700
7800
7900
8000
8100
8200
8300
8400
8500
8600
8700
8800
8900
9000
9100
9200
9300
9400
9500
9600
9700
9800
9900
10000
OOD log likelihood with variance 1.0: -3378.202880859375
10100
10200
10300
10400
10500
10600
10700
10800
10900
11000
11100
11200
11300
11400
11500
11600
11700
11800
11900
12000
12100
12200
12300
12400
12500
12600
12700
12800
12900
13000
13100
13200
13300
13400
13500
13600
13700
13800
13900
14000
14100
14200
14300
14400
14500
14600
14700
14800
14900
15000
15100
15200
15300
15400
15500
15600
15700
15800
15900
16000
16100
16200
16300
16400
16500
16600
16700
16800
16900
17000
17100
17200
17300
17400
17500
17600
17700
17800
17900
18000
18100
18200
18300
18400
18500
18600
18700
18800
18900
19000
19100
19200
19300
19400
19500
19600
19700
19800
19900
20000
OOD log likelihood with variance 1.0: -3350.6787109375
20100
20200
20300
20400
20500
20600
20700
20800
20900
21000
21100
21200
21300
21400
21500
21600
21700
21800
21900
22000
22100
22200
22300
22400
22500
22600
22700
22800
22900
23000
23100
23200
23300
23400
23500
23600
23700
23800
23900
24000
24100
24200
24300
24400
24500
24600
24700
24800
24900
25000
25100
25200
25300
25400
25500
25600
25700
25800
25900
26000
26100
26200
26300
26400
26500
26600
26700
26800
26900
27000
27100
27200
27300
27400
27500
27600
27700
27800
27900
28000
28100
28200
28300
28400
28500
28600
28700
28800
28900
29000
29100
29200
29300
29400
29500
29600
29700
29800
29900
OOD log likelihood with variance 1.0: -3876.342041015625
[2025-11-17 01:20:50,799][HYDRA] 	#60 : posterior=sbvi posterior.num_samples=1 optimization.epochs=30000 posterior.temperature=0.001 seed=0 optimization.learning_rate=0.0003 dataset=spiked_linear dataset.n_train=4 dataset.n_features=10000 posterior.num_squash_vectors=1
Config:
posterior:
  type: sbvi
  weight_variance_init: 1
  bias_variance_init: 1
  num_samples: 1
  temperature: 0.001
  posterior_exponentiation: tempered
  num_squash_vectors: 1
dataset:
  type: regression
  label: spiked_linear
  n_train: 4
  n_test: 200
  rank: 1
  n_features: 10000
  noise_std: 0.1
  ood_input_variance:
  - 1.0
seed: 0
optimization:
  learning_rate: 0.0003
  batch_size: 2056
  epochs: 30000
model:
  type: mlp
  hidden_layers:
  - 64
  - 64
  prior_std: 0.33
  ff: None
  ff_amplitudes: false

Using device: cuda
0
OOD log likelihood with variance 1.0: -9102124.0
100
200
300
400
500
600
700
800
900
1000
1100
1200
1300
1400
1500
1600
1700
1800
1900
2000
2100
2200
2300
2400
2500
2600
2700
2800
2900
3000
3100
3200
3300
3400
3500
3600
3700
3800
3900
4000
4100
4200
4300
4400
4500
4600
4700
4800
4900
5000
5100
5200
5300
5400
5500
5600
5700
5800
5900
6000
6100
6200
6300
6400
6500
6600
6700
6800
6900
7000
7100
7200
7300
7400
7500
7600
7700
7800
7900
8000
8100
8200
8300
8400
8500
8600
8700
8800
8900
9000
9100
9200
9300
9400
9500
9600
9700
9800
9900
10000
OOD log likelihood with variance 1.0: -459.01812744140625
10100
10200
10300
10400
10500
10600
10700
10800
10900
11000
11100
11200
11300
11400
11500
11600
11700
11800
11900
12000
12100
12200
12300
12400
12500
12600
12700
12800
12900
13000
13100
13200
13300
13400
13500
13600
13700
13800
13900
14000
14100
14200
14300
14400
14500
14600
14700
14800
14900
15000
15100
15200
15300
15400
15500
15600
15700
15800
15900
16000
16100
16200
16300
16400
16500
16600
16700
16800
16900
17000
17100
17200
17300
17400
17500
17600
17700
17800
17900
18000
18100
18200
18300
18400
18500
18600
18700
18800
18900
19000
19100
19200
19300
19400
19500
19600
19700
19800
19900
20000
OOD log likelihood with variance 1.0: -4019.3564453125
20100
20200
20300
20400
20500
20600
20700
20800
20900
21000
21100
21200
21300
21400
21500
21600
21700
21800
21900
22000
22100
22200
22300
22400
22500
22600
22700
22800
22900
23000
23100
23200
23300
23400
23500
23600
23700
23800
23900
24000
24100
24200
24300
24400
24500
24600
24700
24800
24900
25000
25100
25200
25300
25400
25500
25600
25700
25800
25900
26000
26100
26200
26300
26400
26500
26600
26700
26800
26900
27000
27100
27200
27300
27400
27500
27600
27700
27800
27900
28000
28100
28200
28300
28400
28500
28600
28700
28800
28900
29000
29100
29200
29300
29400
29500
29600
29700
29800
29900
OOD log likelihood with variance 1.0: -277.36322021484375
[2025-11-17 01:29:46,612][HYDRA] 	#61 : posterior=sbvi posterior.num_samples=1 optimization.epochs=30000 posterior.temperature=0.001 seed=0 optimization.learning_rate=0.0003 dataset=spiked_linear dataset.n_train=4 dataset.n_features=10000 posterior.num_squash_vectors=4
Config:
posterior:
  type: sbvi
  weight_variance_init: 1
  bias_variance_init: 1
  num_samples: 1
  temperature: 0.001
  posterior_exponentiation: tempered
  num_squash_vectors: 4
dataset:
  type: regression
  label: spiked_linear
  n_train: 4
  n_test: 200
  rank: 1
  n_features: 10000
  noise_std: 0.1
  ood_input_variance:
  - 1.0
seed: 0
optimization:
  learning_rate: 0.0003
  batch_size: 2056
  epochs: 30000
model:
  type: mlp
  hidden_layers:
  - 64
  - 64
  prior_std: 0.33
  ff: None
  ff_amplitudes: false

Using device: cuda
0
[2025-11-17 01:29:52,048][HYDRA] 	#62 : posterior=sbvi posterior.num_samples=1 optimization.epochs=30000 posterior.temperature=0.001 seed=0 optimization.learning_rate=0.0003 dataset=spiked_linear dataset.n_train=4 dataset.n_features=10000 posterior.num_squash_vectors=16
Config:
posterior:
  type: sbvi
  weight_variance_init: 1
  bias_variance_init: 1
  num_samples: 1
  temperature: 0.001
  posterior_exponentiation: tempered
  num_squash_vectors: 16
dataset:
  type: regression
  label: spiked_linear
  n_train: 4
  n_test: 200
  rank: 1
  n_features: 10000
  noise_std: 0.1
  ood_input_variance:
  - 1.0
seed: 0
optimization:
  learning_rate: 0.0003
  batch_size: 2056
  epochs: 30000
model:
  type: mlp
  hidden_layers:
  - 64
  - 64
  prior_std: 0.33
  ff: None
  ff_amplitudes: false

Using device: cuda
0
[2025-11-17 01:29:56,446][HYDRA] 	#63 : posterior=sbvi posterior.num_samples=1 optimization.epochs=30000 posterior.temperature=0.001 seed=0 optimization.learning_rate=0.0003 dataset=spiked_linear dataset.n_train=64 dataset.n_features=1 posterior.num_squash_vectors=1
Config:
posterior:
  type: sbvi
  weight_variance_init: 1
  bias_variance_init: 1
  num_samples: 1
  temperature: 0.001
  posterior_exponentiation: tempered
  num_squash_vectors: 1
dataset:
  type: regression
  label: spiked_linear
  n_train: 64
  n_test: 200
  rank: 1
  n_features: 1
  noise_std: 0.1
  ood_input_variance:
  - 1.0
seed: 0
optimization:
  learning_rate: 0.0003
  batch_size: 2056
  epochs: 30000
model:
  type: mlp
  hidden_layers:
  - 64
  - 64
  prior_std: 0.33
  ff: None
  ff_amplitudes: false

Using device: cuda
0
OOD log likelihood with variance 1.0: -100109.8203125
100
200
300
400
500
600
700
800
900
1000
1100
1200
1300
1400
1500
1600
1700
1800
1900
2000
2100
2200
2300
2400
2500
2600
2700
2800
2900
3000
3100
3200
3300
3400
3500
3600
3700
3800
3900
4000
4100
4200
4300
4400
4500
4600
4700
4800
4900
5000
5100
5200
5300
5400
5500
5600
5700
5800
5900
6000
6100
6200
6300
6400
6500
6600
6700
6800
6900
7000
7100
7200
7300
7400
7500
7600
7700
7800
7900
8000
8100
8200
8300
8400
8500
8600
8700
8800
8900
9000
9100
9200
9300
9400
9500
9600
9700
9800
9900
10000
OOD log likelihood with variance 1.0: -1.9883451461791992
10100
10200
10300
10400
10500
10600
10700
10800
10900
11000
11100
11200
11300
11400
11500
11600
11700
11800
11900
12000
12100
12200
12300
12400
12500
12600
12700
12800
12900
13000
13100
13200
13300
13400
13500
13600
13700
13800
13900
14000
14100
14200
14300
14400
14500
14600
14700
14800
14900
15000
15100
15200
15300
15400
15500
15600
15700
15800
15900
16000
16100
16200
16300
16400
16500
16600
16700
16800
16900
17000
17100
17200
17300
17400
17500
17600
17700
17800
17900
18000
18100
18200
18300
18400
18500
18600
18700
18800
18900
19000
19100
19200
19300
19400
19500
19600
19700
19800
19900
20000
OOD log likelihood with variance 1.0: -0.5712987780570984
20100
20200
20300
20400
20500
20600
20700
20800
20900
21000
21100
21200
21300
21400
21500
21600
21700
21800
21900
22000
22100
22200
22300
22400
22500
22600
22700
22800
22900
23000
23100
23200
23300
23400
23500
23600
23700
23800
23900
24000
24100
24200
24300
24400
24500
24600
24700
24800
24900
25000
25100
25200
25300
25400
25500
25600
25700
25800
25900
26000
26100
26200
26300
26400
26500
26600
26700
26800
26900
27000
27100
27200
27300
27400
27500
27600
27700
27800
27900
28000
28100
28200
28300
28400
28500
28600
28700
28800
28900
29000
29100
29200
29300
29400
29500
29600
29700
29800
29900
OOD log likelihood with variance 1.0: -0.06946312636137009
[2025-11-17 01:35:32,941][HYDRA] 	#64 : posterior=sbvi posterior.num_samples=1 optimization.epochs=30000 posterior.temperature=0.001 seed=0 optimization.learning_rate=0.0003 dataset=spiked_linear dataset.n_train=64 dataset.n_features=1 posterior.num_squash_vectors=4
Config:
posterior:
  type: sbvi
  weight_variance_init: 1
  bias_variance_init: 1
  num_samples: 1
  temperature: 0.001
  posterior_exponentiation: tempered
  num_squash_vectors: 4
dataset:
  type: regression
  label: spiked_linear
  n_train: 64
  n_test: 200
  rank: 1
  n_features: 1
  noise_std: 0.1
  ood_input_variance:
  - 1.0
seed: 0
optimization:
  learning_rate: 0.0003
  batch_size: 2056
  epochs: 30000
model:
  type: mlp
  hidden_layers:
  - 64
  - 64
  prior_std: 0.33
  ff: None
  ff_amplitudes: false

Using device: cuda
0
OOD log likelihood with variance 1.0: -45767.90234375
100
200
300
400
500
600
700
800
900
1000
1100
1200
1300
1400
1500
1600
1700
1800
1900
2000
2100
2200
2300
2400
2500
2600
2700
2800
2900
3000
3100
3200
3300
3400
3500
3600
3700
3800
3900
4000
4100
4200
4300
4400
4500
4600
4700
4800
4900
5000
5100
5200
5300
5400
5500
5600
5700
5800
5900
6000
6100
6200
6300
6400
6500
6600
6700
6800
6900
7000
7100
7200
7300
7400
7500
7600
7700
7800
7900
8000
8100
8200
8300
8400
8500
8600
8700
8800
8900
9000
9100
9200
9300
9400
9500
9600
9700
9800
9900
10000
OOD log likelihood with variance 1.0: -0.2341567575931549
10100
10200
10300
10400
10500
10600
10700
10800
10900
11000
11100
11200
11300
11400
11500
11600
11700
11800
11900
12000
12100
12200
12300
12400
12500
12600
12700
12800
12900
13000
13100
13200
13300
13400
13500
13600
13700
13800
13900
14000
14100
14200
14300
14400
14500
14600
14700
14800
14900
15000
15100
15200
15300
15400
15500
15600
15700
15800
15900
16000
16100
16200
16300
16400
16500
16600
16700
16800
16900
17000
17100
17200
17300
17400
17500
17600
17700
17800
17900
18000
18100
18200
18300
18400
18500
18600
18700
18800
18900
19000
19100
19200
19300
19400
19500
19600
19700
19800
19900
20000
OOD log likelihood with variance 1.0: -0.031199753284454346
20100
20200
20300
20400
20500
20600
20700
20800
20900
21000
21100
21200
21300
21400
21500
21600
21700
21800
21900
22000
22100
22200
22300
22400
22500
22600
22700
22800
22900
23000
23100
23200
23300
23400
23500
23600
23700
23800
23900
24000
24100
24200
24300
24400
24500
24600
24700
24800
24900
25000
25100
25200
25300
25400
25500
25600
25700
25800
25900
26000
26100
26200
26300
26400
26500
26600
26700
26800
26900
27000
27100
27200
27300
27400
27500
27600
27700
27800
27900
28000
28100
28200
28300
28400
28500
28600
28700
28800
28900
29000
29100
29200
29300
29400
29500
29600
29700
29800
29900
OOD log likelihood with variance 1.0: 0.0011402815580368042
[2025-11-17 01:41:20,648][HYDRA] 	#65 : posterior=sbvi posterior.num_samples=1 optimization.epochs=30000 posterior.temperature=0.001 seed=0 optimization.learning_rate=0.0003 dataset=spiked_linear dataset.n_train=64 dataset.n_features=1 posterior.num_squash_vectors=16
Config:
posterior:
  type: sbvi
  weight_variance_init: 1
  bias_variance_init: 1
  num_samples: 1
  temperature: 0.001
  posterior_exponentiation: tempered
  num_squash_vectors: 16
dataset:
  type: regression
  label: spiked_linear
  n_train: 64
  n_test: 200
  rank: 1
  n_features: 1
  noise_std: 0.1
  ood_input_variance:
  - 1.0
seed: 0
optimization:
  learning_rate: 0.0003
  batch_size: 2056
  epochs: 30000
model:
  type: mlp
  hidden_layers:
  - 64
  - 64
  prior_std: 0.33
  ff: None
  ff_amplitudes: false

Using device: cuda
0
OOD log likelihood with variance 1.0: -67132.375
100
200
300
400
500
600
700
800
900
1000
1100
1200
1300
1400
1500
1600
1700
1800
1900
2000
2100
2200
2300
2400
2500
2600
2700
2800
2900
3000
3100
3200
3300
3400
3500
3600
3700
3800
3900
4000
4100
4200
4300
4400
4500
4600
4700
4800
4900
5000
5100
5200
5300
5400
5500
5600
5700
5800
5900
6000
6100
6200
6300
6400
6500
6600
6700
6800
6900
7000
7100
7200
7300
7400
7500
7600
7700
7800
7900
8000
8100
8200
8300
8400
8500
8600
8700
8800
8900
9000
9100
9200
9300
9400
9500
9600
9700
9800
9900
10000
OOD log likelihood with variance 1.0: -0.6074261665344238
10100
10200
10300
10400
10500
10600
10700
10800
10900
11000
11100
11200
11300
11400
11500
11600
11700
11800
11900
12000
12100
12200
12300
12400
12500
12600
12700
12800
12900
13000
13100
13200
13300
13400
13500
13600
13700
13800
13900
14000
14100
14200
14300
14400
14500
14600
14700
14800
14900
15000
15100
15200
15300
15400
15500
15600
15700
15800
15900
16000
16100
16200
16300
16400
16500
16600
16700
16800
16900
17000
17100
17200
17300
17400
17500
17600
17700
17800
17900
18000
18100
18200
18300
18400
18500
18600
18700
18800
18900
19000
19100
19200
19300
19400
19500
19600
19700
19800
19900
20000
OOD log likelihood with variance 1.0: 0.13333651423454285
20100
20200
20300
20400
20500
20600
20700
20800
20900
21000
21100
21200
21300
21400
21500
21600
21700
21800
21900
22000
22100
22200
22300
22400
22500
22600
22700
22800
22900
23000
23100
23200
23300
23400
23500
23600
23700
23800
23900
24000
24100
24200
24300
24400
24500
24600
24700
24800
24900
25000
25100
25200
25300
25400
25500
25600
25700
25800
25900
26000
26100
26200
26300
26400
26500
26600
26700
26800
26900
27000
27100
27200
27300
27400
27500
27600
27700
27800
27900
28000
28100
28200
28300
28400
28500
28600
28700
28800
28900
29000
29100
29200
29300
29400
29500
29600
29700
29800
29900
OOD log likelihood with variance 1.0: 0.4482367932796478
[2025-11-17 01:47:14,680][HYDRA] 	#66 : posterior=sbvi posterior.num_samples=1 optimization.epochs=30000 posterior.temperature=0.001 seed=0 optimization.learning_rate=0.0003 dataset=spiked_linear dataset.n_train=64 dataset.n_features=500 posterior.num_squash_vectors=1
Config:
posterior:
  type: sbvi
  weight_variance_init: 1
  bias_variance_init: 1
  num_samples: 1
  temperature: 0.001
  posterior_exponentiation: tempered
  num_squash_vectors: 1
dataset:
  type: regression
  label: spiked_linear
  n_train: 64
  n_test: 200
  rank: 1
  n_features: 500
  noise_std: 0.1
  ood_input_variance:
  - 1.0
seed: 0
optimization:
  learning_rate: 0.0003
  batch_size: 2056
  epochs: 30000
model:
  type: mlp
  hidden_layers:
  - 64
  - 64
  prior_std: 0.33
  ff: None
  ff_amplitudes: false

Using device: cuda
0
OOD log likelihood with variance 1.0: -29154366.0
100
200
300
400
500
600
700
800
900
1000
1100
1200
1300
1400
1500
1600
1700
1800
1900
2000
2100
2200
2300
2400
2500
2600
2700
2800
2900
3000
3100
3200
3300
3400
3500
3600
3700
3800
3900
4000
4100
4200
4300
4400
4500
4600
4700
4800
4900
5000
5100
5200
5300
5400
5500
5600
5700
5800
5900
6000
6100
6200
6300
6400
6500
6600
6700
6800
6900
7000
7100
7200
7300
7400
7500
7600
7700
7800
7900
8000
8100
8200
8300
8400
8500
8600
8700
8800
8900
9000
9100
9200
9300
9400
9500
9600
9700
9800
9900
10000
OOD log likelihood with variance 1.0: -32.44980239868164
10100
10200
10300
10400
10500
10600
10700
10800
10900
11000
11100
11200
11300
11400
11500
11600
11700
11800
11900
12000
12100
12200
12300
12400
12500
12600
12700
12800
12900
13000
13100
13200
13300
13400
13500
13600
13700
13800
13900
14000
14100
14200
14300
14400
14500
14600
14700
14800
14900
15000
15100
15200
15300
15400
15500
15600
15700
15800
15900
16000
16100
16200
16300
16400
16500
16600
16700
16800
16900
17000
17100
17200
17300
17400
17500
17600
17700
17800
17900
18000
18100
18200
18300
18400
18500
18600
18700
18800
18900
19000
19100
19200
19300
19400
19500
19600
19700
19800
19900
20000
OOD log likelihood with variance 1.0: -43.2805061340332
20100
20200
20300
20400
20500
20600
20700
20800
20900
21000
21100
21200
21300
21400
21500
21600
21700
21800
21900
22000
22100
22200
22300
22400
22500
22600
22700
22800
22900
23000
23100
23200
23300
23400
23500
23600
23700
23800
23900
24000
24100
24200
24300
24400
24500
24600
24700
24800
24900
25000
25100
25200
25300
25400
25500
25600
25700
25800
25900
26000
26100
26200
26300
26400
26500
26600
26700
26800
26900
27000
27100
27200
27300
27400
27500
27600
27700
27800
27900
28000
28100
28200
28300
28400
28500
28600
28700
28800
28900
29000
29100
29200
29300
29400
29500
29600
29700
29800
29900
OOD log likelihood with variance 1.0: -25.32489013671875
[2025-11-17 01:53:12,292][HYDRA] 	#67 : posterior=sbvi posterior.num_samples=1 optimization.epochs=30000 posterior.temperature=0.001 seed=0 optimization.learning_rate=0.0003 dataset=spiked_linear dataset.n_train=64 dataset.n_features=500 posterior.num_squash_vectors=4
Config:
posterior:
  type: sbvi
  weight_variance_init: 1
  bias_variance_init: 1
  num_samples: 1
  temperature: 0.001
  posterior_exponentiation: tempered
  num_squash_vectors: 4
dataset:
  type: regression
  label: spiked_linear
  n_train: 64
  n_test: 200
  rank: 1
  n_features: 500
  noise_std: 0.1
  ood_input_variance:
  - 1.0
seed: 0
optimization:
  learning_rate: 0.0003
  batch_size: 2056
  epochs: 30000
model:
  type: mlp
  hidden_layers:
  - 64
  - 64
  prior_std: 0.33
  ff: None
  ff_amplitudes: false

Using device: cuda
0
OOD log likelihood with variance 1.0: -19689280.0
100
200
300
400
500
600
700
800
900
1000
1100
1200
1300
1400
1500
1600
1700
1800
1900
2000
2100
2200
2300
2400
2500
2600
2700
2800
2900
3000
3100
3200
3300
3400
3500
3600
3700
3800
3900
4000
4100
4200
4300
4400
4500
4600
4700
4800
4900
5000
5100
5200
5300
5400
5500
5600
5700
5800
5900
6000
6100
6200
6300
6400
6500
6600
6700
6800
6900
7000
7100
7200
7300
7400
7500
7600
7700
7800
7900
8000
8100
8200
8300
8400
8500
8600
8700
8800
8900
9000
9100
9200
9300
9400
9500
9600
9700
9800
9900
10000
OOD log likelihood with variance 1.0: -92.99046325683594
10100
10200
10300
10400
10500
10600
10700
10800
10900
11000
11100
11200
11300
11400
11500
11600
11700
11800
11900
12000
12100
12200
12300
12400
12500
12600
12700
12800
12900
13000
13100
13200
13300
13400
13500
13600
13700
13800
13900
14000
14100
14200
14300
14400
14500
14600
14700
14800
14900
15000
15100
15200
15300
15400
15500
15600
15700
15800
15900
16000
16100
16200
16300
16400
16500
16600
16700
16800
16900
17000
17100
17200
17300
17400
17500
17600
17700
17800
17900
18000
18100
18200
18300
18400
18500
18600
18700
18800
18900
19000
19100
19200
19300
19400
19500
19600
19700
19800
19900
20000
OOD log likelihood with variance 1.0: -43.61422348022461
20100
20200
20300
20400
20500
20600
20700
20800
20900
21000
21100
21200
21300
21400
21500
21600
21700
21800
21900
22000
22100
22200
22300
22400
22500
22600
22700
22800
22900
23000
23100
23200
23300
23400
23500
23600
23700
23800
23900
24000
24100
24200
24300
24400
24500
24600
24700
24800
24900
25000
25100
25200
25300
25400
25500
25600
25700
25800
25900
26000
26100
26200
26300
26400
26500
26600
26700
26800
26900
27000
27100
27200
27300
27400
27500
27600
27700
27800
27900
28000
28100
28200
28300
28400
28500
28600
28700
28800
28900
29000
29100
29200
29300
29400
29500
29600
29700
29800
29900
OOD log likelihood with variance 1.0: -62.40949249267578
[2025-11-17 01:59:15,900][HYDRA] 	#68 : posterior=sbvi posterior.num_samples=1 optimization.epochs=30000 posterior.temperature=0.001 seed=0 optimization.learning_rate=0.0003 dataset=spiked_linear dataset.n_train=64 dataset.n_features=500 posterior.num_squash_vectors=16
Config:
posterior:
  type: sbvi
  weight_variance_init: 1
  bias_variance_init: 1
  num_samples: 1
  temperature: 0.001
  posterior_exponentiation: tempered
  num_squash_vectors: 16
dataset:
  type: regression
  label: spiked_linear
  n_train: 64
  n_test: 200
  rank: 1
  n_features: 500
  noise_std: 0.1
  ood_input_variance:
  - 1.0
seed: 0
optimization:
  learning_rate: 0.0003
  batch_size: 2056
  epochs: 30000
model:
  type: mlp
  hidden_layers:
  - 64
  - 64
  prior_std: 0.33
  ff: None
  ff_amplitudes: false

Using device: cuda
0
OOD log likelihood with variance 1.0: -5045460.0
100
200
300
400
500
600
700
800
900
1000
1100
1200
1300
1400
1500
1600
1700
1800
1900
2000
2100
2200
2300
2400
2500
2600
2700
2800
2900
3000
3100
3200
3300
3400
3500
3600
3700
3800
3900
4000
4100
4200
4300
4400
4500
4600
4700
4800
4900
5000
5100
5200
5300
5400
5500
5600
5700
5800
5900
6000
6100
6200
6300
6400
6500
6600
6700
6800
6900
7000
7100
7200
7300
7400
7500
7600
7700
7800
7900
8000
8100
8200
8300
8400
8500
8600
8700
8800
8900
9000
9100
9200
9300
9400
9500
9600
9700
9800
9900
10000
OOD log likelihood with variance 1.0: -55.231346130371094
10100
10200
10300
10400
10500
10600
10700
10800
10900
11000
11100
11200
11300
11400
11500
11600
11700
11800
11900
12000
12100
12200
12300
12400
12500
12600
12700
12800
12900
13000
13100
13200
13300
13400
13500
13600
13700
13800
13900
14000
14100
14200
14300
14400
14500
14600
14700
14800
14900
15000
15100
15200
15300
15400
15500
15600
15700
15800
15900
16000
16100
16200
16300
16400
16500
16600
16700
16800
16900
17000
17100
17200
17300
17400
17500
17600
17700
17800
17900
18000
18100
18200
18300
18400
18500
18600
18700
18800
18900
19000
19100
19200
19300
19400
19500
19600
19700
19800
19900
20000
OOD log likelihood with variance 1.0: -10.722575187683105
20100
20200
20300
20400
20500
20600
20700
20800
20900
21000
21100
21200
21300
21400
21500
21600
21700
21800
21900
22000
22100
22200
22300
22400
22500
22600
22700
22800
22900
23000
23100
23200
23300
23400
23500
23600
23700
23800
23900
24000
24100
24200
24300
24400
24500
24600
24700
24800
24900
25000
25100
25200
25300
25400
25500
25600
25700
25800
25900
26000
26100
26200
26300
26400
26500
26600
26700
26800
26900
27000
27100
27200
27300
27400
27500
27600
27700
27800
27900
28000
28100
28200
28300
28400
28500
28600
28700
28800
28900
29000
29100
29200
29300
29400
29500
29600
29700
29800
29900
OOD log likelihood with variance 1.0: -20.933441162109375
[2025-11-17 02:05:30,301][HYDRA] 	#69 : posterior=sbvi posterior.num_samples=1 optimization.epochs=30000 posterior.temperature=0.001 seed=0 optimization.learning_rate=0.0003 dataset=spiked_linear dataset.n_train=64 dataset.n_features=10000 posterior.num_squash_vectors=1
Config:
posterior:
  type: sbvi
  weight_variance_init: 1
  bias_variance_init: 1
  num_samples: 1
  temperature: 0.001
  posterior_exponentiation: tempered
  num_squash_vectors: 1
dataset:
  type: regression
  label: spiked_linear
  n_train: 64
  n_test: 200
  rank: 1
  n_features: 10000
  noise_std: 0.1
  ood_input_variance:
  - 1.0
seed: 0
optimization:
  learning_rate: 0.0003
  batch_size: 2056
  epochs: 30000
model:
  type: mlp
  hidden_layers:
  - 64
  - 64
  prior_std: 0.33
  ff: None
  ff_amplitudes: false

Using device: cuda
0
[2025-11-17 02:05:36,750][HYDRA] 	#70 : posterior=sbvi posterior.num_samples=1 optimization.epochs=30000 posterior.temperature=0.001 seed=0 optimization.learning_rate=0.0003 dataset=spiked_linear dataset.n_train=64 dataset.n_features=10000 posterior.num_squash_vectors=4
Config:
posterior:
  type: sbvi
  weight_variance_init: 1
  bias_variance_init: 1
  num_samples: 1
  temperature: 0.001
  posterior_exponentiation: tempered
  num_squash_vectors: 4
dataset:
  type: regression
  label: spiked_linear
  n_train: 64
  n_test: 200
  rank: 1
  n_features: 10000
  noise_std: 0.1
  ood_input_variance:
  - 1.0
seed: 0
optimization:
  learning_rate: 0.0003
  batch_size: 2056
  epochs: 30000
model:
  type: mlp
  hidden_layers:
  - 64
  - 64
  prior_std: 0.33
  ff: None
  ff_amplitudes: false

Using device: cuda
0
[2025-11-17 02:05:41,372][HYDRA] 	#71 : posterior=sbvi posterior.num_samples=1 optimization.epochs=30000 posterior.temperature=0.001 seed=0 optimization.learning_rate=0.0003 dataset=spiked_linear dataset.n_train=64 dataset.n_features=10000 posterior.num_squash_vectors=16
Config:
posterior:
  type: sbvi
  weight_variance_init: 1
  bias_variance_init: 1
  num_samples: 1
  temperature: 0.001
  posterior_exponentiation: tempered
  num_squash_vectors: 16
dataset:
  type: regression
  label: spiked_linear
  n_train: 64
  n_test: 200
  rank: 1
  n_features: 10000
  noise_std: 0.1
  ood_input_variance:
  - 1.0
seed: 0
optimization:
  learning_rate: 0.0003
  batch_size: 2056
  epochs: 30000
model:
  type: mlp
  hidden_layers:
  - 64
  - 64
  prior_std: 0.33
  ff: None
  ff_amplitudes: false

Using device: cuda
0
[2025-11-17 02:05:45,653][HYDRA] 	#72 : posterior=sbvi posterior.num_samples=1 optimization.epochs=30000 posterior.temperature=0.001 seed=0 optimization.learning_rate=0.0003 dataset=spiked_linear dataset.n_train=512 dataset.n_features=1 posterior.num_squash_vectors=1
Config:
posterior:
  type: sbvi
  weight_variance_init: 1
  bias_variance_init: 1
  num_samples: 1
  temperature: 0.001
  posterior_exponentiation: tempered
  num_squash_vectors: 1
dataset:
  type: regression
  label: spiked_linear
  n_train: 512
  n_test: 200
  rank: 1
  n_features: 1
  noise_std: 0.1
  ood_input_variance:
  - 1.0
seed: 0
optimization:
  learning_rate: 0.0003
  batch_size: 2056
  epochs: 30000
model:
  type: mlp
  hidden_layers:
  - 64
  - 64
  prior_std: 0.33
  ff: None
  ff_amplitudes: false

Using device: cuda
0
OOD log likelihood with variance 1.0: -166127.96875
100
200
300
400
500
600
700
800
900
1000
1100
1200
1300
1400
1500
1600
1700
1800
1900
2000
2100
2200
2300
2400
2500
2600
2700
2800
2900
3000
3100
3200
3300
3400
3500
3600
3700
3800
3900
4000
4100
4200
4300
4400
4500
4600
4700
4800
4900
5000
5100
5200
5300
5400
5500
5600
5700
5800
5900
6000
6100
6200
6300
6400
6500
6600
6700
6800
6900
7000
7100
7200
7300
7400
7500
7600
7700
7800
7900
8000
8100
8200
8300
8400
8500
8600
8700
8800
8900
9000
9100
9200
9300
9400
9500
9600
9700
9800
9900
10000
OOD log likelihood with variance 1.0: 0.7739300727844238
10100
10200
10300
10400
10500
10600
10700
10800
10900
11000
11100
11200
11300
11400
11500
11600
11700
11800
11900
12000
12100
12200
12300
12400
12500
12600
12700
12800
12900
13000
13100
13200
13300
13400
13500
13600
13700
13800
13900
14000
14100
14200
14300
14400
14500
14600
14700
14800
14900
15000
15100
15200
15300
15400
15500
15600
15700
15800
15900
16000
16100
16200
16300
16400
16500
16600
16700
16800
16900
17000
17100
17200
17300
17400
17500
17600
17700
17800
17900
18000
18100
18200
18300
18400
18500
18600
18700
18800
18900
19000
19100
19200
19300
19400
19500
19600
19700
19800
19900
20000
OOD log likelihood with variance 1.0: 0.862676203250885
20100
20200
20300
20400
20500
20600
20700
20800
20900
21000
21100
21200
21300
21400
21500
21600
21700
21800
21900
22000
22100
22200
22300
22400
22500
22600
22700
22800
22900
23000
23100
23200
23300
23400
23500
23600
23700
23800
23900
24000
24100
24200
24300
24400
24500
24600
24700
24800
24900
25000
25100
25200
25300
25400
25500
25600
25700
25800
25900
26000
26100
26200
26300
26400
26500
26600
26700
26800
26900
27000
27100
27200
27300
27400
27500
27600
27700
27800
27900
28000
28100
28200
28300
28400
28500
28600
28700
28800
28900
29000
29100
29200
29300
29400
29500
29600
29700
29800
29900
OOD log likelihood with variance 1.0: 0.7767173051834106
[2025-11-17 02:12:57,953][HYDRA] 	#73 : posterior=sbvi posterior.num_samples=1 optimization.epochs=30000 posterior.temperature=0.001 seed=0 optimization.learning_rate=0.0003 dataset=spiked_linear dataset.n_train=512 dataset.n_features=1 posterior.num_squash_vectors=4
Config:
posterior:
  type: sbvi
  weight_variance_init: 1
  bias_variance_init: 1
  num_samples: 1
  temperature: 0.001
  posterior_exponentiation: tempered
  num_squash_vectors: 4
dataset:
  type: regression
  label: spiked_linear
  n_train: 512
  n_test: 200
  rank: 1
  n_features: 1
  noise_std: 0.1
  ood_input_variance:
  - 1.0
seed: 0
optimization:
  learning_rate: 0.0003
  batch_size: 2056
  epochs: 30000
model:
  type: mlp
  hidden_layers:
  - 64
  - 64
  prior_std: 0.33
  ff: None
  ff_amplitudes: false

Using device: cuda
0
OOD log likelihood with variance 1.0: -41023.96875
100
200
300
400
500
600
700
800
900
1000
1100
1200
1300
1400
1500
1600
1700
1800
1900
2000
2100
2200
2300
2400
2500
2600
2700
2800
2900
3000
3100
3200
3300
3400
3500
3600
3700
3800
3900
4000
4100
4200
4300
4400
4500
4600
4700
4800
4900
5000
5100
5200
5300
5400
5500
5600
5700
5800
5900
6000
6100
6200
6300
6400
6500
6600
6700
6800
6900
7000
7100
7200
7300
7400
7500
7600
7700
7800
7900
8000
8100
8200
8300
8400
8500
8600
8700
8800
8900
9000
9100
9200
9300
9400
9500
9600
9700
9800
9900
10000
OOD log likelihood with variance 1.0: 0.8085128664970398
10100
10200
10300
10400
10500
10600
10700
10800
10900
11000
11100
11200
11300
11400
11500
11600
11700
11800
11900
12000
12100
12200
12300
12400
12500
12600
12700
12800
12900
13000
13100
13200
13300
13400
13500
13600
13700
13800
13900
14000
14100
14200
14300
14400
14500
14600
14700
14800
14900
15000
15100
15200
15300
15400
15500
15600
15700
15800
15900
16000
16100
16200
16300
16400
16500
16600
16700
16800
16900
17000
17100
17200
17300
17400
17500
17600
17700
17800
17900
18000
18100
18200
18300
18400
18500
18600
18700
18800
18900
19000
19100
19200
19300
19400
19500
19600
19700
19800
19900
20000
OOD log likelihood with variance 1.0: 0.7692680358886719
20100
20200
20300
20400
20500
20600
20700
20800
20900
21000
21100
21200
21300
21400
21500
21600
21700
21800
21900
22000
22100
22200
22300
22400
22500
22600
22700
22800
22900
23000
23100
23200
23300
23400
23500
23600
23700
23800
23900
24000
24100
24200
24300
24400
24500
24600
24700
24800
24900
25000
25100
25200
25300
25400
25500
25600
25700
25800
25900
26000
26100
26200
26300
26400
26500
26600
26700
26800
26900
27000
27100
27200
27300
27400
27500
27600
27700
27800
27900
28000
28100
28200
28300
28400
28500
28600
28700
28800
28900
29000
29100
29200
29300
29400
29500
29600
29700
29800
29900
OOD log likelihood with variance 1.0: 0.8122362494468689
[2025-11-17 02:20:14,232][HYDRA] 	#74 : posterior=sbvi posterior.num_samples=1 optimization.epochs=30000 posterior.temperature=0.001 seed=0 optimization.learning_rate=0.0003 dataset=spiked_linear dataset.n_train=512 dataset.n_features=1 posterior.num_squash_vectors=16
Config:
posterior:
  type: sbvi
  weight_variance_init: 1
  bias_variance_init: 1
  num_samples: 1
  temperature: 0.001
  posterior_exponentiation: tempered
  num_squash_vectors: 16
dataset:
  type: regression
  label: spiked_linear
  n_train: 512
  n_test: 200
  rank: 1
  n_features: 1
  noise_std: 0.1
  ood_input_variance:
  - 1.0
seed: 0
optimization:
  learning_rate: 0.0003
  batch_size: 2056
  epochs: 30000
model:
  type: mlp
  hidden_layers:
  - 64
  - 64
  prior_std: 0.33
  ff: None
  ff_amplitudes: false

Using device: cuda
0
OOD log likelihood with variance 1.0: -54515.0625
100
200
300
400
500
600
700
800
900
1000
1100
1200
1300
1400
1500
1600
1700
1800
1900
2000
2100
2200
2300
2400
2500
2600
2700
2800
2900
3000
3100
3200
3300
3400
3500
3600
3700
3800
3900
4000
4100
4200
4300
4400
4500
4600
4700
4800
4900
5000
5100
5200
5300
5400
5500
5600
5700
5800
5900
6000
6100
6200
6300
6400
6500
6600
6700
6800
6900
7000
7100
7200
7300
7400
7500
7600
7700
7800
7900
8000
8100
8200
8300
8400
8500
8600
8700
8800
8900
9000
9100
9200
9300
9400
9500
9600
9700
9800
9900
10000
OOD log likelihood with variance 1.0: 0.8044482469558716
10100
10200
10300
10400
10500
10600
10700
10800
10900
11000
11100
11200
11300
11400
11500
11600
11700
11800
11900
12000
12100
12200
12300
12400
12500
12600
12700
12800
12900
13000
13100
13200
13300
13400
13500
13600
13700
13800
13900
14000
14100
14200
14300
14400
14500
14600
14700
14800
14900
15000
15100
15200
15300
15400
15500
15600
15700
15800
15900
16000
16100
16200
16300
16400
16500
16600
16700
16800
16900
17000
17100
17200
17300
17400
17500
17600
17700
17800
17900
18000
18100
18200
18300
18400
18500
18600
18700
18800
18900
19000
19100
19200
19300
19400
19500
19600
19700
19800
19900
20000
OOD log likelihood with variance 1.0: 0.8246935606002808
20100
20200
20300
20400
20500
20600
20700
20800
20900
21000
21100
21200
21300
21400
21500
21600
21700
21800
21900
22000
22100
22200
22300
22400
22500
22600
22700
22800
22900
23000
23100
23200
23300
23400
23500
23600
23700
23800
23900
24000
24100
24200
24300
24400
24500
24600
24700
24800
24900
25000
25100
25200
25300
25400
25500
25600
25700
25800
25900
26000
26100
26200
26300
26400
26500
26600
26700
26800
26900
27000
27100
27200
27300
27400
27500
27600
27700
27800
27900
28000
28100
28200
28300
28400
28500
28600
28700
28800
28900
29000
29100
29200
29300
29400
29500
29600
29700
29800
29900
OOD log likelihood with variance 1.0: 0.779690682888031
[2025-11-17 02:27:35,400][HYDRA] 	#75 : posterior=sbvi posterior.num_samples=1 optimization.epochs=30000 posterior.temperature=0.001 seed=0 optimization.learning_rate=0.0003 dataset=spiked_linear dataset.n_train=512 dataset.n_features=500 posterior.num_squash_vectors=1
Config:
posterior:
  type: sbvi
  weight_variance_init: 1
  bias_variance_init: 1
  num_samples: 1
  temperature: 0.001
  posterior_exponentiation: tempered
  num_squash_vectors: 1
dataset:
  type: regression
  label: spiked_linear
  n_train: 512
  n_test: 200
  rank: 1
  n_features: 500
  noise_std: 0.1
  ood_input_variance:
  - 1.0
seed: 0
optimization:
  learning_rate: 0.0003
  batch_size: 2056
  epochs: 30000
model:
  type: mlp
  hidden_layers:
  - 64
  - 64
  prior_std: 0.33
  ff: None
  ff_amplitudes: false

Using device: cuda
0
OOD log likelihood with variance 1.0: -43934532.0
100
200
300
400
500
600
700
800
900
1000
1100
1200
1300
1400
1500
1600
1700
1800
1900
2000
2100
2200
2300
2400
2500
2600
2700
2800
2900
3000
3100
3200
3300
3400
3500
3600
3700
3800
3900
4000
4100
4200
4300
4400
4500
4600
4700
4800
4900
5000
5100
5200
5300
5400
5500
5600
5700
5800
5900
6000
6100
6200
6300
6400
6500
6600
6700
6800
6900
7000
7100
7200
7300
7400
7500
7600
7700
7800
7900
8000
8100
8200
8300
8400
8500
8600
8700
8800
8900
9000
9100
9200
9300
9400
9500
9600
9700
9800
9900
10000
OOD log likelihood with variance 1.0: -8.348285675048828
10100
10200
10300
10400
10500
10600
10700
10800
10900
11000
11100
11200
11300
11400
11500
11600
11700
11800
11900
12000
12100
12200
12300
12400
12500
12600
12700
12800
12900
13000
13100
13200
13300
13400
13500
13600
13700
13800
13900
14000
14100
14200
14300
14400
14500
14600
14700
14800
14900
15000
15100
15200
15300
15400
15500
15600
15700
15800
15900
16000
16100
16200
16300
16400
16500
16600
16700
16800
16900
17000
17100
17200
17300
17400
17500
17600
17700
17800
17900
18000
18100
18200
18300
18400
18500
18600
18700
18800
18900
19000
19100
19200
19300
19400
19500
19600
19700
19800
19900
20000
OOD log likelihood with variance 1.0: -25.947933197021484
20100
20200
20300
20400
20500
20600
20700
20800
20900
21000
21100
21200
21300
21400
21500
21600
21700
21800
21900
22000
22100
22200
22300
22400
22500
22600
22700
22800
22900
23000
23100
23200
23300
23400
23500
23600
23700
23800
23900
24000
24100
24200
24300
24400
24500
24600
24700
24800
24900
25000
25100
25200
25300
25400
25500
25600
25700
25800
25900
26000
26100
26200
26300
26400
26500
26600
26700
26800
26900
27000
27100
27200
27300
27400
27500
27600
27700
27800
27900
28000
28100
28200
28300
28400
28500
28600
28700
28800
28900
29000
29100
29200
29300
29400
29500
29600
29700
29800
29900
OOD log likelihood with variance 1.0: -12.352041244506836
[2025-11-17 02:35:19,029][HYDRA] 	#76 : posterior=sbvi posterior.num_samples=1 optimization.epochs=30000 posterior.temperature=0.001 seed=0 optimization.learning_rate=0.0003 dataset=spiked_linear dataset.n_train=512 dataset.n_features=500 posterior.num_squash_vectors=4
Config:
posterior:
  type: sbvi
  weight_variance_init: 1
  bias_variance_init: 1
  num_samples: 1
  temperature: 0.001
  posterior_exponentiation: tempered
  num_squash_vectors: 4
dataset:
  type: regression
  label: spiked_linear
  n_train: 512
  n_test: 200
  rank: 1
  n_features: 500
  noise_std: 0.1
  ood_input_variance:
  - 1.0
seed: 0
optimization:
  learning_rate: 0.0003
  batch_size: 2056
  epochs: 30000
model:
  type: mlp
  hidden_layers:
  - 64
  - 64
  prior_std: 0.33
  ff: None
  ff_amplitudes: false

Using device: cuda
0
OOD log likelihood with variance 1.0: -40213248.0
100
200
300
400
500
600
700
800
900
1000
1100
1200
1300
1400
1500
1600
1700
1800
1900
2000
2100
2200
2300
2400
2500
2600
2700
2800
2900
3000
3100
3200
3300
3400
3500
3600
3700
3800
3900
4000
4100
4200
4300
4400
4500
4600
4700
4800
4900
5000
5100
5200
5300
5400
5500
5600
5700
5800
5900
6000
6100
6200
6300
6400
6500
6600
6700
6800
6900
7000
7100
7200
7300
7400
7500
7600
7700
7800
7900
8000
8100
8200
8300
8400
8500
8600
8700
8800
8900
9000
9100
9200
9300
9400
9500
9600
9700
9800
9900
10000
OOD log likelihood with variance 1.0: -1.1312661170959473
10100
10200
10300
10400
10500
10600
10700
10800
10900
11000
11100
11200
11300
11400
11500
11600
11700
11800
11900
12000
12100
12200
12300
12400
12500
12600
12700
12800
12900
13000
13100
13200
13300
13400
13500
13600
13700
13800
13900
14000
14100
14200
14300
14400
14500
14600
14700
14800
14900
15000
15100
15200
15300
15400
15500
15600
15700
15800
15900
16000
16100
16200
16300
16400
16500
16600
16700
16800
16900
17000
17100
17200
17300
17400
17500
17600
17700
17800
17900
18000
18100
18200
18300
18400
18500
18600
18700
18800
18900
19000
19100
19200
19300
19400
19500
19600
19700
19800
19900
20000
OOD log likelihood with variance 1.0: -3.9878203868865967
20100
20200
20300
20400
20500
20600
20700
20800
20900
21000
21100
21200
21300
21400
21500
21600
21700
21800
21900
22000
22100
22200
22300
22400
22500
22600
22700
22800
22900
23000
23100
23200
23300
23400
23500
23600
23700
23800
23900
24000
24100
24200
24300
24400
24500
24600
24700
24800
24900
25000
25100
25200
25300
25400
25500
25600
25700
25800
25900
26000
26100
26200
26300
26400
26500
26600
26700
26800
26900
27000
27100
27200
27300
27400
27500
27600
27700
27800
27900
28000
28100
28200
28300
28400
28500
28600
28700
28800
28900
29000
29100
29200
29300
29400
29500
29600
29700
29800
29900
OOD log likelihood with variance 1.0: -1.9235390424728394
[2025-11-17 02:43:26,657][HYDRA] 	#77 : posterior=sbvi posterior.num_samples=1 optimization.epochs=30000 posterior.temperature=0.001 seed=0 optimization.learning_rate=0.0003 dataset=spiked_linear dataset.n_train=512 dataset.n_features=500 posterior.num_squash_vectors=16
Config:
posterior:
  type: sbvi
  weight_variance_init: 1
  bias_variance_init: 1
  num_samples: 1
  temperature: 0.001
  posterior_exponentiation: tempered
  num_squash_vectors: 16
dataset:
  type: regression
  label: spiked_linear
  n_train: 512
  n_test: 200
  rank: 1
  n_features: 500
  noise_std: 0.1
  ood_input_variance:
  - 1.0
seed: 0
optimization:
  learning_rate: 0.0003
  batch_size: 2056
  epochs: 30000
model:
  type: mlp
  hidden_layers:
  - 64
  - 64
  prior_std: 0.33
  ff: None
  ff_amplitudes: false

Using device: cuda
0
[2025-11-17 02:43:27,134][HYDRA] 	#78 : posterior=sbvi posterior.num_samples=1 optimization.epochs=30000 posterior.temperature=0.001 seed=0 optimization.learning_rate=0.0003 dataset=spiked_linear dataset.n_train=512 dataset.n_features=10000 posterior.num_squash_vectors=1
Config:
posterior:
  type: sbvi
  weight_variance_init: 1
  bias_variance_init: 1
  num_samples: 1
  temperature: 0.001
  posterior_exponentiation: tempered
  num_squash_vectors: 1
dataset:
  type: regression
  label: spiked_linear
  n_train: 512
  n_test: 200
  rank: 1
  n_features: 10000
  noise_std: 0.1
  ood_input_variance:
  - 1.0
seed: 0
optimization:
  learning_rate: 0.0003
  batch_size: 2056
  epochs: 30000
model:
  type: mlp
  hidden_layers:
  - 64
  - 64
  prior_std: 0.33
  ff: None
  ff_amplitudes: false

Using device: cuda
0
[2025-11-17 02:43:31,024][HYDRA] 	#79 : posterior=sbvi posterior.num_samples=1 optimization.epochs=30000 posterior.temperature=0.001 seed=0 optimization.learning_rate=0.0003 dataset=spiked_linear dataset.n_train=512 dataset.n_features=10000 posterior.num_squash_vectors=4
Config:
posterior:
  type: sbvi
  weight_variance_init: 1
  bias_variance_init: 1
  num_samples: 1
  temperature: 0.001
  posterior_exponentiation: tempered
  num_squash_vectors: 4
dataset:
  type: regression
  label: spiked_linear
  n_train: 512
  n_test: 200
  rank: 1
  n_features: 10000
  noise_std: 0.1
  ood_input_variance:
  - 1.0
seed: 0
optimization:
  learning_rate: 0.0003
  batch_size: 2056
  epochs: 30000
model:
  type: mlp
  hidden_layers:
  - 64
  - 64
  prior_std: 0.33
  ff: None
  ff_amplitudes: false

Using device: cuda
0
[2025-11-17 02:43:34,751][HYDRA] 	#80 : posterior=sbvi posterior.num_samples=1 optimization.epochs=30000 posterior.temperature=0.001 seed=0 optimization.learning_rate=0.0003 dataset=spiked_linear dataset.n_train=512 dataset.n_features=10000 posterior.num_squash_vectors=16
Config:
posterior:
  type: sbvi
  weight_variance_init: 1
  bias_variance_init: 1
  num_samples: 1
  temperature: 0.001
  posterior_exponentiation: tempered
  num_squash_vectors: 16
dataset:
  type: regression
  label: spiked_linear
  n_train: 512
  n_test: 200
  rank: 1
  n_features: 10000
  noise_std: 0.1
  ood_input_variance:
  - 1.0
seed: 0
optimization:
  learning_rate: 0.0003
  batch_size: 2056
  epochs: 30000
model:
  type: mlp
  hidden_layers:
  - 64
  - 64
  prior_std: 0.33
  ff: None
  ff_amplitudes: false

Using device: cuda
0
[2025-11-17 02:43:38,596][HYDRA] 	#81 : posterior=sbvi posterior.num_samples=1 optimization.epochs=30000 posterior.temperature=0.001 seed=0 optimization.learning_rate=0.0001 dataset=spiked_linear dataset.n_train=4 dataset.n_features=1 posterior.num_squash_vectors=1
Config:
posterior:
  type: sbvi
  weight_variance_init: 1
  bias_variance_init: 1
  num_samples: 1
  temperature: 0.001
  posterior_exponentiation: tempered
  num_squash_vectors: 1
dataset:
  type: regression
  label: spiked_linear
  n_train: 4
  n_test: 200
  rank: 1
  n_features: 1
  noise_std: 0.1
  ood_input_variance:
  - 1.0
seed: 0
optimization:
  learning_rate: 0.0001
  batch_size: 2056
  epochs: 30000
model:
  type: mlp
  hidden_layers:
  - 64
  - 64
  prior_std: 0.33
  ff: None
  ff_amplitudes: false

Using device: cuda
0
OOD log likelihood with variance 1.0: -26695.974609375
100
200
300
400
500
600
700
800
900
1000
1100
1200
1300
1400
1500
1600
1700
1800
1900
2000
2100
2200
2300
2400
2500
2600
2700
2800
2900
3000
3100
3200
3300
3400
3500
3600
3700
3800
3900
4000
4100
4200
4300
4400
4500
4600
4700
4800
4900
5000
5100
5200
5300
5400
5500
5600
5700
5800
5900
6000
6100
6200
6300
6400
6500
6600
6700
6800
6900
7000
7100
7200
7300
7400
7500
7600
7700
7800
7900
8000
8100
8200
8300
8400
8500
8600
8700
8800
8900
9000
9100
9200
9300
9400
9500
9600
9700
9800
9900
10000
OOD log likelihood with variance 1.0: -3504.099609375
10100
10200
10300
10400
10500
10600
10700
10800
10900
11000
11100
11200
11300
11400
11500
11600
11700
11800
11900
12000
12100
12200
12300
12400
12500
12600
12700
12800
12900
13000
13100
13200
13300
13400
13500
13600
13700
13800
13900
14000
14100
14200
14300
14400
14500
14600
14700
14800
14900
15000
15100
15200
15300
15400
15500
15600
15700
15800
15900
16000
16100
16200
16300
16400
16500
16600
16700
16800
16900
17000
17100
17200
17300
17400
17500
17600
17700
17800
17900
18000
18100
18200
18300
18400
18500
18600
18700
18800
18900
19000
19100
19200
19300
19400
19500
19600
19700
19800
19900
20000
OOD log likelihood with variance 1.0: -2818.7470703125
20100
20200
20300
20400
20500
20600
20700
20800
20900
21000
21100
21200
21300
21400
21500
21600
21700
21800
21900
22000
22100
22200
22300
22400
22500
22600
22700
22800
22900
23000
23100
23200
23300
23400
23500
23600
23700
23800
23900
24000
24100
24200
24300
24400
24500
24600
24700
24800
24900
25000
25100
25200
25300
25400
25500
25600
25700
25800
25900
26000
26100
26200
26300
26400
26500
26600
26700
26800
26900
27000
27100
27200
27300
27400
27500
27600
27700
27800
27900
28000
28100
28200
28300
28400
28500
28600
28700
28800
28900
29000
29100
29200
29300
29400
29500
29600
29700
29800
29900
OOD log likelihood with variance 1.0: -2700.251953125
[2025-11-17 02:49:16,803][HYDRA] 	#82 : posterior=sbvi posterior.num_samples=1 optimization.epochs=30000 posterior.temperature=0.001 seed=0 optimization.learning_rate=0.0001 dataset=spiked_linear dataset.n_train=4 dataset.n_features=1 posterior.num_squash_vectors=4
Config:
posterior:
  type: sbvi
  weight_variance_init: 1
  bias_variance_init: 1
  num_samples: 1
  temperature: 0.001
  posterior_exponentiation: tempered
  num_squash_vectors: 4
dataset:
  type: regression
  label: spiked_linear
  n_train: 4
  n_test: 200
  rank: 1
  n_features: 1
  noise_std: 0.1
  ood_input_variance:
  - 1.0
seed: 0
optimization:
  learning_rate: 0.0001
  batch_size: 2056
  epochs: 30000
model:
  type: mlp
  hidden_layers:
  - 64
  - 64
  prior_std: 0.33
  ff: None
  ff_amplitudes: false

Using device: cuda
0
OOD log likelihood with variance 1.0: -176945.96875
100
200
300
400
500
600
700
800
900
1000
1100
1200
1300
1400
1500
1600
1700
1800
1900
2000
2100
2200
2300
2400
2500
2600
2700
2800
2900
3000
3100
3200
3300
3400
3500
3600
3700
3800
3900
4000
4100
4200
4300
4400
4500
4600
4700
4800
4900
5000
5100
5200
5300
5400
5500
5600
5700
5800
5900
6000
6100
6200
6300
6400
6500
6600
6700
6800
6900
7000
7100
7200
7300
7400
7500
7600
7700
7800
7900
8000
8100
8200
8300
8400
8500
8600
8700
8800
8900
9000
9100
9200
9300
9400
9500
9600
9700
9800
9900
10000
OOD log likelihood with variance 1.0: -2793.634765625
10100
10200
10300
10400
10500
10600
10700
10800
10900
11000
11100
11200
11300
11400
11500
11600
11700
11800
11900
12000
12100
12200
12300
12400
12500
12600
12700
12800
12900
13000
13100
13200
13300
13400
13500
13600
13700
13800
13900
14000
14100
14200
14300
14400
14500
14600
14700
14800
14900
15000
15100
15200
15300
15400
15500
15600
15700
15800
15900
16000
16100
16200
16300
16400
16500
16600
16700
16800
16900
17000
17100
17200
17300
17400
17500
17600
17700
17800
17900
18000
18100
18200
18300
18400
18500
18600
18700
18800
18900
19000
19100
19200
19300
19400
19500
19600
19700
19800
19900
20000
OOD log likelihood with variance 1.0: -2621.71533203125
20100
20200
20300
20400
20500
20600
20700
20800
20900
21000
21100
21200
21300
21400
21500
21600
21700
21800
21900
22000
22100
22200
22300
22400
22500
22600
22700
22800
22900
23000
23100
23200
23300
23400
23500
23600
23700
23800
23900
24000
24100
24200
24300
24400
24500
24600
24700
24800
24900
25000
25100
25200
25300
25400
25500
25600
25700
25800
25900
26000
26100
26200
26300
26400
26500
26600
26700
26800
26900
27000
27100
27200
27300
27400
27500
27600
27700
27800
27900
28000
28100
28200
28300
28400
28500
28600
28700
28800
28900
29000
29100
29200
29300
29400
29500
29600
29700
29800
29900
OOD log likelihood with variance 1.0: -2629.9912109375
[2025-11-17 02:54:56,352][HYDRA] 	#83 : posterior=sbvi posterior.num_samples=1 optimization.epochs=30000 posterior.temperature=0.001 seed=0 optimization.learning_rate=0.0001 dataset=spiked_linear dataset.n_train=4 dataset.n_features=1 posterior.num_squash_vectors=16
Config:
posterior:
  type: sbvi
  weight_variance_init: 1
  bias_variance_init: 1
  num_samples: 1
  temperature: 0.001
  posterior_exponentiation: tempered
  num_squash_vectors: 16
dataset:
  type: regression
  label: spiked_linear
  n_train: 4
  n_test: 200
  rank: 1
  n_features: 1
  noise_std: 0.1
  ood_input_variance:
  - 1.0
seed: 0
optimization:
  learning_rate: 0.0001
  batch_size: 2056
  epochs: 30000
model:
  type: mlp
  hidden_layers:
  - 64
  - 64
  prior_std: 0.33
  ff: None
  ff_amplitudes: false

Using device: cuda
0
OOD log likelihood with variance 1.0: -205959.640625
100
200
300
400
500
600
700
800
900
1000
1100
1200
1300
1400
1500
1600
1700
1800
1900
2000
2100
2200
2300
2400
2500
2600
2700
2800
2900
3000
3100
3200
3300
3400
3500
3600
3700
3800
3900
4000
4100
4200
4300
4400
4500
4600
4700
4800
4900
5000
5100
5200
5300
5400
5500
5600
5700
5800
5900
6000
6100
6200
6300
6400
6500
6600
6700
6800
6900
7000
7100
7200
7300
7400
7500
7600
7700
7800
7900
8000
8100
8200
8300
8400
8500
8600
8700
8800
8900
9000
9100
9200
9300
9400
9500
9600
9700
9800
9900
10000
OOD log likelihood with variance 1.0: -578.0497436523438
10100
10200
10300
10400
10500
10600
10700
10800
10900
11000
11100
11200
11300
11400
11500
11600
11700
11800
11900
12000
12100
12200
12300
12400
12500
12600
12700
12800
12900
13000
13100
13200
13300
13400
13500
13600
13700
13800
13900
14000
14100
14200
14300
14400
14500
14600
14700
14800
14900
15000
15100
15200
15300
15400
15500
15600
15700
15800
15900
16000
16100
16200
16300
16400
16500
16600
16700
16800
16900
17000
17100
17200
17300
17400
17500
17600
17700
17800
17900
18000
18100
18200
18300
18400
18500
18600
18700
18800
18900
19000
19100
19200
19300
19400
19500
19600
19700
19800
19900
20000
OOD log likelihood with variance 1.0: -540.708984375
20100
20200
20300
20400
20500
20600
20700
20800
20900
21000
21100
21200
21300
21400
21500
21600
21700
21800
21900
22000
22100
22200
22300
22400
22500
22600
22700
22800
22900
23000
23100
23200
23300
23400
23500
23600
23700
23800
23900
24000
24100
24200
24300
24400
24500
24600
24700
24800
24900
25000
25100
25200
25300
25400
25500
25600
25700
25800
25900
26000
26100
26200
26300
26400
26500
26600
26700
26800
26900
27000
27100
27200
27300
27400
27500
27600
27700
27800
27900
28000
28100
28200
28300
28400
28500
28600
28700
28800
28900
29000
29100
29200
29300
29400
29500
29600
29700
29800
29900
OOD log likelihood with variance 1.0: -509.1702575683594
[2025-11-17 03:00:37,606][HYDRA] 	#84 : posterior=sbvi posterior.num_samples=1 optimization.epochs=30000 posterior.temperature=0.001 seed=0 optimization.learning_rate=0.0001 dataset=spiked_linear dataset.n_train=4 dataset.n_features=500 posterior.num_squash_vectors=1
Config:
posterior:
  type: sbvi
  weight_variance_init: 1
  bias_variance_init: 1
  num_samples: 1
  temperature: 0.001
  posterior_exponentiation: tempered
  num_squash_vectors: 1
dataset:
  type: regression
  label: spiked_linear
  n_train: 4
  n_test: 200
  rank: 1
  n_features: 500
  noise_std: 0.1
  ood_input_variance:
  - 1.0
seed: 0
optimization:
  learning_rate: 0.0001
  batch_size: 2056
  epochs: 30000
model:
  type: mlp
  hidden_layers:
  - 64
  - 64
  prior_std: 0.33
  ff: None
  ff_amplitudes: false

Using device: cuda
0
OOD log likelihood with variance 1.0: -5321433.0
100
200
300
400
500
600
700
800
900
1000
1100
1200
1300
1400
1500
1600
1700
1800
1900
2000
2100
2200
2300
2400
2500
2600
2700
2800
2900
3000
3100
3200
3300
3400
3500
3600
3700
3800
3900
4000
4100
4200
4300
4400
4500
4600
4700
4800
4900
5000
5100
5200
5300
5400
5500
5600
5700
5800
5900
6000
6100
6200
6300
6400
6500
6600
6700
6800
6900
7000
7100
7200
7300
7400
7500
7600
7700
7800
7900
8000
8100
8200
8300
8400
8500
8600
8700
8800
8900
9000
9100
9200
9300
9400
9500
9600
9700
9800
9900
10000
OOD log likelihood with variance 1.0: -232.15426635742188
10100
10200
10300
10400
10500
10600
10700
10800
10900
11000
11100
11200
11300
11400
11500
11600
11700
11800
11900
12000
12100
12200
12300
12400
12500
12600
12700
12800
12900
13000
13100
13200
13300
13400
13500
13600
13700
13800
13900
14000
14100
14200
14300
14400
14500
14600
14700
14800
14900
15000
15100
15200
15300
15400
15500
15600
15700
15800
15900
16000
16100
16200
16300
16400
16500
16600
16700
16800
16900
17000
17100
17200
17300
17400
17500
17600
17700
17800
17900
18000
18100
18200
18300
18400
18500
18600
18700
18800
18900
19000
19100
19200
19300
19400
19500
19600
19700
19800
19900
20000
OOD log likelihood with variance 1.0: -37.59715270996094
20100
20200
20300
20400
20500
20600
20700
20800
20900
21000
21100
21200
21300
21400
21500
21600
21700
21800
21900
22000
22100
22200
22300
22400
22500
22600
22700
22800
22900
23000
23100
23200
23300
23400
23500
23600
23700
23800
23900
24000
24100
24200
24300
24400
24500
24600
24700
24800
24900
25000
25100
25200
25300
25400
25500
25600
25700
25800
25900
26000
26100
26200
26300
26400
26500
26600
26700
26800
26900
27000
27100
27200
27300
27400
27500
27600
27700
27800
27900
28000
28100
28200
28300
28400
28500
28600
28700
28800
28900
29000
29100
29200
29300
29400
29500
29600
29700
29800
29900
OOD log likelihood with variance 1.0: -23.681272506713867
[2025-11-17 03:06:20,722][HYDRA] 	#85 : posterior=sbvi posterior.num_samples=1 optimization.epochs=30000 posterior.temperature=0.001 seed=0 optimization.learning_rate=0.0001 dataset=spiked_linear dataset.n_train=4 dataset.n_features=500 posterior.num_squash_vectors=4
Config:
posterior:
  type: sbvi
  weight_variance_init: 1
  bias_variance_init: 1
  num_samples: 1
  temperature: 0.001
  posterior_exponentiation: tempered
  num_squash_vectors: 4
dataset:
  type: regression
  label: spiked_linear
  n_train: 4
  n_test: 200
  rank: 1
  n_features: 500
  noise_std: 0.1
  ood_input_variance:
  - 1.0
seed: 0
optimization:
  learning_rate: 0.0001
  batch_size: 2056
  epochs: 30000
model:
  type: mlp
  hidden_layers:
  - 64
  - 64
  prior_std: 0.33
  ff: None
  ff_amplitudes: false

Using device: cuda
0
OOD log likelihood with variance 1.0: -3931994.5
100
200
300
400
500
600
700
800
900
1000
1100
1200
1300
1400
1500
1600
1700
1800
1900
2000
2100
2200
2300
2400
2500
2600
2700
2800
2900
3000
3100
3200
3300
3400
3500
3600
3700
3800
3900
4000
4100
4200
4300
4400
4500
4600
4700
4800
4900
5000
5100
5200
5300
5400
5500
5600
5700
5800
5900
6000
6100
6200
6300
6400
6500
6600
6700
6800
6900
7000
7100
7200
7300
7400
7500
7600
7700
7800
7900
8000
8100
8200
8300
8400
8500
8600
8700
8800
8900
9000
9100
9200
9300
9400
9500
9600
9700
9800
9900
10000
OOD log likelihood with variance 1.0: -668.6365966796875
10100
10200
10300
10400
10500
10600
10700
10800
10900
11000
11100
11200
11300
11400
11500
11600
11700
11800
11900
12000
12100
12200
12300
12400
12500
12600
12700
12800
12900
13000
13100
13200
13300
13400
13500
13600
13700
13800
13900
14000
14100
14200
14300
14400
14500
14600
14700
14800
14900
15000
15100
15200
15300
15400
15500
15600
15700
15800
15900
16000
16100
16200
16300
16400
16500
16600
16700
16800
16900
17000
17100
17200
17300
17400
17500
17600
17700
17800
17900
18000
18100
18200
18300
18400
18500
18600
18700
18800
18900
19000
19100
19200
19300
19400
19500
19600
19700
19800
19900
20000
OOD log likelihood with variance 1.0: -401.3124084472656
20100
20200
20300
20400
20500
20600
20700
20800
20900
21000
21100
21200
21300
21400
21500
21600
21700
21800
21900
22000
22100
22200
22300
22400
22500
22600
22700
22800
22900
23000
23100
23200
23300
23400
23500
23600
23700
23800
23900
24000
24100
24200
24300
24400
24500
24600
24700
24800
24900
25000
25100
25200
25300
25400
25500
25600
25700
25800
25900
26000
26100
26200
26300
26400
26500
26600
26700
26800
26900
27000
27100
27200
27300
27400
27500
27600
27700
27800
27900
28000
28100
28200
28300
28400
28500
28600
28700
28800
28900
29000
29100
29200
29300
29400
29500
29600
29700
29800
29900
OOD log likelihood with variance 1.0: -415.93829345703125
[2025-11-17 03:12:13,096][HYDRA] 	#86 : posterior=sbvi posterior.num_samples=1 optimization.epochs=30000 posterior.temperature=0.001 seed=0 optimization.learning_rate=0.0001 dataset=spiked_linear dataset.n_train=4 dataset.n_features=500 posterior.num_squash_vectors=16
Config:
posterior:
  type: sbvi
  weight_variance_init: 1
  bias_variance_init: 1
  num_samples: 1
  temperature: 0.001
  posterior_exponentiation: tempered
  num_squash_vectors: 16
dataset:
  type: regression
  label: spiked_linear
  n_train: 4
  n_test: 200
  rank: 1
  n_features: 500
  noise_std: 0.1
  ood_input_variance:
  - 1.0
seed: 0
optimization:
  learning_rate: 0.0001
  batch_size: 2056
  epochs: 30000
model:
  type: mlp
  hidden_layers:
  - 64
  - 64
  prior_std: 0.33
  ff: None
  ff_amplitudes: false

Using device: cuda
0
[2025-11-17 03:12:13,526][HYDRA] 	#87 : posterior=sbvi posterior.num_samples=1 optimization.epochs=30000 posterior.temperature=0.001 seed=0 optimization.learning_rate=0.0001 dataset=spiked_linear dataset.n_train=4 dataset.n_features=10000 posterior.num_squash_vectors=1
Config:
posterior:
  type: sbvi
  weight_variance_init: 1
  bias_variance_init: 1
  num_samples: 1
  temperature: 0.001
  posterior_exponentiation: tempered
  num_squash_vectors: 1
dataset:
  type: regression
  label: spiked_linear
  n_train: 4
  n_test: 200
  rank: 1
  n_features: 10000
  noise_std: 0.1
  ood_input_variance:
  - 1.0
seed: 0
optimization:
  learning_rate: 0.0001
  batch_size: 2056
  epochs: 30000
model:
  type: mlp
  hidden_layers:
  - 64
  - 64
  prior_std: 0.33
  ff: None
  ff_amplitudes: false

Using device: cuda
0
[2025-11-17 03:12:17,236][HYDRA] 	#88 : posterior=sbvi posterior.num_samples=1 optimization.epochs=30000 posterior.temperature=0.001 seed=0 optimization.learning_rate=0.0001 dataset=spiked_linear dataset.n_train=4 dataset.n_features=10000 posterior.num_squash_vectors=4
Config:
posterior:
  type: sbvi
  weight_variance_init: 1
  bias_variance_init: 1
  num_samples: 1
  temperature: 0.001
  posterior_exponentiation: tempered
  num_squash_vectors: 4
dataset:
  type: regression
  label: spiked_linear
  n_train: 4
  n_test: 200
  rank: 1
  n_features: 10000
  noise_std: 0.1
  ood_input_variance:
  - 1.0
seed: 0
optimization:
  learning_rate: 0.0001
  batch_size: 2056
  epochs: 30000
model:
  type: mlp
  hidden_layers:
  - 64
  - 64
  prior_std: 0.33
  ff: None
  ff_amplitudes: false

Using device: cuda
0
[2025-11-17 03:12:20,955][HYDRA] 	#89 : posterior=sbvi posterior.num_samples=1 optimization.epochs=30000 posterior.temperature=0.001 seed=0 optimization.learning_rate=0.0001 dataset=spiked_linear dataset.n_train=4 dataset.n_features=10000 posterior.num_squash_vectors=16
Config:
posterior:
  type: sbvi
  weight_variance_init: 1
  bias_variance_init: 1
  num_samples: 1
  temperature: 0.001
  posterior_exponentiation: tempered
  num_squash_vectors: 16
dataset:
  type: regression
  label: spiked_linear
  n_train: 4
  n_test: 200
  rank: 1
  n_features: 10000
  noise_std: 0.1
  ood_input_variance:
  - 1.0
seed: 0
optimization:
  learning_rate: 0.0001
  batch_size: 2056
  epochs: 30000
model:
  type: mlp
  hidden_layers:
  - 64
  - 64
  prior_std: 0.33
  ff: None
  ff_amplitudes: false

Using device: cuda
0
[2025-11-17 03:12:24,761][HYDRA] 	#90 : posterior=sbvi posterior.num_samples=1 optimization.epochs=30000 posterior.temperature=0.001 seed=0 optimization.learning_rate=0.0001 dataset=spiked_linear dataset.n_train=64 dataset.n_features=1 posterior.num_squash_vectors=1
Config:
posterior:
  type: sbvi
  weight_variance_init: 1
  bias_variance_init: 1
  num_samples: 1
  temperature: 0.001
  posterior_exponentiation: tempered
  num_squash_vectors: 1
dataset:
  type: regression
  label: spiked_linear
  n_train: 64
  n_test: 200
  rank: 1
  n_features: 1
  noise_std: 0.1
  ood_input_variance:
  - 1.0
seed: 0
optimization:
  learning_rate: 0.0001
  batch_size: 2056
  epochs: 30000
model:
  type: mlp
  hidden_layers:
  - 64
  - 64
  prior_std: 0.33
  ff: None
  ff_amplitudes: false

Using device: cuda
0
OOD log likelihood with variance 1.0: -100964.546875
100
200
300
400
500
600
700
800
900
1000
1100
1200
1300
1400
1500
1600
1700
1800
1900
2000
2100
2200
2300
2400
2500
2600
2700
2800
2900
3000
3100
3200
3300
3400
3500
3600
3700
3800
3900
4000
4100
4200
4300
4400
4500
4600
4700
4800
4900
5000
5100
5200
5300
5400
5500
5600
5700
5800
5900
6000
6100
6200
6300
6400
6500
6600
6700
6800
6900
7000
7100
7200
7300
7400
7500
7600
7700
7800
7900
8000
8100
8200
8300
8400
8500
8600
8700
8800
8900
9000
9100
9200
9300
9400
9500
9600
9700
9800
9900
10000
OOD log likelihood with variance 1.0: -1.2087106704711914
10100
10200
10300
10400
10500
10600
10700
10800
10900
11000
11100
11200
11300
11400
11500
11600
11700
11800
11900
12000
12100
12200
12300
12400
12500
12600
12700
12800
12900
13000
13100
13200
13300
13400
13500
13600
13700
13800
13900
14000
14100
14200
14300
14400
14500
14600
14700
14800
14900
15000
15100
15200
15300
15400
15500
15600
15700
15800
15900
16000
16100
16200
16300
16400
16500
16600
16700
16800
16900
17000
17100
17200
17300
17400
17500
17600
17700
17800
17900
18000
18100
18200
18300
18400
18500
18600
18700
18800
18900
19000
19100
19200
19300
19400
19500
19600
19700
19800
19900
20000
OOD log likelihood with variance 1.0: -0.516974925994873
20100
20200
20300
20400
20500
20600
20700
20800
20900
21000
21100
21200
21300
21400
21500
21600
21700
21800
21900
22000
22100
22200
22300
22400
22500
22600
22700
22800
22900
23000
23100
23200
23300
23400
23500
23600
23700
23800
23900
24000
24100
24200
24300
24400
24500
24600
24700
24800
24900
25000
25100
25200
25300
25400
25500
25600
25700
25800
25900
26000
26100
26200
26300
26400
26500
26600
26700
26800
26900
27000
27100
27200
27300
27400
27500
27600
27700
27800
27900
28000
28100
28200
28300
28400
28500
28600
28700
28800
28900
29000
29100
29200
29300
29400
29500
29600
29700
29800
29900
OOD log likelihood with variance 1.0: -0.16319581866264343
[2025-11-17 03:18:01,411][HYDRA] 	#91 : posterior=sbvi posterior.num_samples=1 optimization.epochs=30000 posterior.temperature=0.001 seed=0 optimization.learning_rate=0.0001 dataset=spiked_linear dataset.n_train=64 dataset.n_features=1 posterior.num_squash_vectors=4
Config:
posterior:
  type: sbvi
  weight_variance_init: 1
  bias_variance_init: 1
  num_samples: 1
  temperature: 0.001
  posterior_exponentiation: tempered
  num_squash_vectors: 4
dataset:
  type: regression
  label: spiked_linear
  n_train: 64
  n_test: 200
  rank: 1
  n_features: 1
  noise_std: 0.1
  ood_input_variance:
  - 1.0
seed: 0
optimization:
  learning_rate: 0.0001
  batch_size: 2056
  epochs: 30000
model:
  type: mlp
  hidden_layers:
  - 64
  - 64
  prior_std: 0.33
  ff: None
  ff_amplitudes: false

Using device: cuda
0
OOD log likelihood with variance 1.0: -46320.6484375
100
200
300
400
500
600
700
800
900
1000
1100
1200
1300
1400
1500
1600
1700
1800
1900
2000
2100
2200
2300
2400
2500
2600
2700
2800
2900
3000
3100
3200
3300
3400
3500
3600
3700
3800
3900
4000
4100
4200
4300
4400
4500
4600
4700
4800
4900
5000
5100
5200
5300
5400
5500
5600
5700
5800
5900
6000
6100
6200
6300
6400
6500
6600
6700
6800
6900
7000
7100
7200
7300
7400
7500
7600
7700
7800
7900
8000
8100
8200
8300
8400
8500
8600
8700
8800
8900
9000
9100
9200
9300
9400
9500
9600
9700
9800
9900
10000
OOD log likelihood with variance 1.0: -0.692665159702301
10100
10200
10300
10400
10500
10600
10700
10800
10900
11000
11100
11200
11300
11400
11500
11600
11700
11800
11900
12000
12100
12200
12300
12400
12500
12600
12700
12800
12900
13000
13100
13200
13300
13400
13500
13600
13700
13800
13900
14000
14100
14200
14300
14400
14500
14600
14700
14800
14900
15000
15100
15200
15300
15400
15500
15600
15700
15800
15900
16000
16100
16200
16300
16400
16500
16600
16700
16800
16900
17000
17100
17200
17300
17400
17500
17600
17700
17800
17900
18000
18100
18200
18300
18400
18500
18600
18700
18800
18900
19000
19100
19200
19300
19400
19500
19600
19700
19800
19900
20000
OOD log likelihood with variance 1.0: -0.24345692992210388
20100
20200
20300
20400
20500
20600
20700
20800
20900
21000
21100
21200
21300
21400
21500
21600
21700
21800
21900
22000
22100
22200
22300
22400
22500
22600
22700
22800
22900
23000
23100
23200
23300
23400
23500
23600
23700
23800
23900
24000
24100
24200
24300
24400
24500
24600
24700
24800
24900
25000
25100
25200
25300
25400
25500
25600
25700
25800
25900
26000
26100
26200
26300
26400
26500
26600
26700
26800
26900
27000
27100
27200
27300
27400
27500
27600
27700
27800
27900
28000
28100
28200
28300
28400
28500
28600
28700
28800
28900
29000
29100
29200
29300
29400
29500
29600
29700
29800
29900
OOD log likelihood with variance 1.0: -0.08232897520065308
[2025-11-17 03:23:49,380][HYDRA] 	#92 : posterior=sbvi posterior.num_samples=1 optimization.epochs=30000 posterior.temperature=0.001 seed=0 optimization.learning_rate=0.0001 dataset=spiked_linear dataset.n_train=64 dataset.n_features=1 posterior.num_squash_vectors=16
Config:
posterior:
  type: sbvi
  weight_variance_init: 1
  bias_variance_init: 1
  num_samples: 1
  temperature: 0.001
  posterior_exponentiation: tempered
  num_squash_vectors: 16
dataset:
  type: regression
  label: spiked_linear
  n_train: 64
  n_test: 200
  rank: 1
  n_features: 1
  noise_std: 0.1
  ood_input_variance:
  - 1.0
seed: 0
optimization:
  learning_rate: 0.0001
  batch_size: 2056
  epochs: 30000
model:
  type: mlp
  hidden_layers:
  - 64
  - 64
  prior_std: 0.33
  ff: None
  ff_amplitudes: false

Using device: cuda
0
OOD log likelihood with variance 1.0: -68018.5546875
100
200
300
400
500
600
700
800
900
1000
1100
1200
1300
1400
1500
1600
1700
1800
1900
2000
2100
2200
2300
2400
2500
2600
2700
2800
2900
3000
3100
3200
3300
3400
3500
3600
3700
3800
3900
4000
4100
4200
4300
4400
4500
4600
4700
4800
4900
5000
5100
5200
5300
5400
5500
5600
5700
5800
5900
6000
6100
6200
6300
6400
6500
6600
6700
6800
6900
7000
7100
7200
7300
7400
7500
7600
7700
7800
7900
8000
8100
8200
8300
8400
8500
8600
8700
8800
8900
9000
9100
9200
9300
9400
9500
9600
9700
9800
9900
10000
OOD log likelihood with variance 1.0: -1.8937828540802002
10100
10200
10300
10400
10500
10600
10700
10800
10900
11000
11100
11200
11300
11400
11500
11600
11700
11800
11900
12000
12100
12200
12300
12400
12500
12600
12700
12800
12900
13000
13100
13200
13300
13400
13500
13600
13700
13800
13900
14000
14100
14200
14300
14400
14500
14600
14700
14800
14900
15000
15100
15200
15300
15400
15500
15600
15700
15800
15900
16000
16100
16200
16300
16400
16500
16600
16700
16800
16900
17000
17100
17200
17300
17400
17500
17600
17700
17800
17900
18000
18100
18200
18300
18400
18500
18600
18700
18800
18900
19000
19100
19200
19300
19400
19500
19600
19700
19800
19900
20000
OOD log likelihood with variance 1.0: 0.15990424156188965
20100
20200
20300
20400
20500
20600
20700
20800
20900
21000
21100
21200
21300
21400
21500
21600
21700
21800
21900
22000
22100
22200
22300
22400
22500
22600
22700
22800
22900
23000
23100
23200
23300
23400
23500
23600
23700
23800
23900
24000
24100
24200
24300
24400
24500
24600
24700
24800
24900
25000
25100
25200
25300
25400
25500
25600
25700
25800
25900
26000
26100
26200
26300
26400
26500
26600
26700
26800
26900
27000
27100
27200
27300
27400
27500
27600
27700
27800
27900
28000
28100
28200
28300
28400
28500
28600
28700
28800
28900
29000
29100
29200
29300
29400
29500
29600
29700
29800
29900
OOD log likelihood with variance 1.0: 0.3526047468185425
[2025-11-17 03:29:45,971][HYDRA] 	#93 : posterior=sbvi posterior.num_samples=1 optimization.epochs=30000 posterior.temperature=0.001 seed=0 optimization.learning_rate=0.0001 dataset=spiked_linear dataset.n_train=64 dataset.n_features=500 posterior.num_squash_vectors=1
Config:
posterior:
  type: sbvi
  weight_variance_init: 1
  bias_variance_init: 1
  num_samples: 1
  temperature: 0.001
  posterior_exponentiation: tempered
  num_squash_vectors: 1
dataset:
  type: regression
  label: spiked_linear
  n_train: 64
  n_test: 200
  rank: 1
  n_features: 500
  noise_std: 0.1
  ood_input_variance:
  - 1.0
seed: 0
optimization:
  learning_rate: 0.0001
  batch_size: 2056
  epochs: 30000
model:
  type: mlp
  hidden_layers:
  - 64
  - 64
  prior_std: 0.33
  ff: None
  ff_amplitudes: false

Using device: cuda
0
OOD log likelihood with variance 1.0: -30202472.0
100
200
300
400
500
600
700
800
900
1000
1100
1200
1300
1400
1500
1600
1700
1800
1900
2000
2100
2200
2300
2400
2500
2600
2700
2800
2900
3000
3100
3200
3300
3400
3500
3600
3700
3800
3900
4000
4100
4200
4300
4400
4500
4600
4700
4800
4900
5000
5100
5200
5300
5400
5500
5600
5700
5800
5900
6000
6100
6200
6300
6400
6500
6600
6700
6800
6900
7000
7100
7200
7300
7400
7500
7600
7700
7800
7900
8000
8100
8200
8300
8400
8500
8600
8700
8800
8900
9000
9100
9200
9300
9400
9500
9600
9700
9800
9900
10000
OOD log likelihood with variance 1.0: -6.201901912689209
10100
10200
10300
10400
10500
10600
10700
10800
10900
11000
11100
11200
11300
11400
11500
11600
11700
11800
11900
12000
12100
12200
12300
12400
12500
12600
12700
12800
12900
13000
13100
13200
13300
13400
13500
13600
13700
13800
13900
14000
14100
14200
14300
14400
14500
14600
14700
14800
14900
15000
15100
15200
15300
15400
15500
15600
15700
15800
15900
16000
16100
16200
16300
16400
16500
16600
16700
16800
16900
17000
17100
17200
17300
17400
17500
17600
17700
17800
17900
18000
18100
18200
18300
18400
18500
18600
18700
18800
18900
19000
19100
19200
19300
19400
19500
19600
19700
19800
19900
20000
OOD log likelihood with variance 1.0: -3.744126796722412
20100
20200
20300
20400
20500
20600
20700
20800
20900
21000
21100
21200
21300
21400
21500
21600
21700
21800
21900
22000
22100
22200
22300
22400
22500
22600
22700
22800
22900
23000
23100
23200
23300
23400
23500
23600
23700
23800
23900
24000
24100
24200
24300
24400
24500
24600
24700
24800
24900
25000
25100
25200
25300
25400
25500
25600
25700
25800
25900
26000
26100
26200
26300
26400
26500
26600
26700
26800
26900
27000
27100
27200
27300
27400
27500
27600
27700
27800
27900
28000
28100
28200
28300
28400
28500
28600
28700
28800
28900
29000
29100
29200
29300
29400
29500
29600
29700
29800
29900
OOD log likelihood with variance 1.0: -6.0190205574035645
[2025-11-17 03:35:40,794][HYDRA] 	#94 : posterior=sbvi posterior.num_samples=1 optimization.epochs=30000 posterior.temperature=0.001 seed=0 optimization.learning_rate=0.0001 dataset=spiked_linear dataset.n_train=64 dataset.n_features=500 posterior.num_squash_vectors=4
Config:
posterior:
  type: sbvi
  weight_variance_init: 1
  bias_variance_init: 1
  num_samples: 1
  temperature: 0.001
  posterior_exponentiation: tempered
  num_squash_vectors: 4
dataset:
  type: regression
  label: spiked_linear
  n_train: 64
  n_test: 200
  rank: 1
  n_features: 500
  noise_std: 0.1
  ood_input_variance:
  - 1.0
seed: 0
optimization:
  learning_rate: 0.0001
  batch_size: 2056
  epochs: 30000
model:
  type: mlp
  hidden_layers:
  - 64
  - 64
  prior_std: 0.33
  ff: None
  ff_amplitudes: false

Using device: cuda
0
OOD log likelihood with variance 1.0: -20562116.0
100
200
300
400
500
600
700
800
900
1000
1100
1200
1300
1400
1500
1600
1700
1800
1900
2000
2100
2200
2300
2400
2500
2600
2700
2800
2900
3000
3100
3200
3300
3400
3500
3600
3700
3800
3900
4000
4100
4200
4300
4400
4500
4600
4700
4800
4900
5000
5100
5200
5300
5400
5500
5600
5700
5800
5900
6000
6100
6200
6300
6400
6500
6600
6700
6800
6900
7000
7100
7200
7300
7400
7500
7600
7700
7800
7900
8000
8100
8200
8300
8400
8500
8600
8700
8800
8900
9000
9100
9200
9300
9400
9500
9600
9700
9800
9900
10000
OOD log likelihood with variance 1.0: -37.79608154296875
10100
10200
10300
10400
10500
10600
10700
10800
10900
11000
11100
11200
11300
11400
11500
11600
11700
11800
11900
12000
12100
12200
12300
12400
12500
12600
12700
12800
12900
13000
13100
13200
13300
13400
13500
13600
13700
13800
13900
14000
14100
14200
14300
14400
14500
14600
14700
14800
14900
15000
15100
15200
15300
15400
15500
15600
15700
15800
15900
16000
16100
16200
16300
16400
16500
16600
16700
16800
16900
17000
17100
17200
17300
17400
17500
17600
17700
17800
17900
18000
18100
18200
18300
18400
18500
18600
18700
18800
18900
19000
19100
19200
19300
19400
19500
19600
19700
19800
19900
20000
OOD log likelihood with variance 1.0: -62.32876205444336
20100
20200
20300
20400
20500
20600
20700
20800
20900
21000
21100
21200
21300
21400
21500
21600
21700
21800
21900
22000
22100
22200
22300
22400
22500
22600
22700
22800
22900
23000
23100
23200
23300
23400
23500
23600
23700
23800
23900
24000
24100
24200
24300
24400
24500
24600
24700
24800
24900
25000
25100
25200
25300
25400
25500
25600
25700
25800
25900
26000
26100
26200
26300
26400
26500
26600
26700
26800
26900
27000
27100
27200
27300
27400
27500
27600
27700
27800
27900
28000
28100
28200
28300
28400
28500
28600
28700
28800
28900
29000
29100
29200
29300
29400
29500
29600
29700
29800
29900
OOD log likelihood with variance 1.0: -43.818077087402344
[2025-11-17 03:41:40,790][HYDRA] 	#95 : posterior=sbvi posterior.num_samples=1 optimization.epochs=30000 posterior.temperature=0.001 seed=0 optimization.learning_rate=0.0001 dataset=spiked_linear dataset.n_train=64 dataset.n_features=500 posterior.num_squash_vectors=16
Config:
posterior:
  type: sbvi
  weight_variance_init: 1
  bias_variance_init: 1
  num_samples: 1
  temperature: 0.001
  posterior_exponentiation: tempered
  num_squash_vectors: 16
dataset:
  type: regression
  label: spiked_linear
  n_train: 64
  n_test: 200
  rank: 1
  n_features: 500
  noise_std: 0.1
  ood_input_variance:
  - 1.0
seed: 0
optimization:
  learning_rate: 0.0001
  batch_size: 2056
  epochs: 30000
model:
  type: mlp
  hidden_layers:
  - 64
  - 64
  prior_std: 0.33
  ff: None
  ff_amplitudes: false

Using device: cuda
0
[2025-11-17 03:41:41,258][HYDRA] 	#96 : posterior=sbvi posterior.num_samples=1 optimization.epochs=30000 posterior.temperature=0.001 seed=0 optimization.learning_rate=0.0001 dataset=spiked_linear dataset.n_train=64 dataset.n_features=10000 posterior.num_squash_vectors=1
Config:
posterior:
  type: sbvi
  weight_variance_init: 1
  bias_variance_init: 1
  num_samples: 1
  temperature: 0.001
  posterior_exponentiation: tempered
  num_squash_vectors: 1
dataset:
  type: regression
  label: spiked_linear
  n_train: 64
  n_test: 200
  rank: 1
  n_features: 10000
  noise_std: 0.1
  ood_input_variance:
  - 1.0
seed: 0
optimization:
  learning_rate: 0.0001
  batch_size: 2056
  epochs: 30000
model:
  type: mlp
  hidden_layers:
  - 64
  - 64
  prior_std: 0.33
  ff: None
  ff_amplitudes: false

Using device: cuda
0
[2025-11-17 03:41:45,049][HYDRA] 	#97 : posterior=sbvi posterior.num_samples=1 optimization.epochs=30000 posterior.temperature=0.001 seed=0 optimization.learning_rate=0.0001 dataset=spiked_linear dataset.n_train=64 dataset.n_features=10000 posterior.num_squash_vectors=4
Config:
posterior:
  type: sbvi
  weight_variance_init: 1
  bias_variance_init: 1
  num_samples: 1
  temperature: 0.001
  posterior_exponentiation: tempered
  num_squash_vectors: 4
dataset:
  type: regression
  label: spiked_linear
  n_train: 64
  n_test: 200
  rank: 1
  n_features: 10000
  noise_std: 0.1
  ood_input_variance:
  - 1.0
seed: 0
optimization:
  learning_rate: 0.0001
  batch_size: 2056
  epochs: 30000
model:
  type: mlp
  hidden_layers:
  - 64
  - 64
  prior_std: 0.33
  ff: None
  ff_amplitudes: false

Using device: cuda
0
[2025-11-17 03:41:48,793][HYDRA] 	#98 : posterior=sbvi posterior.num_samples=1 optimization.epochs=30000 posterior.temperature=0.001 seed=0 optimization.learning_rate=0.0001 dataset=spiked_linear dataset.n_train=64 dataset.n_features=10000 posterior.num_squash_vectors=16
Config:
posterior:
  type: sbvi
  weight_variance_init: 1
  bias_variance_init: 1
  num_samples: 1
  temperature: 0.001
  posterior_exponentiation: tempered
  num_squash_vectors: 16
dataset:
  type: regression
  label: spiked_linear
  n_train: 64
  n_test: 200
  rank: 1
  n_features: 10000
  noise_std: 0.1
  ood_input_variance:
  - 1.0
seed: 0
optimization:
  learning_rate: 0.0001
  batch_size: 2056
  epochs: 30000
model:
  type: mlp
  hidden_layers:
  - 64
  - 64
  prior_std: 0.33
  ff: None
  ff_amplitudes: false

Using device: cuda
0
[2025-11-17 03:41:52,624][HYDRA] 	#99 : posterior=sbvi posterior.num_samples=1 optimization.epochs=30000 posterior.temperature=0.001 seed=0 optimization.learning_rate=0.0001 dataset=spiked_linear dataset.n_train=512 dataset.n_features=1 posterior.num_squash_vectors=1
Config:
posterior:
  type: sbvi
  weight_variance_init: 1
  bias_variance_init: 1
  num_samples: 1
  temperature: 0.001
  posterior_exponentiation: tempered
  num_squash_vectors: 1
dataset:
  type: regression
  label: spiked_linear
  n_train: 512
  n_test: 200
  rank: 1
  n_features: 1
  noise_std: 0.1
  ood_input_variance:
  - 1.0
seed: 0
optimization:
  learning_rate: 0.0001
  batch_size: 2056
  epochs: 30000
model:
  type: mlp
  hidden_layers:
  - 64
  - 64
  prior_std: 0.33
  ff: None
  ff_amplitudes: false

Using device: cuda
0
OOD log likelihood with variance 1.0: -167489.921875
100
200
300
400
500
600
700
800
900
1000
1100
1200
1300
1400
1500
1600
1700
1800
1900
2000
2100
2200
2300
2400
2500
2600
2700
2800
2900
3000
3100
3200
3300
3400
3500
3600
3700
3800
3900
4000
4100
4200
4300
4400
4500
4600
4700
4800
4900
5000
5100
5200
5300
5400
5500
5600
5700
5800
5900
6000
6100
6200
6300
6400
6500
6600
6700
6800
6900
7000
7100
7200
7300
7400
7500
7600
7700
7800
7900
8000
8100
8200
8300
8400
8500
8600
8700
8800
8900
9000
9100
9200
9300
9400
9500
9600
9700
9800
9900
10000
OOD log likelihood with variance 1.0: 0.510310173034668
10100
10200
10300
10400
10500
10600
10700
10800
10900
11000
11100
11200
11300
11400
11500
11600
11700
11800
11900
12000
12100
12200
12300
12400
12500
12600
12700
12800
12900
13000
13100
13200
13300
13400
13500
13600
13700
13800
13900
14000
14100
14200
14300
14400
14500
14600
14700
14800
14900
15000
15100
15200
15300
15400
15500
15600
15700
15800
15900
16000
16100
16200
16300
16400
16500
16600
16700
16800
16900
17000
17100
17200
17300
17400
17500
17600
17700
17800
17900
18000
18100
18200
18300
18400
18500
18600
18700
18800
18900
19000
19100
19200
19300
19400
19500
19600
19700
19800
19900
20000
OOD log likelihood with variance 1.0: 0.809445858001709
20100
20200
20300
20400
20500
20600
20700
20800
20900
21000
21100
21200
21300
21400
21500
21600
21700
21800
21900
22000
22100
22200
22300
22400
22500
22600
22700
22800
22900
23000
23100
23200
23300
23400
23500
23600
23700
23800
23900
24000
24100
24200
24300
24400
24500
24600
24700
24800
24900
25000
25100
25200
25300
25400
25500
25600
25700
25800
25900
26000
26100
26200
26300
26400
26500
26600
26700
26800
26900
27000
27100
27200
27300
27400
27500
27600
27700
27800
27900
28000
28100
28200
28300
28400
28500
28600
28700
28800
28900
29000
29100
29200
29300
29400
29500
29600
29700
29800
29900
OOD log likelihood with variance 1.0: 0.8183271884918213
[2025-11-17 03:48:59,222][HYDRA] 	#100 : posterior=sbvi posterior.num_samples=1 optimization.epochs=30000 posterior.temperature=0.001 seed=0 optimization.learning_rate=0.0001 dataset=spiked_linear dataset.n_train=512 dataset.n_features=1 posterior.num_squash_vectors=4
Config:
posterior:
  type: sbvi
  weight_variance_init: 1
  bias_variance_init: 1
  num_samples: 1
  temperature: 0.001
  posterior_exponentiation: tempered
  num_squash_vectors: 4
dataset:
  type: regression
  label: spiked_linear
  n_train: 512
  n_test: 200
  rank: 1
  n_features: 1
  noise_std: 0.1
  ood_input_variance:
  - 1.0
seed: 0
optimization:
  learning_rate: 0.0001
  batch_size: 2056
  epochs: 30000
model:
  type: mlp
  hidden_layers:
  - 64
  - 64
  prior_std: 0.33
  ff: None
  ff_amplitudes: false

Using device: cuda
0
OOD log likelihood with variance 1.0: -41761.8203125
100
200
300
400
500
600
700
800
900
1000
1100
1200
1300
1400
1500
1600
1700
1800
1900
2000
2100
2200
2300
2400
2500
2600
2700
2800
2900
3000
3100
3200
3300
3400
3500
3600
3700
3800
3900
4000
4100
4200
4300
4400
4500
4600
4700
4800
4900
5000
5100
5200
5300
5400
5500
5600
5700
5800
5900
6000
6100
6200
6300
6400
6500
6600
6700
6800
6900
7000
7100
7200
7300
7400
7500
7600
7700
7800
7900
8000
8100
8200
8300
8400
8500
8600
8700
8800
8900
9000
9100
9200
9300
9400
9500
9600
9700
9800
9900
10000
OOD log likelihood with variance 1.0: 0.7806470394134521
10100
10200
10300
10400
10500
10600
10700
10800
10900
11000
11100
11200
11300
11400
11500
11600
11700
11800
11900
12000
12100
12200
12300
12400
12500
12600
12700
12800
12900
13000
13100
13200
13300
13400
13500
13600
13700
13800
13900
14000
14100
14200
14300
14400
14500
14600
14700
14800
14900
15000
15100
15200
15300
15400
15500
15600
15700
15800
15900
16000
16100
16200
16300
16400
16500
16600
16700
16800
16900
17000
17100
17200
17300
17400
17500
17600
17700
17800
17900
18000
18100
18200
18300
18400
18500
18600
18700
18800
18900
19000
19100
19200
19300
19400
19500
19600
19700
19800
19900
20000
OOD log likelihood with variance 1.0: 0.8105584383010864
20100
20200
20300
20400
20500
20600
20700
20800
20900
21000
21100
21200
21300
21400
21500
21600
21700
21800
21900
22000
22100
22200
22300
22400
22500
22600
22700
22800
22900
23000
23100
23200
23300
23400
23500
23600
23700
23800
23900
24000
24100
24200
24300
24400
24500
24600
24700
24800
24900
25000
25100
25200
25300
25400
25500
25600
25700
25800
25900
26000
26100
26200
26300
26400
26500
26600
26700
26800
26900
27000
27100
27200
27300
27400
27500
27600
27700
27800
27900
28000
28100
28200
28300
28400
28500
28600
28700
28800
28900
29000
29100
29200
29300
29400
29500
29600
29700
29800
29900
OOD log likelihood with variance 1.0: 0.808637261390686
[2025-11-17 03:56:16,657][HYDRA] 	#101 : posterior=sbvi posterior.num_samples=1 optimization.epochs=30000 posterior.temperature=0.001 seed=0 optimization.learning_rate=0.0001 dataset=spiked_linear dataset.n_train=512 dataset.n_features=1 posterior.num_squash_vectors=16
Config:
posterior:
  type: sbvi
  weight_variance_init: 1
  bias_variance_init: 1
  num_samples: 1
  temperature: 0.001
  posterior_exponentiation: tempered
  num_squash_vectors: 16
dataset:
  type: regression
  label: spiked_linear
  n_train: 512
  n_test: 200
  rank: 1
  n_features: 1
  noise_std: 0.1
  ood_input_variance:
  - 1.0
seed: 0
optimization:
  learning_rate: 0.0001
  batch_size: 2056
  epochs: 30000
model:
  type: mlp
  hidden_layers:
  - 64
  - 64
  prior_std: 0.33
  ff: None
  ff_amplitudes: false

Using device: cuda
0
OOD log likelihood with variance 1.0: -55168.6953125
100
200
300
400
500
600
700
800
900
1000
1100
1200
1300
1400
1500
1600
1700
1800
1900
2000
2100
2200
2300
2400
2500
2600
2700
2800
2900
3000
3100
3200
3300
3400
3500
3600
3700
3800
3900
4000
4100
4200
4300
4400
4500
4600
4700
4800
4900
5000
5100
5200
5300
5400
5500
5600
5700
5800
5900
6000
6100
6200
6300
6400
6500
6600
6700
6800
6900
7000
7100
7200
7300
7400
7500
7600
7700
7800
7900
8000
8100
8200
8300
8400
8500
8600
8700
8800
8900
9000
9100
9200
9300
9400
9500
9600
9700
9800
9900
10000
OOD log likelihood with variance 1.0: 0.5681636333465576
10100
10200
10300
10400
10500
10600
10700
10800
10900
11000
11100
11200
11300
11400
11500
11600
11700
11800
11900
12000
12100
12200
12300
12400
12500
12600
12700
12800
12900
13000
13100
13200
13300
13400
13500
13600
13700
13800
13900
14000
14100
14200
14300
14400
14500
14600
14700
14800
14900
15000
15100
15200
15300
15400
15500
15600
15700
15800
15900
16000
16100
16200
16300
16400
16500
16600
16700
16800
16900
17000
17100
17200
17300
17400
17500
17600
17700
17800
17900
18000
18100
18200
18300
18400
18500
18600
18700
18800
18900
19000
19100
19200
19300
19400
19500
19600
19700
19800
19900
20000
OOD log likelihood with variance 1.0: 0.7775826454162598
20100
20200
20300
20400
20500
20600
20700
20800
20900
21000
21100
21200
21300
21400
21500
21600
21700
21800
21900
22000
22100
22200
22300
22400
22500
22600
22700
22800
22900
23000
23100
23200
23300
23400
23500
23600
23700
23800
23900
24000
24100
24200
24300
24400
24500
24600
24700
24800
24900
25000
25100
25200
25300
25400
25500
25600
25700
25800
25900
26000
26100
26200
26300
26400
26500
26600
26700
26800
26900
27000
27100
27200
27300
27400
27500
27600
27700
27800
27900
28000
28100
28200
28300
28400
28500
28600
28700
28800
28900
29000
29100
29200
29300
29400
29500
29600
29700
29800
29900
OOD log likelihood with variance 1.0: 0.7994959354400635
[2025-11-17 04:03:35,443][HYDRA] 	#102 : posterior=sbvi posterior.num_samples=1 optimization.epochs=30000 posterior.temperature=0.001 seed=0 optimization.learning_rate=0.0001 dataset=spiked_linear dataset.n_train=512 dataset.n_features=500 posterior.num_squash_vectors=1
Config:
posterior:
  type: sbvi
  weight_variance_init: 1
  bias_variance_init: 1
  num_samples: 1
  temperature: 0.001
  posterior_exponentiation: tempered
  num_squash_vectors: 1
dataset:
  type: regression
  label: spiked_linear
  n_train: 512
  n_test: 200
  rank: 1
  n_features: 500
  noise_std: 0.1
  ood_input_variance:
  - 1.0
seed: 0
optimization:
  learning_rate: 0.0001
  batch_size: 2056
  epochs: 30000
model:
  type: mlp
  hidden_layers:
  - 64
  - 64
  prior_std: 0.33
  ff: None
  ff_amplitudes: false

Using device: cuda
0
OOD log likelihood with variance 1.0: -45461480.0
100
200
300
400
500
600
700
800
900
1000
1100
1200
1300
1400
1500
1600
1700
1800
1900
2000
2100
2200
2300
2400
2500
2600
2700
2800
2900
3000
3100
3200
3300
3400
3500
3600
3700
3800
3900
4000
4100
4200
4300
4400
4500
4600
4700
4800
4900
5000
5100
5200
5300
5400
5500
5600
5700
5800
5900
6000
6100
6200
6300
6400
6500
6600
6700
6800
6900
7000
7100
7200
7300
7400
7500
7600
7700
7800
7900
8000
8100
8200
8300
8400
8500
8600
8700
8800
8900
9000
9100
9200
9300
9400
9500
9600
9700
9800
9900
10000
OOD log likelihood with variance 1.0: -0.11821487545967102
10100
10200
10300
10400
10500
10600
10700
10800
10900
11000
11100
11200
11300
11400
11500
11600
11700
11800
11900
12000
12100
12200
12300
12400
12500
12600
12700
12800
12900
13000
13100
13200
13300
13400
13500
13600
13700
13800
13900
14000
14100
14200
14300
14400
14500
14600
14700
14800
14900
15000
15100
15200
15300
15400
15500
15600
15700
15800
15900
16000
16100
16200
16300
16400
16500
16600
16700
16800
16900
17000
17100
17200
17300
17400
17500
17600
17700
17800
17900
18000
18100
18200
18300
18400
18500
18600
18700
18800
18900
19000
19100
19200
19300
19400
19500
19600
19700
19800
19900
20000
OOD log likelihood with variance 1.0: -2.776534080505371
20100
20200
20300
20400
20500
20600
20700
20800
20900
21000
21100
21200
21300
21400
21500
21600
21700
21800
21900
22000
22100
22200
22300
22400
22500
22600
22700
22800
22900
23000
23100
23200
23300
23400
23500
23600
23700
23800
23900
24000
24100
24200
24300
24400
24500
24600
24700
24800
24900
25000
25100
25200
25300
25400
25500
25600
25700
25800
25900
26000
26100
26200
26300
26400
26500
26600
26700
26800
26900
27000
27100
27200
27300
27400
27500
27600
27700
27800
27900
28000
28100
28200
28300
28400
28500
28600
28700
28800
28900
29000
29100
29200
29300
29400
29500
29600
29700
29800
29900
OOD log likelihood with variance 1.0: -8.527227401733398
[2025-11-17 04:11:25,311][HYDRA] 	#103 : posterior=sbvi posterior.num_samples=1 optimization.epochs=30000 posterior.temperature=0.001 seed=0 optimization.learning_rate=0.0001 dataset=spiked_linear dataset.n_train=512 dataset.n_features=500 posterior.num_squash_vectors=4
Config:
posterior:
  type: sbvi
  weight_variance_init: 1
  bias_variance_init: 1
  num_samples: 1
  temperature: 0.001
  posterior_exponentiation: tempered
  num_squash_vectors: 4
dataset:
  type: regression
  label: spiked_linear
  n_train: 512
  n_test: 200
  rank: 1
  n_features: 500
  noise_std: 0.1
  ood_input_variance:
  - 1.0
seed: 0
optimization:
  learning_rate: 0.0001
  batch_size: 2056
  epochs: 30000
model:
  type: mlp
  hidden_layers:
  - 64
  - 64
  prior_std: 0.33
  ff: None
  ff_amplitudes: false

Using device: cuda
0
OOD log likelihood with variance 1.0: -41448208.0
100
200
300
400
500
600
700
800
900
1000
1100
1200
1300
1400
1500
1600
1700
1800
1900
2000
2100
2200
2300
2400
2500
2600
2700
2800
2900
3000
3100
3200
3300
3400
3500
3600
3700
3800
3900
4000
4100
4200
4300
4400
4500
4600
4700
4800
4900
5000
5100
5200
5300
5400
5500
5600
5700
5800
5900
6000
6100
6200
6300
6400
6500
6600
6700
6800
6900
7000
7100
7200
7300
7400
7500
7600
7700
7800
7900
8000
8100
8200
8300
8400
8500
8600
8700
8800
8900
9000
9100
9200
9300
9400
9500
9600
9700
9800
9900
10000
OOD log likelihood with variance 1.0: -3.3733534812927246
10100
10200
10300
10400
10500
10600
10700
10800
10900
11000
11100
11200
11300
11400
11500
11600
11700
11800
11900
12000
12100
12200
12300
12400
12500
12600
12700
12800
12900
13000
13100
13200
13300
13400
13500
13600
13700
13800
13900
14000
14100
14200
14300
14400
14500
14600
14700
14800
14900
15000
15100
15200
15300
15400
15500
15600
15700
15800
15900
16000
16100
16200
16300
16400
16500
16600
16700
16800
16900
17000
17100
17200
17300
17400
17500
17600
17700
17800
17900
18000
18100
18200
18300
18400
18500
18600
18700
18800
18900
19000
19100
19200
19300
19400
19500
19600
19700
19800
19900
20000
OOD log likelihood with variance 1.0: -0.8892339468002319
20100
20200
20300
20400
20500
20600
20700
20800
20900
21000
21100
21200
21300
21400
21500
21600
21700
21800
21900
22000
22100
22200
22300
22400
22500
22600
22700
22800
22900
23000
23100
23200
23300
23400
23500
23600
23700
23800
23900
24000
24100
24200
24300
24400
24500
24600
24700
24800
24900
25000
25100
25200
25300
25400
25500
25600
25700
25800
25900
26000
26100
26200
26300
26400
26500
26600
26700
26800
26900
27000
27100
27200
27300
27400
27500
27600
27700
27800
27900
28000
28100
28200
28300
28400
28500
28600
28700
28800
28900
29000
29100
29200
29300
29400
29500
29600
29700
29800
29900
OOD log likelihood with variance 1.0: -1.6672166585922241
[2025-11-17 04:19:19,730][HYDRA] 	#104 : posterior=sbvi posterior.num_samples=1 optimization.epochs=30000 posterior.temperature=0.001 seed=0 optimization.learning_rate=0.0001 dataset=spiked_linear dataset.n_train=512 dataset.n_features=500 posterior.num_squash_vectors=16
Config:
posterior:
  type: sbvi
  weight_variance_init: 1
  bias_variance_init: 1
  num_samples: 1
  temperature: 0.001
  posterior_exponentiation: tempered
  num_squash_vectors: 16
dataset:
  type: regression
  label: spiked_linear
  n_train: 512
  n_test: 200
  rank: 1
  n_features: 500
  noise_std: 0.1
  ood_input_variance:
  - 1.0
seed: 0
optimization:
  learning_rate: 0.0001
  batch_size: 2056
  epochs: 30000
model:
  type: mlp
  hidden_layers:
  - 64
  - 64
  prior_std: 0.33
  ff: None
  ff_amplitudes: false

Using device: cuda
0
[2025-11-17 04:19:20,196][HYDRA] 	#105 : posterior=sbvi posterior.num_samples=1 optimization.epochs=30000 posterior.temperature=0.001 seed=0 optimization.learning_rate=0.0001 dataset=spiked_linear dataset.n_train=512 dataset.n_features=10000 posterior.num_squash_vectors=1
Config:
posterior:
  type: sbvi
  weight_variance_init: 1
  bias_variance_init: 1
  num_samples: 1
  temperature: 0.001
  posterior_exponentiation: tempered
  num_squash_vectors: 1
dataset:
  type: regression
  label: spiked_linear
  n_train: 512
  n_test: 200
  rank: 1
  n_features: 10000
  noise_std: 0.1
  ood_input_variance:
  - 1.0
seed: 0
optimization:
  learning_rate: 0.0001
  batch_size: 2056
  epochs: 30000
model:
  type: mlp
  hidden_layers:
  - 64
  - 64
  prior_std: 0.33
  ff: None
  ff_amplitudes: false

Using device: cuda
0
[2025-11-17 04:19:24,006][HYDRA] 	#106 : posterior=sbvi posterior.num_samples=1 optimization.epochs=30000 posterior.temperature=0.001 seed=0 optimization.learning_rate=0.0001 dataset=spiked_linear dataset.n_train=512 dataset.n_features=10000 posterior.num_squash_vectors=4
Config:
posterior:
  type: sbvi
  weight_variance_init: 1
  bias_variance_init: 1
  num_samples: 1
  temperature: 0.001
  posterior_exponentiation: tempered
  num_squash_vectors: 4
dataset:
  type: regression
  label: spiked_linear
  n_train: 512
  n_test: 200
  rank: 1
  n_features: 10000
  noise_std: 0.1
  ood_input_variance:
  - 1.0
seed: 0
optimization:
  learning_rate: 0.0001
  batch_size: 2056
  epochs: 30000
model:
  type: mlp
  hidden_layers:
  - 64
  - 64
  prior_std: 0.33
  ff: None
  ff_amplitudes: false

Using device: cuda
0
[2025-11-17 04:19:27,739][HYDRA] 	#107 : posterior=sbvi posterior.num_samples=1 optimization.epochs=30000 posterior.temperature=0.001 seed=0 optimization.learning_rate=0.0001 dataset=spiked_linear dataset.n_train=512 dataset.n_features=10000 posterior.num_squash_vectors=16
Config:
posterior:
  type: sbvi
  weight_variance_init: 1
  bias_variance_init: 1
  num_samples: 1
  temperature: 0.001
  posterior_exponentiation: tempered
  num_squash_vectors: 16
dataset:
  type: regression
  label: spiked_linear
  n_train: 512
  n_test: 200
  rank: 1
  n_features: 10000
  noise_std: 0.1
  ood_input_variance:
  - 1.0
seed: 0
optimization:
  learning_rate: 0.0001
  batch_size: 2056
  epochs: 30000
model:
  type: mlp
  hidden_layers:
  - 64
  - 64
  prior_std: 0.33
  ff: None
  ff_amplitudes: false

Using device: cuda
0
[2025-11-17 04:19:28,443][HYDRA] 	#108 : posterior=sbvi posterior.num_samples=1 optimization.epochs=30000 posterior.temperature=1e-06 seed=0 optimization.learning_rate=0.0003 dataset=spiked_linear dataset.n_train=4 dataset.n_features=1 posterior.num_squash_vectors=1
Config:
posterior:
  type: sbvi
  weight_variance_init: 1
  bias_variance_init: 1
  num_samples: 1
  temperature: 1.0e-06
  posterior_exponentiation: tempered
  num_squash_vectors: 1
dataset:
  type: regression
  label: spiked_linear
  n_train: 4
  n_test: 200
  rank: 1
  n_features: 1
  noise_std: 0.1
  ood_input_variance:
  - 1.0
seed: 0
optimization:
  learning_rate: 0.0003
  batch_size: 2056
  epochs: 30000
model:
  type: mlp
  hidden_layers:
  - 64
  - 64
  prior_std: 0.33
  ff: None
  ff_amplitudes: false

Using device: cuda
0
OOD log likelihood with variance 1.0: -26472.6796875
100
200
300
400
500
600
700
800
900
1000
1100
1200
1300
1400
1500
1600
1700
1800
1900
2000
2100
2200
2300
2400
2500
2600
2700
2800
2900
3000
3100
3200
3300
3400
3500
3600
3700
3800
3900
4000
4100
4200
4300
4400
4500
4600
4700
4800
4900
5000
5100
5200
5300
5400
5500
5600
5700
5800
5900
6000
6100
6200
6300
6400
6500
6600
6700
6800
6900
7000
7100
7200
7300
7400
7500
7600
7700
7800
7900
8000
8100
8200
8300
8400
8500
8600
8700
8800
8900
9000
9100
9200
9300
9400
9500
9600
9700
9800
9900
10000
OOD log likelihood with variance 1.0: -2854.24951171875
10100
10200
10300
10400
10500
10600
10700
10800
10900
11000
11100
11200
11300
11400
11500
11600
11700
11800
11900
12000
12100
12200
12300
12400
12500
12600
12700
12800
12900
13000
13100
13200
13300
13400
13500
13600
13700
13800
13900
14000
14100
14200
14300
14400
14500
14600
14700
14800
14900
15000
15100
15200
15300
15400
15500
15600
15700
15800
15900
16000
16100
16200
16300
16400
16500
16600
16700
16800
16900
17000
17100
17200
17300
17400
17500
17600
17700
17800
17900
18000
18100
18200
18300
18400
18500
18600
18700
18800
18900
19000
19100
19200
19300
19400
19500
19600
19700
19800
19900
20000
OOD log likelihood with variance 1.0: -2834.47509765625
20100
20200
20300
20400
20500
20600
20700
20800
20900
21000
21100
21200
21300
21400
21500
21600
21700
21800
21900
22000
22100
22200
22300
22400
22500
22600
22700
22800
22900
23000
23100
23200
23300
23400
23500
23600
23700
23800
23900
24000
24100
24200
24300
24400
24500
24600
24700
24800
24900
25000
25100
25200
25300
25400
25500
25600
25700
25800
25900
26000
26100
26200
26300
26400
26500
26600
26700
26800
26900
27000
27100
27200
27300
27400
27500
27600
27700
27800
27900
28000
28100
28200
28300
28400
28500
28600
28700
28800
28900
29000
29100
29200
29300
29400
29500
29600
29700
29800
29900
OOD log likelihood with variance 1.0: -2792.93212890625
[2025-11-17 04:24:57,359][HYDRA] 	#109 : posterior=sbvi posterior.num_samples=1 optimization.epochs=30000 posterior.temperature=1e-06 seed=0 optimization.learning_rate=0.0003 dataset=spiked_linear dataset.n_train=4 dataset.n_features=1 posterior.num_squash_vectors=4
Config:
posterior:
  type: sbvi
  weight_variance_init: 1
  bias_variance_init: 1
  num_samples: 1
  temperature: 1.0e-06
  posterior_exponentiation: tempered
  num_squash_vectors: 4
dataset:
  type: regression
  label: spiked_linear
  n_train: 4
  n_test: 200
  rank: 1
  n_features: 1
  noise_std: 0.1
  ood_input_variance:
  - 1.0
seed: 0
optimization:
  learning_rate: 0.0003
  batch_size: 2056
  epochs: 30000
model:
  type: mlp
  hidden_layers:
  - 64
  - 64
  prior_std: 0.33
  ff: None
  ff_amplitudes: false

Using device: cuda
0
OOD log likelihood with variance 1.0: -175502.40625
100
200
300
400
500
600
700
800
900
1000
1100
1200
1300
1400
1500
1600
1700
1800
1900
2000
2100
2200
2300
2400
2500
2600
2700
2800
2900
3000
3100
3200
3300
3400
3500
3600
3700
3800
3900
4000
4100
4200
4300
4400
4500
4600
4700
4800
4900
5000
5100
5200
5300
5400
5500
5600
5700
5800
5900
6000
6100
6200
6300
6400
6500
6600
6700
6800
6900
7000
7100
7200
7300
7400
7500
7600
7700
7800
7900
8000
8100
8200
8300
8400
8500
8600
8700
8800
8900
9000
9100
9200
9300
9400
9500
9600
9700
9800
9900
10000
OOD log likelihood with variance 1.0: -2716.0703125
10100
10200
10300
10400
10500
10600
10700
10800
10900
11000
11100
11200
11300
11400
11500
11600
11700
11800
11900
12000
12100
12200
12300
12400
12500
12600
12700
12800
12900
13000
13100
13200
13300
13400
13500
13600
13700
13800
13900
14000
14100
14200
14300
14400
14500
14600
14700
14800
14900
15000
15100
15200
15300
15400
15500
15600
15700
15800
15900
16000
16100
16200
16300
16400
16500
16600
16700
16800
16900
17000
17100
17200
17300
17400
17500
17600
17700
17800
17900
18000
18100
18200
18300
18400
18500
18600
18700
18800
18900
19000
19100
19200
19300
19400
19500
19600
19700
19800
19900
20000
OOD log likelihood with variance 1.0: -2737.909423828125
20100
20200
20300
20400
20500
20600
20700
20800
20900
21000
21100
21200
21300
21400
21500
21600
21700
21800
21900
22000
22100
22200
22300
22400
22500
22600
22700
22800
22900
23000
23100
23200
23300
23400
23500
23600
23700
23800
23900
24000
24100
24200
24300
24400
24500
24600
24700
24800
24900
25000
25100
25200
25300
25400
25500
25600
25700
25800
25900
26000
26100
26200
26300
26400
26500
26600
26700
26800
26900
27000
27100
27200
27300
27400
27500
27600
27700
27800
27900
28000
28100
28200
28300
28400
28500
28600
28700
28800
28900
29000
29100
29200
29300
29400
29500
29600
29700
29800
29900
OOD log likelihood with variance 1.0: -2556.3837890625
[2025-11-17 04:30:36,822][HYDRA] 	#110 : posterior=sbvi posterior.num_samples=1 optimization.epochs=30000 posterior.temperature=1e-06 seed=0 optimization.learning_rate=0.0003 dataset=spiked_linear dataset.n_train=4 dataset.n_features=1 posterior.num_squash_vectors=16
Config:
posterior:
  type: sbvi
  weight_variance_init: 1
  bias_variance_init: 1
  num_samples: 1
  temperature: 1.0e-06
  posterior_exponentiation: tempered
  num_squash_vectors: 16
dataset:
  type: regression
  label: spiked_linear
  n_train: 4
  n_test: 200
  rank: 1
  n_features: 1
  noise_std: 0.1
  ood_input_variance:
  - 1.0
seed: 0
optimization:
  learning_rate: 0.0003
  batch_size: 2056
  epochs: 30000
model:
  type: mlp
  hidden_layers:
  - 64
  - 64
  prior_std: 0.33
  ff: None
  ff_amplitudes: false

Using device: cuda
0
OOD log likelihood with variance 1.0: -204672.015625
100
200
300
400
500
600
700
800
900
1000
1100
1200
1300
1400
1500
1600
1700
1800
1900
2000
2100
2200
2300
2400
2500
2600
2700
2800
2900
3000
3100
3200
3300
3400
3500
3600
3700
3800
3900
4000
4100
4200
4300
4400
4500
4600
4700
4800
4900
5000
5100
5200
5300
5400
5500
5600
5700
5800
5900
6000
6100
6200
6300
6400
6500
6600
6700
6800
6900
7000
7100
7200
7300
7400
7500
7600
7700
7800
7900
8000
8100
8200
8300
8400
8500
8600
8700
8800
8900
9000
9100
9200
9300
9400
9500
9600
9700
9800
9900
10000
OOD log likelihood with variance 1.0: -573.560546875
10100
10200
10300
10400
10500
10600
10700
10800
10900
11000
11100
11200
11300
11400
11500
11600
11700
11800
11900
12000
12100
12200
12300
12400
12500
12600
12700
12800
12900
13000
13100
13200
13300
13400
13500
13600
13700
13800
13900
14000
14100
14200
14300
14400
14500
14600
14700
14800
14900
15000
15100
15200
15300
15400
15500
15600
15700
15800
15900
16000
16100
16200
16300
16400
16500
16600
16700
16800
16900
17000
17100
17200
17300
17400
17500
17600
17700
17800
17900
18000
18100
18200
18300
18400
18500
18600
18700
18800
18900
19000
19100
19200
19300
19400
19500
19600
19700
19800
19900
20000
OOD log likelihood with variance 1.0: -604.7366333007812
20100
20200
20300
20400
20500
20600
20700
20800
20900
21000
21100
21200
21300
21400
21500
21600
21700
21800
21900
22000
22100
22200
22300
22400
22500
22600
22700
22800
22900
23000
23100
23200
23300
23400
23500
23600
23700
23800
23900
24000
24100
24200
24300
24400
24500
24600
24700
24800
24900
25000
25100
25200
25300
25400
25500
25600
25700
25800
25900
26000
26100
26200
26300
26400
26500
26600
26700
26800
26900
27000
27100
27200
27300
27400
27500
27600
27700
27800
27900
28000
28100
28200
28300
28400
28500
28600
28700
28800
28900
29000
29100
29200
29300
29400
29500
29600
29700
29800
29900
OOD log likelihood with variance 1.0: -592.4386596679688
[2025-11-17 04:36:27,116][HYDRA] 	#111 : posterior=sbvi posterior.num_samples=1 optimization.epochs=30000 posterior.temperature=1e-06 seed=0 optimization.learning_rate=0.0003 dataset=spiked_linear dataset.n_train=4 dataset.n_features=500 posterior.num_squash_vectors=1
Config:
posterior:
  type: sbvi
  weight_variance_init: 1
  bias_variance_init: 1
  num_samples: 1
  temperature: 1.0e-06
  posterior_exponentiation: tempered
  num_squash_vectors: 1
dataset:
  type: regression
  label: spiked_linear
  n_train: 4
  n_test: 200
  rank: 1
  n_features: 500
  noise_std: 0.1
  ood_input_variance:
  - 1.0
seed: 0
optimization:
  learning_rate: 0.0003
  batch_size: 2056
  epochs: 30000
model:
  type: mlp
  hidden_layers:
  - 64
  - 64
  prior_std: 0.33
  ff: None
  ff_amplitudes: false

Using device: cuda
0
OOD log likelihood with variance 1.0: -4966104.5
100
200
300
400
500
600
700
800
900
1000
1100
1200
1300
1400
1500
1600
1700
1800
1900
2000
2100
2200
2300
2400
2500
2600
2700
2800
2900
3000
3100
3200
3300
3400
3500
3600
3700
3800
3900
4000
4100
4200
4300
4400
4500
4600
4700
4800
4900
5000
5100
5200
5300
5400
5500
5600
5700
5800
5900
6000
6100
6200
6300
6400
6500
6600
6700
6800
6900
7000
7100
7200
7300
7400
7500
7600
7700
7800
7900
8000
8100
8200
8300
8400
8500
8600
8700
8800
8900
9000
9100
9200
9300
9400
9500
9600
9700
9800
9900
10000
OOD log likelihood with variance 1.0: -374.6220703125
10100
10200
10300
10400
10500
10600
10700
10800
10900
11000
11100
11200
11300
11400
11500
11600
11700
11800
11900
12000
12100
12200
12300
12400
12500
12600
12700
12800
12900
13000
13100
13200
13300
13400
13500
13600
13700
13800
13900
14000
14100
14200
14300
14400
14500
14600
14700
14800
14900
15000
15100
15200
15300
15400
15500
15600
15700
15800
15900
16000
16100
16200
16300
16400
16500
16600
16700
16800
16900
17000
17100
17200
17300
17400
17500
17600
17700
17800
17900
18000
18100
18200
18300
18400
18500
18600
18700
18800
18900
19000
19100
19200
19300
19400
19500
19600
19700
19800
19900
20000
OOD log likelihood with variance 1.0: -734.9481201171875
20100
20200
20300
20400
20500
20600
20700
20800
20900
21000
21100
21200
21300
21400
21500
21600
21700
21800
21900
22000
22100
22200
22300
22400
22500
22600
22700
22800
22900
23000
23100
23200
23300
23400
23500
23600
23700
23800
23900
24000
24100
24200
24300
24400
24500
24600
24700
24800
24900
25000
25100
25200
25300
25400
25500
25600
25700
25800
25900
26000
26100
26200
26300
26400
26500
26600
26700
26800
26900
27000
27100
27200
27300
27400
27500
27600
27700
27800
27900
28000
28100
28200
28300
28400
28500
28600
28700
28800
28900
29000
29100
29200
29300
29400
29500
29600
29700
29800
29900
OOD log likelihood with variance 1.0: -549.1755981445312
[2025-11-17 04:42:16,622][HYDRA] 	#112 : posterior=sbvi posterior.num_samples=1 optimization.epochs=30000 posterior.temperature=1e-06 seed=0 optimization.learning_rate=0.0003 dataset=spiked_linear dataset.n_train=4 dataset.n_features=500 posterior.num_squash_vectors=4
Config:
posterior:
  type: sbvi
  weight_variance_init: 1
  bias_variance_init: 1
  num_samples: 1
  temperature: 1.0e-06
  posterior_exponentiation: tempered
  num_squash_vectors: 4
dataset:
  type: regression
  label: spiked_linear
  n_train: 4
  n_test: 200
  rank: 1
  n_features: 500
  noise_std: 0.1
  ood_input_variance:
  - 1.0
seed: 0
optimization:
  learning_rate: 0.0003
  batch_size: 2056
  epochs: 30000
model:
  type: mlp
  hidden_layers:
  - 64
  - 64
  prior_std: 0.33
  ff: None
  ff_amplitudes: false

Using device: cuda
0
OOD log likelihood with variance 1.0: -3586071.25
100
200
300
400
500
600
700
800
900
1000
1100
1200
1300
1400
1500
1600
1700
1800
1900
2000
2100
2200
2300
2400
2500
2600
2700
2800
2900
3000
3100
3200
3300
3400
3500
3600
3700
3800
3900
4000
4100
4200
4300
4400
4500
4600
4700
4800
4900
5000
5100
5200
5300
5400
5500
5600
5700
5800
5900
6000
6100
6200
6300
6400
6500
6600
6700
6800
6900
7000
7100
7200
7300
7400
7500
7600
7700
7800
7900
8000
8100
8200
8300
8400
8500
8600
8700
8800
8900
9000
9100
9200
9300
9400
9500
9600
9700
9800
9900
10000
OOD log likelihood with variance 1.0: -1920.4288330078125
10100
10200
10300
10400
10500
10600
10700
10800
10900
11000
11100
11200
11300
11400
11500
11600
11700
11800
11900
12000
12100
12200
12300
12400
12500
12600
12700
12800
12900
13000
13100
13200
13300
13400
13500
13600
13700
13800
13900
14000
14100
14200
14300
14400
14500
14600
14700
14800
14900
15000
15100
15200
15300
15400
15500
15600
15700
15800
15900
16000
16100
16200
16300
16400
16500
16600
16700
16800
16900
17000
17100
17200
17300
17400
17500
17600
17700
17800
17900
18000
18100
18200
18300
18400
18500
18600
18700
18800
18900
19000
19100
19200
19300
19400
19500
19600
19700
19800
19900
20000
OOD log likelihood with variance 1.0: -1773.5003662109375
20100
20200
20300
20400
20500
20600
20700
20800
20900
21000
21100
21200
21300
21400
21500
21600
21700
21800
21900
22000
22100
22200
22300
22400
22500
22600
22700
22800
22900
23000
23100
23200
23300
23400
23500
23600
23700
23800
23900
24000
24100
24200
24300
24400
24500
24600
24700
24800
24900
25000
25100
25200
25300
25400
25500
25600
25700
25800
25900
26000
26100
26200
26300
26400
26500
26600
26700
26800
26900
27000
27100
27200
27300
27400
27500
27600
27700
27800
27900
28000
28100
28200
28300
28400
28500
28600
28700
28800
28900
29000
29100
29200
29300
29400
29500
29600
29700
29800
29900
OOD log likelihood with variance 1.0: -1416.228271484375
[2025-11-17 04:48:05,993][HYDRA] 	#113 : posterior=sbvi posterior.num_samples=1 optimization.epochs=30000 posterior.temperature=1e-06 seed=0 optimization.learning_rate=0.0003 dataset=spiked_linear dataset.n_train=4 dataset.n_features=500 posterior.num_squash_vectors=16
Config:
posterior:
  type: sbvi
  weight_variance_init: 1
  bias_variance_init: 1
  num_samples: 1
  temperature: 1.0e-06
  posterior_exponentiation: tempered
  num_squash_vectors: 16
dataset:
  type: regression
  label: spiked_linear
  n_train: 4
  n_test: 200
  rank: 1
  n_features: 500
  noise_std: 0.1
  ood_input_variance:
  - 1.0
seed: 0
optimization:
  learning_rate: 0.0003
  batch_size: 2056
  epochs: 30000
model:
  type: mlp
  hidden_layers:
  - 64
  - 64
  prior_std: 0.33
  ff: None
  ff_amplitudes: false

Using device: cuda
0
[2025-11-17 04:48:06,378][HYDRA] 	#114 : posterior=sbvi posterior.num_samples=1 optimization.epochs=30000 posterior.temperature=1e-06 seed=0 optimization.learning_rate=0.0003 dataset=spiked_linear dataset.n_train=4 dataset.n_features=10000 posterior.num_squash_vectors=1
Config:
posterior:
  type: sbvi
  weight_variance_init: 1
  bias_variance_init: 1
  num_samples: 1
  temperature: 1.0e-06
  posterior_exponentiation: tempered
  num_squash_vectors: 1
dataset:
  type: regression
  label: spiked_linear
  n_train: 4
  n_test: 200
  rank: 1
  n_features: 10000
  noise_std: 0.1
  ood_input_variance:
  - 1.0
seed: 0
optimization:
  learning_rate: 0.0003
  batch_size: 2056
  epochs: 30000
model:
  type: mlp
  hidden_layers:
  - 64
  - 64
  prior_std: 0.33
  ff: None
  ff_amplitudes: false

Using device: cuda
0
[2025-11-17 04:48:10,166][HYDRA] 	#115 : posterior=sbvi posterior.num_samples=1 optimization.epochs=30000 posterior.temperature=1e-06 seed=0 optimization.learning_rate=0.0003 dataset=spiked_linear dataset.n_train=4 dataset.n_features=10000 posterior.num_squash_vectors=4
Config:
posterior:
  type: sbvi
  weight_variance_init: 1
  bias_variance_init: 1
  num_samples: 1
  temperature: 1.0e-06
  posterior_exponentiation: tempered
  num_squash_vectors: 4
dataset:
  type: regression
  label: spiked_linear
  n_train: 4
  n_test: 200
  rank: 1
  n_features: 10000
  noise_std: 0.1
  ood_input_variance:
  - 1.0
seed: 0
optimization:
  learning_rate: 0.0003
  batch_size: 2056
  epochs: 30000
model:
  type: mlp
  hidden_layers:
  - 64
  - 64
  prior_std: 0.33
  ff: None
  ff_amplitudes: false

Using device: cuda
0
[2025-11-17 04:48:13,909][HYDRA] 	#116 : posterior=sbvi posterior.num_samples=1 optimization.epochs=30000 posterior.temperature=1e-06 seed=0 optimization.learning_rate=0.0003 dataset=spiked_linear dataset.n_train=4 dataset.n_features=10000 posterior.num_squash_vectors=16
Config:
posterior:
  type: sbvi
  weight_variance_init: 1
  bias_variance_init: 1
  num_samples: 1
  temperature: 1.0e-06
  posterior_exponentiation: tempered
  num_squash_vectors: 16
dataset:
  type: regression
  label: spiked_linear
  n_train: 4
  n_test: 200
  rank: 1
  n_features: 10000
  noise_std: 0.1
  ood_input_variance:
  - 1.0
seed: 0
optimization:
  learning_rate: 0.0003
  batch_size: 2056
  epochs: 30000
model:
  type: mlp
  hidden_layers:
  - 64
  - 64
  prior_std: 0.33
  ff: None
  ff_amplitudes: false

Using device: cuda
0
[2025-11-17 04:48:14,184][HYDRA] 	#117 : posterior=sbvi posterior.num_samples=1 optimization.epochs=30000 posterior.temperature=1e-06 seed=0 optimization.learning_rate=0.0003 dataset=spiked_linear dataset.n_train=64 dataset.n_features=1 posterior.num_squash_vectors=1
Config:
posterior:
  type: sbvi
  weight_variance_init: 1
  bias_variance_init: 1
  num_samples: 1
  temperature: 1.0e-06
  posterior_exponentiation: tempered
  num_squash_vectors: 1
dataset:
  type: regression
  label: spiked_linear
  n_train: 64
  n_test: 200
  rank: 1
  n_features: 1
  noise_std: 0.1
  ood_input_variance:
  - 1.0
seed: 0
optimization:
  learning_rate: 0.0003
  batch_size: 2056
  epochs: 30000
model:
  type: mlp
  hidden_layers:
  - 64
  - 64
  prior_std: 0.33
  ff: None
  ff_amplitudes: false

Using device: cuda
0
OOD log likelihood with variance 1.0: -100109.8203125
100
200
300
400
500
600
700
800
900
1000
1100
1200
1300
1400
1500
1600
1700
1800
1900
2000
2100
2200
2300
2400
2500
2600
2700
2800
2900
3000
3100
3200
3300
3400
3500
3600
3700
3800
3900
4000
4100
4200
4300
4400
4500
4600
4700
4800
4900
5000
5100
5200
5300
5400
5500
5600
5700
5800
5900
6000
6100
6200
6300
6400
6500
6600
6700
6800
6900
7000
7100
7200
7300
7400
7500
7600
7700
7800
7900
8000
8100
8200
8300
8400
8500
8600
8700
8800
8900
9000
9100
9200
9300
9400
9500
9600
9700
9800
9900
10000
OOD log likelihood with variance 1.0: -1.970583438873291
10100
10200
10300
10400
10500
10600
10700
10800
10900
11000
11100
11200
11300
11400
11500
11600
11700
11800
11900
12000
12100
12200
12300
12400
12500
12600
12700
12800
12900
13000
13100
13200
13300
13400
13500
13600
13700
13800
13900
14000
14100
14200
14300
14400
14500
14600
14700
14800
14900
15000
15100
15200
15300
15400
15500
15600
15700
15800
15900
16000
16100
16200
16300
16400
16500
16600
16700
16800
16900
17000
17100
17200
17300
17400
17500
17600
17700
17800
17900
18000
18100
18200
18300
18400
18500
18600
18700
18800
18900
19000
19100
19200
19300
19400
19500
19600
19700
19800
19900
20000
OOD log likelihood with variance 1.0: 0.20586848258972168
20100
20200
20300
20400
20500
20600
20700
20800
20900
21000
21100
21200
21300
21400
21500
21600
21700
21800
21900
22000
22100
22200
22300
22400
22500
22600
22700
22800
22900
23000
23100
23200
23300
23400
23500
23600
23700
23800
23900
24000
24100
24200
24300
24400
24500
24600
24700
24800
24900
25000
25100
25200
25300
25400
25500
25600
25700
25800
25900
26000
26100
26200
26300
26400
26500
26600
26700
26800
26900
27000
27100
27200
27300
27400
27500
27600
27700
27800
27900
28000
28100
28200
28300
28400
28500
28600
28700
28800
28900
29000
29100
29200
29300
29400
29500
29600
29700
29800
29900
OOD log likelihood with variance 1.0: 0.4021686613559723
[2025-11-17 04:53:50,742][HYDRA] 	#118 : posterior=sbvi posterior.num_samples=1 optimization.epochs=30000 posterior.temperature=1e-06 seed=0 optimization.learning_rate=0.0003 dataset=spiked_linear dataset.n_train=64 dataset.n_features=1 posterior.num_squash_vectors=4
Config:
posterior:
  type: sbvi
  weight_variance_init: 1
  bias_variance_init: 1
  num_samples: 1
  temperature: 1.0e-06
  posterior_exponentiation: tempered
  num_squash_vectors: 4
dataset:
  type: regression
  label: spiked_linear
  n_train: 64
  n_test: 200
  rank: 1
  n_features: 1
  noise_std: 0.1
  ood_input_variance:
  - 1.0
seed: 0
optimization:
  learning_rate: 0.0003
  batch_size: 2056
  epochs: 30000
model:
  type: mlp
  hidden_layers:
  - 64
  - 64
  prior_std: 0.33
  ff: None
  ff_amplitudes: false

Using device: cuda
0
OOD log likelihood with variance 1.0: -45767.90234375
100
200
300
400
500
600
700
800
900
1000
1100
1200
1300
1400
1500
1600
1700
1800
1900
2000
2100
2200
2300
2400
2500
2600
2700
2800
2900
3000
3100
3200
3300
3400
3500
3600
3700
3800
3900
4000
4100
4200
4300
4400
4500
4600
4700
4800
4900
5000
5100
5200
5300
5400
5500
5600
5700
5800
5900
6000
6100
6200
6300
6400
6500
6600
6700
6800
6900
7000
7100
7200
7300
7400
7500
7600
7700
7800
7900
8000
8100
8200
8300
8400
8500
8600
8700
8800
8900
9000
9100
9200
9300
9400
9500
9600
9700
9800
9900
10000
OOD log likelihood with variance 1.0: -0.21274328231811523
10100
10200
10300
10400
10500
10600
10700
10800
10900
11000
11100
11200
11300
11400
11500
11600
11700
11800
11900
12000
12100
12200
12300
12400
12500
12600
12700
12800
12900
13000
13100
13200
13300
13400
13500
13600
13700
13800
13900
14000
14100
14200
14300
14400
14500
14600
14700
14800
14900
15000
15100
15200
15300
15400
15500
15600
15700
15800
15900
16000
16100
16200
16300
16400
16500
16600
16700
16800
16900
17000
17100
17200
17300
17400
17500
17600
17700
17800
17900
18000
18100
18200
18300
18400
18500
18600
18700
18800
18900
19000
19100
19200
19300
19400
19500
19600
19700
19800
19900
20000
OOD log likelihood with variance 1.0: -0.17286592721939087
20100
20200
20300
20400
20500
20600
20700
20800
20900
21000
21100
21200
21300
21400
21500
21600
21700
21800
21900
22000
22100
22200
22300
22400
22500
22600
22700
22800
22900
23000
23100
23200
23300
23400
23500
23600
23700
23800
23900
24000
24100
24200
24300
24400
24500
24600
24700
24800
24900
25000
25100
25200
25300
25400
25500
25600
25700
25800
25900
26000
26100
26200
26300
26400
26500
26600
26700
26800
26900
27000
27100
27200
27300
27400
27500
27600
27700
27800
27900
28000
28100
28200
28300
28400
28500
28600
28700
28800
28900
29000
29100
29200
29300
29400
29500
29600
29700
29800
29900
OOD log likelihood with variance 1.0: -0.2128702700138092
[2025-11-17 04:59:38,480][HYDRA] 	#119 : posterior=sbvi posterior.num_samples=1 optimization.epochs=30000 posterior.temperature=1e-06 seed=0 optimization.learning_rate=0.0003 dataset=spiked_linear dataset.n_train=64 dataset.n_features=1 posterior.num_squash_vectors=16
Config:
posterior:
  type: sbvi
  weight_variance_init: 1
  bias_variance_init: 1
  num_samples: 1
  temperature: 1.0e-06
  posterior_exponentiation: tempered
  num_squash_vectors: 16
dataset:
  type: regression
  label: spiked_linear
  n_train: 64
  n_test: 200
  rank: 1
  n_features: 1
  noise_std: 0.1
  ood_input_variance:
  - 1.0
seed: 0
optimization:
  learning_rate: 0.0003
  batch_size: 2056
  epochs: 30000
model:
  type: mlp
  hidden_layers:
  - 64
  - 64
  prior_std: 0.33
  ff: None
  ff_amplitudes: false

Using device: cuda
0
OOD log likelihood with variance 1.0: -67132.375
100
200
300
400
500
600
700
800
900
1000
1100
1200
1300
1400
1500
1600
1700
1800
1900
2000
2100
2200
2300
2400
2500
2600
2700
2800
2900
3000
3100
3200
3300
3400
3500
3600
3700
3800
3900
4000
4100
4200
4300
4400
4500
4600
4700
4800
4900
5000
5100
5200
5300
5400
5500
5600
5700
5800
5900
6000
6100
6200
6300
6400
6500
6600
6700
6800
6900
7000
7100
7200
7300
7400
7500
7600
7700
7800
7900
8000
8100
8200
8300
8400
8500
8600
8700
8800
8900
9000
9100
9200
9300
9400
9500
9600
9700
9800
9900
10000
OOD log likelihood with variance 1.0: -0.13463011384010315
10100
10200
10300
10400
10500
10600
10700
10800
10900
11000
11100
11200
11300
11400
11500
11600
11700
11800
11900
12000
12100
12200
12300
12400
12500
12600
12700
12800
12900
13000
13100
13200
13300
13400
13500
13600
13700
13800
13900
14000
14100
14200
14300
14400
14500
14600
14700
14800
14900
15000
15100
15200
15300
15400
15500
15600
15700
15800
15900
16000
16100
16200
16300
16400
16500
16600
16700
16800
16900
17000
17100
17200
17300
17400
17500
17600
17700
17800
17900
18000
18100
18200
18300
18400
18500
18600
18700
18800
18900
19000
19100
19200
19300
19400
19500
19600
19700
19800
19900
20000
OOD log likelihood with variance 1.0: 0.16484098136425018
20100
20200
20300
20400
20500
20600
20700
20800
20900
21000
21100
21200
21300
21400
21500
21600
21700
21800
21900
22000
22100
22200
22300
22400
22500
22600
22700
22800
22900
23000
23100
23200
23300
23400
23500
23600
23700
23800
23900
24000
24100
24200
24300
24400
24500
24600
24700
24800
24900
25000
25100
25200
25300
25400
25500
25600
25700
25800
25900
26000
26100
26200
26300
26400
26500
26600
26700
26800
26900
27000
27100
27200
27300
27400
27500
27600
27700
27800
27900
28000
28100
28200
28300
28400
28500
28600
28700
28800
28900
29000
29100
29200
29300
29400
29500
29600
29700
29800
29900
OOD log likelihood with variance 1.0: 0.31378504633903503
[2025-11-17 05:05:34,995][HYDRA] 	#120 : posterior=sbvi posterior.num_samples=1 optimization.epochs=30000 posterior.temperature=1e-06 seed=0 optimization.learning_rate=0.0003 dataset=spiked_linear dataset.n_train=64 dataset.n_features=500 posterior.num_squash_vectors=1
Config:
posterior:
  type: sbvi
  weight_variance_init: 1
  bias_variance_init: 1
  num_samples: 1
  temperature: 1.0e-06
  posterior_exponentiation: tempered
  num_squash_vectors: 1
dataset:
  type: regression
  label: spiked_linear
  n_train: 64
  n_test: 200
  rank: 1
  n_features: 500
  noise_std: 0.1
  ood_input_variance:
  - 1.0
seed: 0
optimization:
  learning_rate: 0.0003
  batch_size: 2056
  epochs: 30000
model:
  type: mlp
  hidden_layers:
  - 64
  - 64
  prior_std: 0.33
  ff: None
  ff_amplitudes: false

Using device: cuda
0
OOD log likelihood with variance 1.0: -29154366.0
100
200
300
400
500
600
700
800
900
1000
1100
1200
1300
1400
1500
1600
1700
1800
1900
2000
2100
2200
2300
2400
2500
2600
2700
2800
2900
3000
3100
3200
3300
3400
3500
3600
3700
3800
3900
4000
4100
4200
4300
4400
4500
4600
4700
4800
4900
5000
5100
5200
5300
5400
5500
5600
5700
5800
5900
6000
6100
6200
6300
6400
6500
6600
6700
6800
6900
7000
7100
7200
7300
7400
7500
7600
7700
7800
7900
8000
8100
8200
8300
8400
8500
8600
8700
8800
8900
9000
9100
9200
9300
9400
9500
9600
9700
9800
9900
10000
OOD log likelihood with variance 1.0: -22.870994567871094
10100
10200
10300
10400
10500
10600
10700
10800
10900
11000
11100
11200
11300
11400
11500
11600
11700
11800
11900
12000
12100
12200
12300
12400
12500
12600
12700
12800
12900
13000
13100
13200
13300
13400
13500
13600
13700
13800
13900
14000
14100
14200
14300
14400
14500
14600
14700
14800
14900
15000
15100
15200
15300
15400
15500
15600
15700
15800
15900
16000
16100
16200
16300
16400
16500
16600
16700
16800
16900
17000
17100
17200
17300
17400
17500
17600
17700
17800
17900
18000
18100
18200
18300
18400
18500
18600
18700
18800
18900
19000
19100
19200
19300
19400
19500
19600
19700
19800
19900
20000
OOD log likelihood with variance 1.0: -278.29998779296875
20100
20200
20300
20400
20500
20600
20700
20800
20900
21000
21100
21200
21300
21400
21500
21600
21700
21800
21900
22000
22100
22200
22300
22400
22500
22600
22700
22800
22900
23000
23100
23200
23300
23400
23500
23600
23700
23800
23900
24000
24100
24200
24300
24400
24500
24600
24700
24800
24900
25000
25100
25200
25300
25400
25500
25600
25700
25800
25900
26000
26100
26200
26300
26400
26500
26600
26700
26800
26900
27000
27100
27200
27300
27400
27500
27600
27700
27800
27900
28000
28100
28200
28300
28400
28500
28600
28700
28800
28900
29000
29100
29200
29300
29400
29500
29600
29700
29800
29900
OOD log likelihood with variance 1.0: -22.563392639160156
[2025-11-17 05:11:26,797][HYDRA] 	#121 : posterior=sbvi posterior.num_samples=1 optimization.epochs=30000 posterior.temperature=1e-06 seed=0 optimization.learning_rate=0.0003 dataset=spiked_linear dataset.n_train=64 dataset.n_features=500 posterior.num_squash_vectors=4
Config:
posterior:
  type: sbvi
  weight_variance_init: 1
  bias_variance_init: 1
  num_samples: 1
  temperature: 1.0e-06
  posterior_exponentiation: tempered
  num_squash_vectors: 4
dataset:
  type: regression
  label: spiked_linear
  n_train: 64
  n_test: 200
  rank: 1
  n_features: 500
  noise_std: 0.1
  ood_input_variance:
  - 1.0
seed: 0
optimization:
  learning_rate: 0.0003
  batch_size: 2056
  epochs: 30000
model:
  type: mlp
  hidden_layers:
  - 64
  - 64
  prior_std: 0.33
  ff: None
  ff_amplitudes: false

Using device: cuda
0
[2025-11-17 05:11:27,271][HYDRA] 	#122 : posterior=sbvi posterior.num_samples=1 optimization.epochs=30000 posterior.temperature=1e-06 seed=0 optimization.learning_rate=0.0003 dataset=spiked_linear dataset.n_train=64 dataset.n_features=500 posterior.num_squash_vectors=16
Config:
posterior:
  type: sbvi
  weight_variance_init: 1
  bias_variance_init: 1
  num_samples: 1
  temperature: 1.0e-06
  posterior_exponentiation: tempered
  num_squash_vectors: 16
dataset:
  type: regression
  label: spiked_linear
  n_train: 64
  n_test: 200
  rank: 1
  n_features: 500
  noise_std: 0.1
  ood_input_variance:
  - 1.0
seed: 0
optimization:
  learning_rate: 0.0003
  batch_size: 2056
  epochs: 30000
model:
  type: mlp
  hidden_layers:
  - 64
  - 64
  prior_std: 0.33
  ff: None
  ff_amplitudes: false

Using device: cuda
0
[2025-11-17 05:11:27,694][HYDRA] 	#123 : posterior=sbvi posterior.num_samples=1 optimization.epochs=30000 posterior.temperature=1e-06 seed=0 optimization.learning_rate=0.0003 dataset=spiked_linear dataset.n_train=64 dataset.n_features=10000 posterior.num_squash_vectors=1
Config:
posterior:
  type: sbvi
  weight_variance_init: 1
  bias_variance_init: 1
  num_samples: 1
  temperature: 1.0e-06
  posterior_exponentiation: tempered
  num_squash_vectors: 1
dataset:
  type: regression
  label: spiked_linear
  n_train: 64
  n_test: 200
  rank: 1
  n_features: 10000
  noise_std: 0.1
  ood_input_variance:
  - 1.0
seed: 0
optimization:
  learning_rate: 0.0003
  batch_size: 2056
  epochs: 30000
model:
  type: mlp
  hidden_layers:
  - 64
  - 64
  prior_std: 0.33
  ff: None
  ff_amplitudes: false

Using device: cuda
0
[2025-11-17 05:11:31,446][HYDRA] 	#124 : posterior=sbvi posterior.num_samples=1 optimization.epochs=30000 posterior.temperature=1e-06 seed=0 optimization.learning_rate=0.0003 dataset=spiked_linear dataset.n_train=64 dataset.n_features=10000 posterior.num_squash_vectors=4
Config:
posterior:
  type: sbvi
  weight_variance_init: 1
  bias_variance_init: 1
  num_samples: 1
  temperature: 1.0e-06
  posterior_exponentiation: tempered
  num_squash_vectors: 4
dataset:
  type: regression
  label: spiked_linear
  n_train: 64
  n_test: 200
  rank: 1
  n_features: 10000
  noise_std: 0.1
  ood_input_variance:
  - 1.0
seed: 0
optimization:
  learning_rate: 0.0003
  batch_size: 2056
  epochs: 30000
model:
  type: mlp
  hidden_layers:
  - 64
  - 64
  prior_std: 0.33
  ff: None
  ff_amplitudes: false

Using device: cuda
0
[2025-11-17 05:11:35,183][HYDRA] 	#125 : posterior=sbvi posterior.num_samples=1 optimization.epochs=30000 posterior.temperature=1e-06 seed=0 optimization.learning_rate=0.0003 dataset=spiked_linear dataset.n_train=64 dataset.n_features=10000 posterior.num_squash_vectors=16
Config:
posterior:
  type: sbvi
  weight_variance_init: 1
  bias_variance_init: 1
  num_samples: 1
  temperature: 1.0e-06
  posterior_exponentiation: tempered
  num_squash_vectors: 16
dataset:
  type: regression
  label: spiked_linear
  n_train: 64
  n_test: 200
  rank: 1
  n_features: 10000
  noise_std: 0.1
  ood_input_variance:
  - 1.0
seed: 0
optimization:
  learning_rate: 0.0003
  batch_size: 2056
  epochs: 30000
model:
  type: mlp
  hidden_layers:
  - 64
  - 64
  prior_std: 0.33
  ff: None
  ff_amplitudes: false

Using device: cuda
0
[2025-11-17 05:11:35,503][HYDRA] 	#126 : posterior=sbvi posterior.num_samples=1 optimization.epochs=30000 posterior.temperature=1e-06 seed=0 optimization.learning_rate=0.0003 dataset=spiked_linear dataset.n_train=512 dataset.n_features=1 posterior.num_squash_vectors=1
Config:
posterior:
  type: sbvi
  weight_variance_init: 1
  bias_variance_init: 1
  num_samples: 1
  temperature: 1.0e-06
  posterior_exponentiation: tempered
  num_squash_vectors: 1
dataset:
  type: regression
  label: spiked_linear
  n_train: 512
  n_test: 200
  rank: 1
  n_features: 1
  noise_std: 0.1
  ood_input_variance:
  - 1.0
seed: 0
optimization:
  learning_rate: 0.0003
  batch_size: 2056
  epochs: 30000
model:
  type: mlp
  hidden_layers:
  - 64
  - 64
  prior_std: 0.33
  ff: None
  ff_amplitudes: false

Using device: cuda
0
OOD log likelihood with variance 1.0: -166127.96875
100
200
300
400
500
600
700
800
900
1000
1100
1200
1300
1400
1500
1600
1700
1800
1900
2000
2100
2200
2300
2400
2500
2600
2700
2800
2900
3000
3100
3200
3300
3400
3500
3600
3700
3800
3900
4000
4100
4200
4300
4400
4500
4600
4700
4800
4900
5000
5100
5200
5300
5400
5500
5600
5700
5800
5900
6000
6100
6200
6300
6400
6500
6600
6700
6800
6900
7000
7100
7200
7300
7400
7500
7600
7700
7800
7900
8000
8100
8200
8300
8400
8500
8600
8700
8800
8900
9000
9100
9200
9300
9400
9500
9600
9700
9800
9900
10000
OOD log likelihood with variance 1.0: 0.7944825887680054
10100
10200
10300
10400
10500
10600
10700
10800
10900
11000
11100
11200
11300
11400
11500
11600
11700
11800
11900
12000
12100
12200
12300
12400
12500
12600
12700
12800
12900
13000
13100
13200
13300
13400
13500
13600
13700
13800
13900
14000
14100
14200
14300
14400
14500
14600
14700
14800
14900
15000
15100
15200
15300
15400
15500
15600
15700
15800
15900
16000
16100
16200
16300
16400
16500
16600
16700
16800
16900
17000
17100
17200
17300
17400
17500
17600
17700
17800
17900
18000
18100
18200
18300
18400
18500
18600
18700
18800
18900
19000
19100
19200
19300
19400
19500
19600
19700
19800
19900
20000
OOD log likelihood with variance 1.0: 0.6878836154937744
20100
20200
20300
20400
20500
20600
20700
20800
20900
21000
21100
21200
21300
21400
21500
21600
21700
21800
21900
22000
22100
22200
22300
22400
22500
22600
22700
22800
22900
23000
23100
23200
23300
23400
23500
23600
23700
23800
23900
24000
24100
24200
24300
24400
24500
24600
24700
24800
24900
25000
25100
25200
25300
25400
25500
25600
25700
25800
25900
26000
26100
26200
26300
26400
26500
26600
26700
26800
26900
27000
27100
27200
27300
27400
27500
27600
27700
27800
27900
28000
28100
28200
28300
28400
28500
28600
28700
28800
28900
29000
29100
29200
29300
29400
29500
29600
29700
29800
29900
OOD log likelihood with variance 1.0: 0.7987940907478333
[2025-11-17 05:18:38,217][HYDRA] 	#127 : posterior=sbvi posterior.num_samples=1 optimization.epochs=30000 posterior.temperature=1e-06 seed=0 optimization.learning_rate=0.0003 dataset=spiked_linear dataset.n_train=512 dataset.n_features=1 posterior.num_squash_vectors=4
Config:
posterior:
  type: sbvi
  weight_variance_init: 1
  bias_variance_init: 1
  num_samples: 1
  temperature: 1.0e-06
  posterior_exponentiation: tempered
  num_squash_vectors: 4
dataset:
  type: regression
  label: spiked_linear
  n_train: 512
  n_test: 200
  rank: 1
  n_features: 1
  noise_std: 0.1
  ood_input_variance:
  - 1.0
seed: 0
optimization:
  learning_rate: 0.0003
  batch_size: 2056
  epochs: 30000
model:
  type: mlp
  hidden_layers:
  - 64
  - 64
  prior_std: 0.33
  ff: None
  ff_amplitudes: false

Using device: cuda
0
OOD log likelihood with variance 1.0: -41023.96875
100
200
300
400
500
600
700
800
900
1000
1100
1200
1300
1400
1500
1600
1700
1800
1900
2000
2100
2200
2300
2400
2500
2600
2700
2800
2900
3000
3100
3200
3300
3400
3500
3600
3700
3800
3900
4000
4100
4200
4300
4400
4500
4600
4700
4800
4900
5000
5100
5200
5300
5400
5500
5600
5700
5800
5900
6000
6100
6200
6300
6400
6500
6600
6700
6800
6900
7000
7100
7200
7300
7400
7500
7600
7700
7800
7900
8000
8100
8200
8300
8400
8500
8600
8700
8800
8900
9000
9100
9200
9300
9400
9500
9600
9700
9800
9900
10000
OOD log likelihood with variance 1.0: 0.8280177712440491
10100
10200
10300
10400
10500
10600
10700
10800
10900
11000
11100
11200
11300
11400
11500
11600
11700
11800
11900
12000
12100
12200
12300
12400
12500
12600
12700
12800
12900
13000
13100
13200
13300
13400
13500
13600
13700
13800
13900
14000
14100
14200
14300
14400
14500
14600
14700
14800
14900
15000
15100
15200
15300
15400
15500
15600
15700
15800
15900
16000
16100
16200
16300
16400
16500
16600
16700
16800
16900
17000
17100
17200
17300
17400
17500
17600
17700
17800
17900
18000
18100
18200
18300
18400
18500
18600
18700
18800
18900
19000
19100
19200
19300
19400
19500
19600
19700
19800
19900
20000
OOD log likelihood with variance 1.0: 0.8103352785110474
20100
20200
20300
20400
20500
20600
20700
20800
20900
21000
21100
21200
21300
21400
21500
21600
21700
21800
21900
22000
22100
22200
22300
22400
22500
22600
22700
22800
22900
23000
23100
23200
23300
23400
23500
23600
23700
23800
23900
24000
24100
24200
24300
24400
24500
24600
24700
24800
24900
25000
25100
25200
25300
25400
25500
25600
25700
25800
25900
26000
26100
26200
26300
26400
26500
26600
26700
26800
26900
27000
27100
27200
27300
27400
27500
27600
27700
27800
27900
28000
28100
28200
28300
28400
28500
28600
28700
28800
28900
29000
29100
29200
29300
29400
29500
29600
29700
29800
29900
OOD log likelihood with variance 1.0: 0.8229508996009827
[2025-11-17 05:25:49,370][HYDRA] 	#128 : posterior=sbvi posterior.num_samples=1 optimization.epochs=30000 posterior.temperature=1e-06 seed=0 optimization.learning_rate=0.0003 dataset=spiked_linear dataset.n_train=512 dataset.n_features=1 posterior.num_squash_vectors=16
Config:
posterior:
  type: sbvi
  weight_variance_init: 1
  bias_variance_init: 1
  num_samples: 1
  temperature: 1.0e-06
  posterior_exponentiation: tempered
  num_squash_vectors: 16
dataset:
  type: regression
  label: spiked_linear
  n_train: 512
  n_test: 200
  rank: 1
  n_features: 1
  noise_std: 0.1
  ood_input_variance:
  - 1.0
seed: 0
optimization:
  learning_rate: 0.0003
  batch_size: 2056
  epochs: 30000
model:
  type: mlp
  hidden_layers:
  - 64
  - 64
  prior_std: 0.33
  ff: None
  ff_amplitudes: false

Using device: cuda
0
[2025-11-17 05:25:49,636][HYDRA] 	#129 : posterior=sbvi posterior.num_samples=1 optimization.epochs=30000 posterior.temperature=1e-06 seed=0 optimization.learning_rate=0.0003 dataset=spiked_linear dataset.n_train=512 dataset.n_features=500 posterior.num_squash_vectors=1
Config:
posterior:
  type: sbvi
  weight_variance_init: 1
  bias_variance_init: 1
  num_samples: 1
  temperature: 1.0e-06
  posterior_exponentiation: tempered
  num_squash_vectors: 1
dataset:
  type: regression
  label: spiked_linear
  n_train: 512
  n_test: 200
  rank: 1
  n_features: 500
  noise_std: 0.1
  ood_input_variance:
  - 1.0
seed: 0
optimization:
  learning_rate: 0.0003
  batch_size: 2056
  epochs: 30000
model:
  type: mlp
  hidden_layers:
  - 64
  - 64
  prior_std: 0.33
  ff: None
  ff_amplitudes: false

Using device: cuda
0
[2025-11-17 05:25:50,226][HYDRA] 	#130 : posterior=sbvi posterior.num_samples=1 optimization.epochs=30000 posterior.temperature=1e-06 seed=0 optimization.learning_rate=0.0003 dataset=spiked_linear dataset.n_train=512 dataset.n_features=500 posterior.num_squash_vectors=4
Config:
posterior:
  type: sbvi
  weight_variance_init: 1
  bias_variance_init: 1
  num_samples: 1
  temperature: 1.0e-06
  posterior_exponentiation: tempered
  num_squash_vectors: 4
dataset:
  type: regression
  label: spiked_linear
  n_train: 512
  n_test: 200
  rank: 1
  n_features: 500
  noise_std: 0.1
  ood_input_variance:
  - 1.0
seed: 0
optimization:
  learning_rate: 0.0003
  batch_size: 2056
  epochs: 30000
model:
  type: mlp
  hidden_layers:
  - 64
  - 64
  prior_std: 0.33
  ff: None
  ff_amplitudes: false

Using device: cuda
0
[2025-11-17 05:25:50,630][HYDRA] 	#131 : posterior=sbvi posterior.num_samples=1 optimization.epochs=30000 posterior.temperature=1e-06 seed=0 optimization.learning_rate=0.0003 dataset=spiked_linear dataset.n_train=512 dataset.n_features=500 posterior.num_squash_vectors=16
Config:
posterior:
  type: sbvi
  weight_variance_init: 1
  bias_variance_init: 1
  num_samples: 1
  temperature: 1.0e-06
  posterior_exponentiation: tempered
  num_squash_vectors: 16
dataset:
  type: regression
  label: spiked_linear
  n_train: 512
  n_test: 200
  rank: 1
  n_features: 500
  noise_std: 0.1
  ood_input_variance:
  - 1.0
seed: 0
optimization:
  learning_rate: 0.0003
  batch_size: 2056
  epochs: 30000
model:
  type: mlp
  hidden_layers:
  - 64
  - 64
  prior_std: 0.33
  ff: None
  ff_amplitudes: false

Using device: cuda
0
[2025-11-17 05:25:51,026][HYDRA] 	#132 : posterior=sbvi posterior.num_samples=1 optimization.epochs=30000 posterior.temperature=1e-06 seed=0 optimization.learning_rate=0.0003 dataset=spiked_linear dataset.n_train=512 dataset.n_features=10000 posterior.num_squash_vectors=1
Config:
posterior:
  type: sbvi
  weight_variance_init: 1
  bias_variance_init: 1
  num_samples: 1
  temperature: 1.0e-06
  posterior_exponentiation: tempered
  num_squash_vectors: 1
dataset:
  type: regression
  label: spiked_linear
  n_train: 512
  n_test: 200
  rank: 1
  n_features: 10000
  noise_std: 0.1
  ood_input_variance:
  - 1.0
seed: 0
optimization:
  learning_rate: 0.0003
  batch_size: 2056
  epochs: 30000
model:
  type: mlp
  hidden_layers:
  - 64
  - 64
  prior_std: 0.33
  ff: None
  ff_amplitudes: false

Using device: cuda
0
[2025-11-17 05:25:54,711][HYDRA] 	#133 : posterior=sbvi posterior.num_samples=1 optimization.epochs=30000 posterior.temperature=1e-06 seed=0 optimization.learning_rate=0.0003 dataset=spiked_linear dataset.n_train=512 dataset.n_features=10000 posterior.num_squash_vectors=4
Config:
posterior:
  type: sbvi
  weight_variance_init: 1
  bias_variance_init: 1
  num_samples: 1
  temperature: 1.0e-06
  posterior_exponentiation: tempered
  num_squash_vectors: 4
dataset:
  type: regression
  label: spiked_linear
  n_train: 512
  n_test: 200
  rank: 1
  n_features: 10000
  noise_std: 0.1
  ood_input_variance:
  - 1.0
seed: 0
optimization:
  learning_rate: 0.0003
  batch_size: 2056
  epochs: 30000
model:
  type: mlp
  hidden_layers:
  - 64
  - 64
  prior_std: 0.33
  ff: None
  ff_amplitudes: false

Using device: cuda
0
[2025-11-17 05:25:54,888][HYDRA] 	#134 : posterior=sbvi posterior.num_samples=1 optimization.epochs=30000 posterior.temperature=1e-06 seed=0 optimization.learning_rate=0.0003 dataset=spiked_linear dataset.n_train=512 dataset.n_features=10000 posterior.num_squash_vectors=16
Config:
posterior:
  type: sbvi
  weight_variance_init: 1
  bias_variance_init: 1
  num_samples: 1
  temperature: 1.0e-06
  posterior_exponentiation: tempered
  num_squash_vectors: 16
dataset:
  type: regression
  label: spiked_linear
  n_train: 512
  n_test: 200
  rank: 1
  n_features: 10000
  noise_std: 0.1
  ood_input_variance:
  - 1.0
seed: 0
optimization:
  learning_rate: 0.0003
  batch_size: 2056
  epochs: 30000
model:
  type: mlp
  hidden_layers:
  - 64
  - 64
  prior_std: 0.33
  ff: None
  ff_amplitudes: false

Using device: cuda
[2025-11-17 05:25:55,132][HYDRA] 	#135 : posterior=sbvi posterior.num_samples=1 optimization.epochs=30000 posterior.temperature=1e-06 seed=0 optimization.learning_rate=0.0001 dataset=spiked_linear dataset.n_train=4 dataset.n_features=1 posterior.num_squash_vectors=1
Config:
posterior:
  type: sbvi
  weight_variance_init: 1
  bias_variance_init: 1
  num_samples: 1
  temperature: 1.0e-06
  posterior_exponentiation: tempered
  num_squash_vectors: 1
dataset:
  type: regression
  label: spiked_linear
  n_train: 4
  n_test: 200
  rank: 1
  n_features: 1
  noise_std: 0.1
  ood_input_variance:
  - 1.0
seed: 0
optimization:
  learning_rate: 0.0001
  batch_size: 2056
  epochs: 30000
model:
  type: mlp
  hidden_layers:
  - 64
  - 64
  prior_std: 0.33
  ff: None
  ff_amplitudes: false

Using device: cuda
0
[2025-11-17 05:25:55,342][HYDRA] 	#136 : posterior=sbvi posterior.num_samples=1 optimization.epochs=30000 posterior.temperature=1e-06 seed=0 optimization.learning_rate=0.0001 dataset=spiked_linear dataset.n_train=4 dataset.n_features=1 posterior.num_squash_vectors=4
Config:
posterior:
  type: sbvi
  weight_variance_init: 1
  bias_variance_init: 1
  num_samples: 1
  temperature: 1.0e-06
  posterior_exponentiation: tempered
  num_squash_vectors: 4
dataset:
  type: regression
  label: spiked_linear
  n_train: 4
  n_test: 200
  rank: 1
  n_features: 1
  noise_std: 0.1
  ood_input_variance:
  - 1.0
seed: 0
optimization:
  learning_rate: 0.0001
  batch_size: 2056
  epochs: 30000
model:
  type: mlp
  hidden_layers:
  - 64
  - 64
  prior_std: 0.33
  ff: None
  ff_amplitudes: false

Using device: cuda
0
[2025-11-17 05:25:55,529][HYDRA] 	#137 : posterior=sbvi posterior.num_samples=1 optimization.epochs=30000 posterior.temperature=1e-06 seed=0 optimization.learning_rate=0.0001 dataset=spiked_linear dataset.n_train=4 dataset.n_features=1 posterior.num_squash_vectors=16
Config:
posterior:
  type: sbvi
  weight_variance_init: 1
  bias_variance_init: 1
  num_samples: 1
  temperature: 1.0e-06
  posterior_exponentiation: tempered
  num_squash_vectors: 16
dataset:
  type: regression
  label: spiked_linear
  n_train: 4
  n_test: 200
  rank: 1
  n_features: 1
  noise_std: 0.1
  ood_input_variance:
  - 1.0
seed: 0
optimization:
  learning_rate: 0.0001
  batch_size: 2056
  epochs: 30000
model:
  type: mlp
  hidden_layers:
  - 64
  - 64
  prior_std: 0.33
  ff: None
  ff_amplitudes: false

Using device: cuda
0
[2025-11-17 05:25:55,733][HYDRA] 	#138 : posterior=sbvi posterior.num_samples=1 optimization.epochs=30000 posterior.temperature=1e-06 seed=0 optimization.learning_rate=0.0001 dataset=spiked_linear dataset.n_train=4 dataset.n_features=500 posterior.num_squash_vectors=1
Config:
posterior:
  type: sbvi
  weight_variance_init: 1
  bias_variance_init: 1
  num_samples: 1
  temperature: 1.0e-06
  posterior_exponentiation: tempered
  num_squash_vectors: 1
dataset:
  type: regression
  label: spiked_linear
  n_train: 4
  n_test: 200
  rank: 1
  n_features: 500
  noise_std: 0.1
  ood_input_variance:
  - 1.0
seed: 0
optimization:
  learning_rate: 0.0001
  batch_size: 2056
  epochs: 30000
model:
  type: mlp
  hidden_layers:
  - 64
  - 64
  prior_std: 0.33
  ff: None
  ff_amplitudes: false

Using device: cuda
0
[2025-11-17 05:25:56,058][HYDRA] 	#139 : posterior=sbvi posterior.num_samples=1 optimization.epochs=30000 posterior.temperature=1e-06 seed=0 optimization.learning_rate=0.0001 dataset=spiked_linear dataset.n_train=4 dataset.n_features=500 posterior.num_squash_vectors=4
Config:
posterior:
  type: sbvi
  weight_variance_init: 1
  bias_variance_init: 1
  num_samples: 1
  temperature: 1.0e-06
  posterior_exponentiation: tempered
  num_squash_vectors: 4
dataset:
  type: regression
  label: spiked_linear
  n_train: 4
  n_test: 200
  rank: 1
  n_features: 500
  noise_std: 0.1
  ood_input_variance:
  - 1.0
seed: 0
optimization:
  learning_rate: 0.0001
  batch_size: 2056
  epochs: 30000
model:
  type: mlp
  hidden_layers:
  - 64
  - 64
  prior_std: 0.33
  ff: None
  ff_amplitudes: false

Using device: cuda
0
[2025-11-17 05:25:58,834][HYDRA] 	#140 : posterior=sbvi posterior.num_samples=1 optimization.epochs=30000 posterior.temperature=1e-06 seed=0 optimization.learning_rate=0.0001 dataset=spiked_linear dataset.n_train=4 dataset.n_features=500 posterior.num_squash_vectors=16
Config:
posterior:
  type: sbvi
  weight_variance_init: 1
  bias_variance_init: 1
  num_samples: 1
  temperature: 1.0e-06
  posterior_exponentiation: tempered
  num_squash_vectors: 16
dataset:
  type: regression
  label: spiked_linear
  n_train: 4
  n_test: 200
  rank: 1
  n_features: 500
  noise_std: 0.1
  ood_input_variance:
  - 1.0
seed: 0
optimization:
  learning_rate: 0.0001
  batch_size: 2056
  epochs: 30000
model:
  type: mlp
  hidden_layers:
  - 64
  - 64
  prior_std: 0.33
  ff: None
  ff_amplitudes: false

Using device: cuda
0
[2025-11-17 05:25:59,009][HYDRA] 	#141 : posterior=sbvi posterior.num_samples=1 optimization.epochs=30000 posterior.temperature=1e-06 seed=0 optimization.learning_rate=0.0001 dataset=spiked_linear dataset.n_train=4 dataset.n_features=10000 posterior.num_squash_vectors=1
Config:
posterior:
  type: sbvi
  weight_variance_init: 1
  bias_variance_init: 1
  num_samples: 1
  temperature: 1.0e-06
  posterior_exponentiation: tempered
  num_squash_vectors: 1
dataset:
  type: regression
  label: spiked_linear
  n_train: 4
  n_test: 200
  rank: 1
  n_features: 10000
  noise_std: 0.1
  ood_input_variance:
  - 1.0
seed: 0
optimization:
  learning_rate: 0.0001
  batch_size: 2056
  epochs: 30000
model:
  type: mlp
  hidden_layers:
  - 64
  - 64
  prior_std: 0.33
  ff: None
  ff_amplitudes: false

Using device: cuda
[2025-11-17 05:25:59,181][HYDRA] 	#142 : posterior=sbvi posterior.num_samples=1 optimization.epochs=30000 posterior.temperature=1e-06 seed=0 optimization.learning_rate=0.0001 dataset=spiked_linear dataset.n_train=4 dataset.n_features=10000 posterior.num_squash_vectors=4
Config:
posterior:
  type: sbvi
  weight_variance_init: 1
  bias_variance_init: 1
  num_samples: 1
  temperature: 1.0e-06
  posterior_exponentiation: tempered
  num_squash_vectors: 4
dataset:
  type: regression
  label: spiked_linear
  n_train: 4
  n_test: 200
  rank: 1
  n_features: 10000
  noise_std: 0.1
  ood_input_variance:
  - 1.0
seed: 0
optimization:
  learning_rate: 0.0001
  batch_size: 2056
  epochs: 30000
model:
  type: mlp
  hidden_layers:
  - 64
  - 64
  prior_std: 0.33
  ff: None
  ff_amplitudes: false

Using device: cuda
[2025-11-17 05:25:59,410][HYDRA] 	#143 : posterior=sbvi posterior.num_samples=1 optimization.epochs=30000 posterior.temperature=1e-06 seed=0 optimization.learning_rate=0.0001 dataset=spiked_linear dataset.n_train=4 dataset.n_features=10000 posterior.num_squash_vectors=16
Config:
posterior:
  type: sbvi
  weight_variance_init: 1
  bias_variance_init: 1
  num_samples: 1
  temperature: 1.0e-06
  posterior_exponentiation: tempered
  num_squash_vectors: 16
dataset:
  type: regression
  label: spiked_linear
  n_train: 4
  n_test: 200
  rank: 1
  n_features: 10000
  noise_std: 0.1
  ood_input_variance:
  - 1.0
seed: 0
optimization:
  learning_rate: 0.0001
  batch_size: 2056
  epochs: 30000
model:
  type: mlp
  hidden_layers:
  - 64
  - 64
  prior_std: 0.33
  ff: None
  ff_amplitudes: false

Using device: cuda
[2025-11-17 05:25:59,578][HYDRA] 	#144 : posterior=sbvi posterior.num_samples=1 optimization.epochs=30000 posterior.temperature=1e-06 seed=0 optimization.learning_rate=0.0001 dataset=spiked_linear dataset.n_train=64 dataset.n_features=1 posterior.num_squash_vectors=1
Config:
posterior:
  type: sbvi
  weight_variance_init: 1
  bias_variance_init: 1
  num_samples: 1
  temperature: 1.0e-06
  posterior_exponentiation: tempered
  num_squash_vectors: 1
dataset:
  type: regression
  label: spiked_linear
  n_train: 64
  n_test: 200
  rank: 1
  n_features: 1
  noise_std: 0.1
  ood_input_variance:
  - 1.0
seed: 0
optimization:
  learning_rate: 0.0001
  batch_size: 2056
  epochs: 30000
model:
  type: mlp
  hidden_layers:
  - 64
  - 64
  prior_std: 0.33
  ff: None
  ff_amplitudes: false

Using device: cuda
0
[2025-11-17 05:26:00,034][HYDRA] 	#145 : posterior=sbvi posterior.num_samples=1 optimization.epochs=30000 posterior.temperature=1e-06 seed=0 optimization.learning_rate=0.0001 dataset=spiked_linear dataset.n_train=64 dataset.n_features=1 posterior.num_squash_vectors=4
Config:
posterior:
  type: sbvi
  weight_variance_init: 1
  bias_variance_init: 1
  num_samples: 1
  temperature: 1.0e-06
  posterior_exponentiation: tempered
  num_squash_vectors: 4
dataset:
  type: regression
  label: spiked_linear
  n_train: 64
  n_test: 200
  rank: 1
  n_features: 1
  noise_std: 0.1
  ood_input_variance:
  - 1.0
seed: 0
optimization:
  learning_rate: 0.0001
  batch_size: 2056
  epochs: 30000
model:
  type: mlp
  hidden_layers:
  - 64
  - 64
  prior_std: 0.33
  ff: None
  ff_amplitudes: false

Using device: cuda
0
[2025-11-17 05:26:00,188][HYDRA] 	#146 : posterior=sbvi posterior.num_samples=1 optimization.epochs=30000 posterior.temperature=1e-06 seed=0 optimization.learning_rate=0.0001 dataset=spiked_linear dataset.n_train=64 dataset.n_features=1 posterior.num_squash_vectors=16
Config:
posterior:
  type: sbvi
  weight_variance_init: 1
  bias_variance_init: 1
  num_samples: 1
  temperature: 1.0e-06
  posterior_exponentiation: tempered
  num_squash_vectors: 16
dataset:
  type: regression
  label: spiked_linear
  n_train: 64
  n_test: 200
  rank: 1
  n_features: 1
  noise_std: 0.1
  ood_input_variance:
  - 1.0
seed: 0
optimization:
  learning_rate: 0.0001
  batch_size: 2056
  epochs: 30000
model:
  type: mlp
  hidden_layers:
  - 64
  - 64
  prior_std: 0.33
  ff: None
  ff_amplitudes: false

Using device: cuda
0
[2025-11-17 05:26:00,310][HYDRA] 	#147 : posterior=sbvi posterior.num_samples=1 optimization.epochs=30000 posterior.temperature=1e-06 seed=0 optimization.learning_rate=0.0001 dataset=spiked_linear dataset.n_train=64 dataset.n_features=500 posterior.num_squash_vectors=1
Config:
posterior:
  type: sbvi
  weight_variance_init: 1
  bias_variance_init: 1
  num_samples: 1
  temperature: 1.0e-06
  posterior_exponentiation: tempered
  num_squash_vectors: 1
dataset:
  type: regression
  label: spiked_linear
  n_train: 64
  n_test: 200
  rank: 1
  n_features: 500
  noise_std: 0.1
  ood_input_variance:
  - 1.0
seed: 0
optimization:
  learning_rate: 0.0001
  batch_size: 2056
  epochs: 30000
model:
  type: mlp
  hidden_layers:
  - 64
  - 64
  prior_std: 0.33
  ff: None
  ff_amplitudes: false

Using device: cuda
0
[2025-11-17 05:26:00,667][HYDRA] 	#148 : posterior=sbvi posterior.num_samples=1 optimization.epochs=30000 posterior.temperature=1e-06 seed=0 optimization.learning_rate=0.0001 dataset=spiked_linear dataset.n_train=64 dataset.n_features=500 posterior.num_squash_vectors=4
Config:
posterior:
  type: sbvi
  weight_variance_init: 1
  bias_variance_init: 1
  num_samples: 1
  temperature: 1.0e-06
  posterior_exponentiation: tempered
  num_squash_vectors: 4
dataset:
  type: regression
  label: spiked_linear
  n_train: 64
  n_test: 200
  rank: 1
  n_features: 500
  noise_std: 0.1
  ood_input_variance:
  - 1.0
seed: 0
optimization:
  learning_rate: 0.0001
  batch_size: 2056
  epochs: 30000
model:
  type: mlp
  hidden_layers:
  - 64
  - 64
  prior_std: 0.33
  ff: None
  ff_amplitudes: false

Using device: cuda
0
[2025-11-17 05:26:00,855][HYDRA] 	#149 : posterior=sbvi posterior.num_samples=1 optimization.epochs=30000 posterior.temperature=1e-06 seed=0 optimization.learning_rate=0.0001 dataset=spiked_linear dataset.n_train=64 dataset.n_features=500 posterior.num_squash_vectors=16
Config:
posterior:
  type: sbvi
  weight_variance_init: 1
  bias_variance_init: 1
  num_samples: 1
  temperature: 1.0e-06
  posterior_exponentiation: tempered
  num_squash_vectors: 16
dataset:
  type: regression
  label: spiked_linear
  n_train: 64
  n_test: 200
  rank: 1
  n_features: 500
  noise_std: 0.1
  ood_input_variance:
  - 1.0
seed: 0
optimization:
  learning_rate: 0.0001
  batch_size: 2056
  epochs: 30000
model:
  type: mlp
  hidden_layers:
  - 64
  - 64
  prior_std: 0.33
  ff: None
  ff_amplitudes: false

Using device: cuda
[2025-11-17 05:26:01,056][HYDRA] 	#150 : posterior=sbvi posterior.num_samples=1 optimization.epochs=30000 posterior.temperature=1e-06 seed=0 optimization.learning_rate=0.0001 dataset=spiked_linear dataset.n_train=64 dataset.n_features=10000 posterior.num_squash_vectors=1
Config:
posterior:
  type: sbvi
  weight_variance_init: 1
  bias_variance_init: 1
  num_samples: 1
  temperature: 1.0e-06
  posterior_exponentiation: tempered
  num_squash_vectors: 1
dataset:
  type: regression
  label: spiked_linear
  n_train: 64
  n_test: 200
  rank: 1
  n_features: 10000
  noise_std: 0.1
  ood_input_variance:
  - 1.0
seed: 0
optimization:
  learning_rate: 0.0001
  batch_size: 2056
  epochs: 30000
model:
  type: mlp
  hidden_layers:
  - 64
  - 64
  prior_std: 0.33
  ff: None
  ff_amplitudes: false

Using device: cuda
[2025-11-17 05:26:01,211][HYDRA] 	#151 : posterior=sbvi posterior.num_samples=1 optimization.epochs=30000 posterior.temperature=1e-06 seed=0 optimization.learning_rate=0.0001 dataset=spiked_linear dataset.n_train=64 dataset.n_features=10000 posterior.num_squash_vectors=4
Config:
posterior:
  type: sbvi
  weight_variance_init: 1
  bias_variance_init: 1
  num_samples: 1
  temperature: 1.0e-06
  posterior_exponentiation: tempered
  num_squash_vectors: 4
dataset:
  type: regression
  label: spiked_linear
  n_train: 64
  n_test: 200
  rank: 1
  n_features: 10000
  noise_std: 0.1
  ood_input_variance:
  - 1.0
seed: 0
optimization:
  learning_rate: 0.0001
  batch_size: 2056
  epochs: 30000
model:
  type: mlp
  hidden_layers:
  - 64
  - 64
  prior_std: 0.33
  ff: None
  ff_amplitudes: false

Using device: cuda
[2025-11-17 05:26:01,397][HYDRA] 	#152 : posterior=sbvi posterior.num_samples=1 optimization.epochs=30000 posterior.temperature=1e-06 seed=0 optimization.learning_rate=0.0001 dataset=spiked_linear dataset.n_train=64 dataset.n_features=10000 posterior.num_squash_vectors=16
Config:
posterior:
  type: sbvi
  weight_variance_init: 1
  bias_variance_init: 1
  num_samples: 1
  temperature: 1.0e-06
  posterior_exponentiation: tempered
  num_squash_vectors: 16
dataset:
  type: regression
  label: spiked_linear
  n_train: 64
  n_test: 200
  rank: 1
  n_features: 10000
  noise_std: 0.1
  ood_input_variance:
  - 1.0
seed: 0
optimization:
  learning_rate: 0.0001
  batch_size: 2056
  epochs: 30000
model:
  type: mlp
  hidden_layers:
  - 64
  - 64
  prior_std: 0.33
  ff: None
  ff_amplitudes: false

Using device: cuda
[2025-11-17 05:26:01,535][HYDRA] 	#153 : posterior=sbvi posterior.num_samples=1 optimization.epochs=30000 posterior.temperature=1e-06 seed=0 optimization.learning_rate=0.0001 dataset=spiked_linear dataset.n_train=512 dataset.n_features=1 posterior.num_squash_vectors=1
Config:
posterior:
  type: sbvi
  weight_variance_init: 1
  bias_variance_init: 1
  num_samples: 1
  temperature: 1.0e-06
  posterior_exponentiation: tempered
  num_squash_vectors: 1
dataset:
  type: regression
  label: spiked_linear
  n_train: 512
  n_test: 200
  rank: 1
  n_features: 1
  noise_std: 0.1
  ood_input_variance:
  - 1.0
seed: 0
optimization:
  learning_rate: 0.0001
  batch_size: 2056
  epochs: 30000
model:
  type: mlp
  hidden_layers:
  - 64
  - 64
  prior_std: 0.33
  ff: None
  ff_amplitudes: false

Using device: cuda
0
[2025-11-17 05:26:01,805][HYDRA] 	#154 : posterior=sbvi posterior.num_samples=1 optimization.epochs=30000 posterior.temperature=1e-06 seed=0 optimization.learning_rate=0.0001 dataset=spiked_linear dataset.n_train=512 dataset.n_features=1 posterior.num_squash_vectors=4
Config:
posterior:
  type: sbvi
  weight_variance_init: 1
  bias_variance_init: 1
  num_samples: 1
  temperature: 1.0e-06
  posterior_exponentiation: tempered
  num_squash_vectors: 4
dataset:
  type: regression
  label: spiked_linear
  n_train: 512
  n_test: 200
  rank: 1
  n_features: 1
  noise_std: 0.1
  ood_input_variance:
  - 1.0
seed: 0
optimization:
  learning_rate: 0.0001
  batch_size: 2056
  epochs: 30000
model:
  type: mlp
  hidden_layers:
  - 64
  - 64
  prior_std: 0.33
  ff: None
  ff_amplitudes: false

Using device: cuda
0
[2025-11-17 05:26:01,993][HYDRA] 	#155 : posterior=sbvi posterior.num_samples=1 optimization.epochs=30000 posterior.temperature=1e-06 seed=0 optimization.learning_rate=0.0001 dataset=spiked_linear dataset.n_train=512 dataset.n_features=1 posterior.num_squash_vectors=16
Config:
posterior:
  type: sbvi
  weight_variance_init: 1
  bias_variance_init: 1
  num_samples: 1
  temperature: 1.0e-06
  posterior_exponentiation: tempered
  num_squash_vectors: 16
dataset:
  type: regression
  label: spiked_linear
  n_train: 512
  n_test: 200
  rank: 1
  n_features: 1
  noise_std: 0.1
  ood_input_variance:
  - 1.0
seed: 0
optimization:
  learning_rate: 0.0001
  batch_size: 2056
  epochs: 30000
model:
  type: mlp
  hidden_layers:
  - 64
  - 64
  prior_std: 0.33
  ff: None
  ff_amplitudes: false

Using device: cuda
[2025-11-17 05:26:02,156][HYDRA] 	#156 : posterior=sbvi posterior.num_samples=1 optimization.epochs=30000 posterior.temperature=1e-06 seed=0 optimization.learning_rate=0.0001 dataset=spiked_linear dataset.n_train=512 dataset.n_features=500 posterior.num_squash_vectors=1
Config:
posterior:
  type: sbvi
  weight_variance_init: 1
  bias_variance_init: 1
  num_samples: 1
  temperature: 1.0e-06
  posterior_exponentiation: tempered
  num_squash_vectors: 1
dataset:
  type: regression
  label: spiked_linear
  n_train: 512
  n_test: 200
  rank: 1
  n_features: 500
  noise_std: 0.1
  ood_input_variance:
  - 1.0
seed: 0
optimization:
  learning_rate: 0.0001
  batch_size: 2056
  epochs: 30000
model:
  type: mlp
  hidden_layers:
  - 64
  - 64
  prior_std: 0.33
  ff: None
  ff_amplitudes: false

Using device: cuda
[2025-11-17 05:26:02,294][HYDRA] 	#157 : posterior=sbvi posterior.num_samples=1 optimization.epochs=30000 posterior.temperature=1e-06 seed=0 optimization.learning_rate=0.0001 dataset=spiked_linear dataset.n_train=512 dataset.n_features=500 posterior.num_squash_vectors=4
Config:
posterior:
  type: sbvi
  weight_variance_init: 1
  bias_variance_init: 1
  num_samples: 1
  temperature: 1.0e-06
  posterior_exponentiation: tempered
  num_squash_vectors: 4
dataset:
  type: regression
  label: spiked_linear
  n_train: 512
  n_test: 200
  rank: 1
  n_features: 500
  noise_std: 0.1
  ood_input_variance:
  - 1.0
seed: 0
optimization:
  learning_rate: 0.0001
  batch_size: 2056
  epochs: 30000
model:
  type: mlp
  hidden_layers:
  - 64
  - 64
  prior_std: 0.33
  ff: None
  ff_amplitudes: false

Using device: cuda
[2025-11-17 05:26:02,466][HYDRA] 	#158 : posterior=sbvi posterior.num_samples=1 optimization.epochs=30000 posterior.temperature=1e-06 seed=0 optimization.learning_rate=0.0001 dataset=spiked_linear dataset.n_train=512 dataset.n_features=500 posterior.num_squash_vectors=16
Config:
posterior:
  type: sbvi
  weight_variance_init: 1
  bias_variance_init: 1
  num_samples: 1
  temperature: 1.0e-06
  posterior_exponentiation: tempered
  num_squash_vectors: 16
dataset:
  type: regression
  label: spiked_linear
  n_train: 512
  n_test: 200
  rank: 1
  n_features: 500
  noise_std: 0.1
  ood_input_variance:
  - 1.0
seed: 0
optimization:
  learning_rate: 0.0001
  batch_size: 2056
  epochs: 30000
model:
  type: mlp
  hidden_layers:
  - 64
  - 64
  prior_std: 0.33
  ff: None
  ff_amplitudes: false

Using device: cuda
[2025-11-17 05:26:02,633][HYDRA] 	#159 : posterior=sbvi posterior.num_samples=1 optimization.epochs=30000 posterior.temperature=1e-06 seed=0 optimization.learning_rate=0.0001 dataset=spiked_linear dataset.n_train=512 dataset.n_features=10000 posterior.num_squash_vectors=1
Config:
posterior:
  type: sbvi
  weight_variance_init: 1
  bias_variance_init: 1
  num_samples: 1
  temperature: 1.0e-06
  posterior_exponentiation: tempered
  num_squash_vectors: 1
dataset:
  type: regression
  label: spiked_linear
  n_train: 512
  n_test: 200
  rank: 1
  n_features: 10000
  noise_std: 0.1
  ood_input_variance:
  - 1.0
seed: 0
optimization:
  learning_rate: 0.0001
  batch_size: 2056
  epochs: 30000
model:
  type: mlp
  hidden_layers:
  - 64
  - 64
  prior_std: 0.33
  ff: None
  ff_amplitudes: false

Using device: cuda
[2025-11-17 05:26:02,786][HYDRA] 	#160 : posterior=sbvi posterior.num_samples=1 optimization.epochs=30000 posterior.temperature=1e-06 seed=0 optimization.learning_rate=0.0001 dataset=spiked_linear dataset.n_train=512 dataset.n_features=10000 posterior.num_squash_vectors=4
Config:
posterior:
  type: sbvi
  weight_variance_init: 1
  bias_variance_init: 1
  num_samples: 1
  temperature: 1.0e-06
  posterior_exponentiation: tempered
  num_squash_vectors: 4
dataset:
  type: regression
  label: spiked_linear
  n_train: 512
  n_test: 200
  rank: 1
  n_features: 10000
  noise_std: 0.1
  ood_input_variance:
  - 1.0
seed: 0
optimization:
  learning_rate: 0.0001
  batch_size: 2056
  epochs: 30000
model:
  type: mlp
  hidden_layers:
  - 64
  - 64
  prior_std: 0.33
  ff: None
  ff_amplitudes: false

Using device: cuda
[2025-11-17 05:26:02,960][HYDRA] 	#161 : posterior=sbvi posterior.num_samples=1 optimization.epochs=30000 posterior.temperature=1e-06 seed=0 optimization.learning_rate=0.0001 dataset=spiked_linear dataset.n_train=512 dataset.n_features=10000 posterior.num_squash_vectors=16
Config:
posterior:
  type: sbvi
  weight_variance_init: 1
  bias_variance_init: 1
  num_samples: 1
  temperature: 1.0e-06
  posterior_exponentiation: tempered
  num_squash_vectors: 16
dataset:
  type: regression
  label: spiked_linear
  n_train: 512
  n_test: 200
  rank: 1
  n_features: 10000
  noise_std: 0.1
  ood_input_variance:
  - 1.0
seed: 0
optimization:
  learning_rate: 0.0001
  batch_size: 2056
  epochs: 30000
model:
  type: mlp
  hidden_layers:
  - 64
  - 64
  prior_std: 0.33
  ff: None
  ff_amplitudes: false

Using device: cuda
[2025-11-17 05:26:03,146][HYDRA] 	#162 : posterior=sbvi posterior.num_samples=4 optimization.epochs=30000 posterior.temperature=1 seed=0 optimization.learning_rate=0.0003 dataset=spiked_linear dataset.n_train=4 dataset.n_features=1 posterior.num_squash_vectors=1
Config:
posterior:
  type: sbvi
  weight_variance_init: 1
  bias_variance_init: 1
  num_samples: 4
  temperature: 1
  posterior_exponentiation: tempered
  num_squash_vectors: 1
dataset:
  type: regression
  label: spiked_linear
  n_train: 4
  n_test: 200
  rank: 1
  n_features: 1
  noise_std: 0.1
  ood_input_variance:
  - 1.0
seed: 0
optimization:
  learning_rate: 0.0003
  batch_size: 2056
  epochs: 30000
model:
  type: mlp
  hidden_layers:
  - 64
  - 64
  prior_std: 0.33
  ff: None
  ff_amplitudes: false

Using device: cuda
[2025-11-17 05:26:03,281][HYDRA] 	#163 : posterior=sbvi posterior.num_samples=4 optimization.epochs=30000 posterior.temperature=1 seed=0 optimization.learning_rate=0.0003 dataset=spiked_linear dataset.n_train=4 dataset.n_features=1 posterior.num_squash_vectors=4
Config:
posterior:
  type: sbvi
  weight_variance_init: 1
  bias_variance_init: 1
  num_samples: 4
  temperature: 1
  posterior_exponentiation: tempered
  num_squash_vectors: 4
dataset:
  type: regression
  label: spiked_linear
  n_train: 4
  n_test: 200
  rank: 1
  n_features: 1
  noise_std: 0.1
  ood_input_variance:
  - 1.0
seed: 0
optimization:
  learning_rate: 0.0003
  batch_size: 2056
  epochs: 30000
model:
  type: mlp
  hidden_layers:
  - 64
  - 64
  prior_std: 0.33
  ff: None
  ff_amplitudes: false

Using device: cuda
[2025-11-17 05:26:03,433][HYDRA] 	#164 : posterior=sbvi posterior.num_samples=4 optimization.epochs=30000 posterior.temperature=1 seed=0 optimization.learning_rate=0.0003 dataset=spiked_linear dataset.n_train=4 dataset.n_features=1 posterior.num_squash_vectors=16
Config:
posterior:
  type: sbvi
  weight_variance_init: 1
  bias_variance_init: 1
  num_samples: 4
  temperature: 1
  posterior_exponentiation: tempered
  num_squash_vectors: 16
dataset:
  type: regression
  label: spiked_linear
  n_train: 4
  n_test: 200
  rank: 1
  n_features: 1
  noise_std: 0.1
  ood_input_variance:
  - 1.0
seed: 0
optimization:
  learning_rate: 0.0003
  batch_size: 2056
  epochs: 30000
model:
  type: mlp
  hidden_layers:
  - 64
  - 64
  prior_std: 0.33
  ff: None
  ff_amplitudes: false

Using device: cuda
[2025-11-17 05:26:03,570][HYDRA] 	#165 : posterior=sbvi posterior.num_samples=4 optimization.epochs=30000 posterior.temperature=1 seed=0 optimization.learning_rate=0.0003 dataset=spiked_linear dataset.n_train=4 dataset.n_features=500 posterior.num_squash_vectors=1
Config:
posterior:
  type: sbvi
  weight_variance_init: 1
  bias_variance_init: 1
  num_samples: 4
  temperature: 1
  posterior_exponentiation: tempered
  num_squash_vectors: 1
dataset:
  type: regression
  label: spiked_linear
  n_train: 4
  n_test: 200
  rank: 1
  n_features: 500
  noise_std: 0.1
  ood_input_variance:
  - 1.0
seed: 0
optimization:
  learning_rate: 0.0003
  batch_size: 2056
  epochs: 30000
model:
  type: mlp
  hidden_layers:
  - 64
  - 64
  prior_std: 0.33
  ff: None
  ff_amplitudes: false

Using device: cuda
[2025-11-17 05:26:03,735][HYDRA] 	#166 : posterior=sbvi posterior.num_samples=4 optimization.epochs=30000 posterior.temperature=1 seed=0 optimization.learning_rate=0.0003 dataset=spiked_linear dataset.n_train=4 dataset.n_features=500 posterior.num_squash_vectors=4
Config:
posterior:
  type: sbvi
  weight_variance_init: 1
  bias_variance_init: 1
  num_samples: 4
  temperature: 1
  posterior_exponentiation: tempered
  num_squash_vectors: 4
dataset:
  type: regression
  label: spiked_linear
  n_train: 4
  n_test: 200
  rank: 1
  n_features: 500
  noise_std: 0.1
  ood_input_variance:
  - 1.0
seed: 0
optimization:
  learning_rate: 0.0003
  batch_size: 2056
  epochs: 30000
model:
  type: mlp
  hidden_layers:
  - 64
  - 64
  prior_std: 0.33
  ff: None
  ff_amplitudes: false

Using device: cuda
[2025-11-17 05:26:03,901][HYDRA] 	#167 : posterior=sbvi posterior.num_samples=4 optimization.epochs=30000 posterior.temperature=1 seed=0 optimization.learning_rate=0.0003 dataset=spiked_linear dataset.n_train=4 dataset.n_features=500 posterior.num_squash_vectors=16
Config:
posterior:
  type: sbvi
  weight_variance_init: 1
  bias_variance_init: 1
  num_samples: 4
  temperature: 1
  posterior_exponentiation: tempered
  num_squash_vectors: 16
dataset:
  type: regression
  label: spiked_linear
  n_train: 4
  n_test: 200
  rank: 1
  n_features: 500
  noise_std: 0.1
  ood_input_variance:
  - 1.0
seed: 0
optimization:
  learning_rate: 0.0003
  batch_size: 2056
  epochs: 30000
model:
  type: mlp
  hidden_layers:
  - 64
  - 64
  prior_std: 0.33
  ff: None
  ff_amplitudes: false

Using device: cuda
[2025-11-17 05:26:04,047][HYDRA] 	#168 : posterior=sbvi posterior.num_samples=4 optimization.epochs=30000 posterior.temperature=1 seed=0 optimization.learning_rate=0.0003 dataset=spiked_linear dataset.n_train=4 dataset.n_features=10000 posterior.num_squash_vectors=1
Config:
posterior:
  type: sbvi
  weight_variance_init: 1
  bias_variance_init: 1
  num_samples: 4
  temperature: 1
  posterior_exponentiation: tempered
  num_squash_vectors: 1
dataset:
  type: regression
  label: spiked_linear
  n_train: 4
  n_test: 200
  rank: 1
  n_features: 10000
  noise_std: 0.1
  ood_input_variance:
  - 1.0
seed: 0
optimization:
  learning_rate: 0.0003
  batch_size: 2056
  epochs: 30000
model:
  type: mlp
  hidden_layers:
  - 64
  - 64
  prior_std: 0.33
  ff: None
  ff_amplitudes: false

Using device: cuda
[2025-11-17 05:26:04,209][HYDRA] 	#169 : posterior=sbvi posterior.num_samples=4 optimization.epochs=30000 posterior.temperature=1 seed=0 optimization.learning_rate=0.0003 dataset=spiked_linear dataset.n_train=4 dataset.n_features=10000 posterior.num_squash_vectors=4
Config:
posterior:
  type: sbvi
  weight_variance_init: 1
  bias_variance_init: 1
  num_samples: 4
  temperature: 1
  posterior_exponentiation: tempered
  num_squash_vectors: 4
dataset:
  type: regression
  label: spiked_linear
  n_train: 4
  n_test: 200
  rank: 1
  n_features: 10000
  noise_std: 0.1
  ood_input_variance:
  - 1.0
seed: 0
optimization:
  learning_rate: 0.0003
  batch_size: 2056
  epochs: 30000
model:
  type: mlp
  hidden_layers:
  - 64
  - 64
  prior_std: 0.33
  ff: None
  ff_amplitudes: false

Using device: cuda
[2025-11-17 05:26:04,364][HYDRA] 	#170 : posterior=sbvi posterior.num_samples=4 optimization.epochs=30000 posterior.temperature=1 seed=0 optimization.learning_rate=0.0003 dataset=spiked_linear dataset.n_train=4 dataset.n_features=10000 posterior.num_squash_vectors=16
Config:
posterior:
  type: sbvi
  weight_variance_init: 1
  bias_variance_init: 1
  num_samples: 4
  temperature: 1
  posterior_exponentiation: tempered
  num_squash_vectors: 16
dataset:
  type: regression
  label: spiked_linear
  n_train: 4
  n_test: 200
  rank: 1
  n_features: 10000
  noise_std: 0.1
  ood_input_variance:
  - 1.0
seed: 0
optimization:
  learning_rate: 0.0003
  batch_size: 2056
  epochs: 30000
model:
  type: mlp
  hidden_layers:
  - 64
  - 64
  prior_std: 0.33
  ff: None
  ff_amplitudes: false

Using device: cuda
[2025-11-17 05:26:04,560][HYDRA] 	#171 : posterior=sbvi posterior.num_samples=4 optimization.epochs=30000 posterior.temperature=1 seed=0 optimization.learning_rate=0.0003 dataset=spiked_linear dataset.n_train=64 dataset.n_features=1 posterior.num_squash_vectors=1
Config:
posterior:
  type: sbvi
  weight_variance_init: 1
  bias_variance_init: 1
  num_samples: 4
  temperature: 1
  posterior_exponentiation: tempered
  num_squash_vectors: 1
dataset:
  type: regression
  label: spiked_linear
  n_train: 64
  n_test: 200
  rank: 1
  n_features: 1
  noise_std: 0.1
  ood_input_variance:
  - 1.0
seed: 0
optimization:
  learning_rate: 0.0003
  batch_size: 2056
  epochs: 30000
model:
  type: mlp
  hidden_layers:
  - 64
  - 64
  prior_std: 0.33
  ff: None
  ff_amplitudes: false

Using device: cuda
[2025-11-17 05:26:04,698][HYDRA] 	#172 : posterior=sbvi posterior.num_samples=4 optimization.epochs=30000 posterior.temperature=1 seed=0 optimization.learning_rate=0.0003 dataset=spiked_linear dataset.n_train=64 dataset.n_features=1 posterior.num_squash_vectors=4
Config:
posterior:
  type: sbvi
  weight_variance_init: 1
  bias_variance_init: 1
  num_samples: 4
  temperature: 1
  posterior_exponentiation: tempered
  num_squash_vectors: 4
dataset:
  type: regression
  label: spiked_linear
  n_train: 64
  n_test: 200
  rank: 1
  n_features: 1
  noise_std: 0.1
  ood_input_variance:
  - 1.0
seed: 0
optimization:
  learning_rate: 0.0003
  batch_size: 2056
  epochs: 30000
model:
  type: mlp
  hidden_layers:
  - 64
  - 64
  prior_std: 0.33
  ff: None
  ff_amplitudes: false

Using device: cuda
[2025-11-17 05:26:04,813][HYDRA] 	#173 : posterior=sbvi posterior.num_samples=4 optimization.epochs=30000 posterior.temperature=1 seed=0 optimization.learning_rate=0.0003 dataset=spiked_linear dataset.n_train=64 dataset.n_features=1 posterior.num_squash_vectors=16
Config:
posterior:
  type: sbvi
  weight_variance_init: 1
  bias_variance_init: 1
  num_samples: 4
  temperature: 1
  posterior_exponentiation: tempered
  num_squash_vectors: 16
dataset:
  type: regression
  label: spiked_linear
  n_train: 64
  n_test: 200
  rank: 1
  n_features: 1
  noise_std: 0.1
  ood_input_variance:
  - 1.0
seed: 0
optimization:
  learning_rate: 0.0003
  batch_size: 2056
  epochs: 30000
model:
  type: mlp
  hidden_layers:
  - 64
  - 64
  prior_std: 0.33
  ff: None
  ff_amplitudes: false

Using device: cuda
[2025-11-17 05:26:04,974][HYDRA] 	#174 : posterior=sbvi posterior.num_samples=4 optimization.epochs=30000 posterior.temperature=1 seed=0 optimization.learning_rate=0.0003 dataset=spiked_linear dataset.n_train=64 dataset.n_features=500 posterior.num_squash_vectors=1
Config:
posterior:
  type: sbvi
  weight_variance_init: 1
  bias_variance_init: 1
  num_samples: 4
  temperature: 1
  posterior_exponentiation: tempered
  num_squash_vectors: 1
dataset:
  type: regression
  label: spiked_linear
  n_train: 64
  n_test: 200
  rank: 1
  n_features: 500
  noise_std: 0.1
  ood_input_variance:
  - 1.0
seed: 0
optimization:
  learning_rate: 0.0003
  batch_size: 2056
  epochs: 30000
model:
  type: mlp
  hidden_layers:
  - 64
  - 64
  prior_std: 0.33
  ff: None
  ff_amplitudes: false

Using device: cuda
[2025-11-17 05:26:05,162][HYDRA] 	#175 : posterior=sbvi posterior.num_samples=4 optimization.epochs=30000 posterior.temperature=1 seed=0 optimization.learning_rate=0.0003 dataset=spiked_linear dataset.n_train=64 dataset.n_features=500 posterior.num_squash_vectors=4
Config:
posterior:
  type: sbvi
  weight_variance_init: 1
  bias_variance_init: 1
  num_samples: 4
  temperature: 1
  posterior_exponentiation: tempered
  num_squash_vectors: 4
dataset:
  type: regression
  label: spiked_linear
  n_train: 64
  n_test: 200
  rank: 1
  n_features: 500
  noise_std: 0.1
  ood_input_variance:
  - 1.0
seed: 0
optimization:
  learning_rate: 0.0003
  batch_size: 2056
  epochs: 30000
model:
  type: mlp
  hidden_layers:
  - 64
  - 64
  prior_std: 0.33
  ff: None
  ff_amplitudes: false

Using device: cuda
[2025-11-17 05:26:05,359][HYDRA] 	#176 : posterior=sbvi posterior.num_samples=4 optimization.epochs=30000 posterior.temperature=1 seed=0 optimization.learning_rate=0.0003 dataset=spiked_linear dataset.n_train=64 dataset.n_features=500 posterior.num_squash_vectors=16
Config:
posterior:
  type: sbvi
  weight_variance_init: 1
  bias_variance_init: 1
  num_samples: 4
  temperature: 1
  posterior_exponentiation: tempered
  num_squash_vectors: 16
dataset:
  type: regression
  label: spiked_linear
  n_train: 64
  n_test: 200
  rank: 1
  n_features: 500
  noise_std: 0.1
  ood_input_variance:
  - 1.0
seed: 0
optimization:
  learning_rate: 0.0003
  batch_size: 2056
  epochs: 30000
model:
  type: mlp
  hidden_layers:
  - 64
  - 64
  prior_std: 0.33
  ff: None
  ff_amplitudes: false

Using device: cuda
[2025-11-17 05:26:05,535][HYDRA] 	#177 : posterior=sbvi posterior.num_samples=4 optimization.epochs=30000 posterior.temperature=1 seed=0 optimization.learning_rate=0.0003 dataset=spiked_linear dataset.n_train=64 dataset.n_features=10000 posterior.num_squash_vectors=1
Config:
posterior:
  type: sbvi
  weight_variance_init: 1
  bias_variance_init: 1
  num_samples: 4
  temperature: 1
  posterior_exponentiation: tempered
  num_squash_vectors: 1
dataset:
  type: regression
  label: spiked_linear
  n_train: 64
  n_test: 200
  rank: 1
  n_features: 10000
  noise_std: 0.1
  ood_input_variance:
  - 1.0
seed: 0
optimization:
  learning_rate: 0.0003
  batch_size: 2056
  epochs: 30000
model:
  type: mlp
  hidden_layers:
  - 64
  - 64
  prior_std: 0.33
  ff: None
  ff_amplitudes: false

Using device: cuda
[2025-11-17 05:26:05,657][HYDRA] 	#178 : posterior=sbvi posterior.num_samples=4 optimization.epochs=30000 posterior.temperature=1 seed=0 optimization.learning_rate=0.0003 dataset=spiked_linear dataset.n_train=64 dataset.n_features=10000 posterior.num_squash_vectors=4
Config:
posterior:
  type: sbvi
  weight_variance_init: 1
  bias_variance_init: 1
  num_samples: 4
  temperature: 1
  posterior_exponentiation: tempered
  num_squash_vectors: 4
dataset:
  type: regression
  label: spiked_linear
  n_train: 64
  n_test: 200
  rank: 1
  n_features: 10000
  noise_std: 0.1
  ood_input_variance:
  - 1.0
seed: 0
optimization:
  learning_rate: 0.0003
  batch_size: 2056
  epochs: 30000
model:
  type: mlp
  hidden_layers:
  - 64
  - 64
  prior_std: 0.33
  ff: None
  ff_amplitudes: false

Using device: cuda
[2025-11-17 05:26:05,777][HYDRA] 	#179 : posterior=sbvi posterior.num_samples=4 optimization.epochs=30000 posterior.temperature=1 seed=0 optimization.learning_rate=0.0003 dataset=spiked_linear dataset.n_train=64 dataset.n_features=10000 posterior.num_squash_vectors=16
Config:
posterior:
  type: sbvi
  weight_variance_init: 1
  bias_variance_init: 1
  num_samples: 4
  temperature: 1
  posterior_exponentiation: tempered
  num_squash_vectors: 16
dataset:
  type: regression
  label: spiked_linear
  n_train: 64
  n_test: 200
  rank: 1
  n_features: 10000
  noise_std: 0.1
  ood_input_variance:
  - 1.0
seed: 0
optimization:
  learning_rate: 0.0003
  batch_size: 2056
  epochs: 30000
model:
  type: mlp
  hidden_layers:
  - 64
  - 64
  prior_std: 0.33
  ff: None
  ff_amplitudes: false

Using device: cuda
[2025-11-17 05:26:05,917][HYDRA] 	#180 : posterior=sbvi posterior.num_samples=4 optimization.epochs=30000 posterior.temperature=1 seed=0 optimization.learning_rate=0.0003 dataset=spiked_linear dataset.n_train=512 dataset.n_features=1 posterior.num_squash_vectors=1
Config:
posterior:
  type: sbvi
  weight_variance_init: 1
  bias_variance_init: 1
  num_samples: 4
  temperature: 1
  posterior_exponentiation: tempered
  num_squash_vectors: 1
dataset:
  type: regression
  label: spiked_linear
  n_train: 512
  n_test: 200
  rank: 1
  n_features: 1
  noise_std: 0.1
  ood_input_variance:
  - 1.0
seed: 0
optimization:
  learning_rate: 0.0003
  batch_size: 2056
  epochs: 30000
model:
  type: mlp
  hidden_layers:
  - 64
  - 64
  prior_std: 0.33
  ff: None
  ff_amplitudes: false

Using device: cuda
[2025-11-17 05:26:06,056][HYDRA] 	#181 : posterior=sbvi posterior.num_samples=4 optimization.epochs=30000 posterior.temperature=1 seed=0 optimization.learning_rate=0.0003 dataset=spiked_linear dataset.n_train=512 dataset.n_features=1 posterior.num_squash_vectors=4
Config:
posterior:
  type: sbvi
  weight_variance_init: 1
  bias_variance_init: 1
  num_samples: 4
  temperature: 1
  posterior_exponentiation: tempered
  num_squash_vectors: 4
dataset:
  type: regression
  label: spiked_linear
  n_train: 512
  n_test: 200
  rank: 1
  n_features: 1
  noise_std: 0.1
  ood_input_variance:
  - 1.0
seed: 0
optimization:
  learning_rate: 0.0003
  batch_size: 2056
  epochs: 30000
model:
  type: mlp
  hidden_layers:
  - 64
  - 64
  prior_std: 0.33
  ff: None
  ff_amplitudes: false

Using device: cuda
[2025-11-17 05:26:06,186][HYDRA] 	#182 : posterior=sbvi posterior.num_samples=4 optimization.epochs=30000 posterior.temperature=1 seed=0 optimization.learning_rate=0.0003 dataset=spiked_linear dataset.n_train=512 dataset.n_features=1 posterior.num_squash_vectors=16
Config:
posterior:
  type: sbvi
  weight_variance_init: 1
  bias_variance_init: 1
  num_samples: 4
  temperature: 1
  posterior_exponentiation: tempered
  num_squash_vectors: 16
dataset:
  type: regression
  label: spiked_linear
  n_train: 512
  n_test: 200
  rank: 1
  n_features: 1
  noise_std: 0.1
  ood_input_variance:
  - 1.0
seed: 0
optimization:
  learning_rate: 0.0003
  batch_size: 2056
  epochs: 30000
model:
  type: mlp
  hidden_layers:
  - 64
  - 64
  prior_std: 0.33
  ff: None
  ff_amplitudes: false

Using device: cuda
[2025-11-17 05:26:06,367][HYDRA] 	#183 : posterior=sbvi posterior.num_samples=4 optimization.epochs=30000 posterior.temperature=1 seed=0 optimization.learning_rate=0.0003 dataset=spiked_linear dataset.n_train=512 dataset.n_features=500 posterior.num_squash_vectors=1
Config:
posterior:
  type: sbvi
  weight_variance_init: 1
  bias_variance_init: 1
  num_samples: 4
  temperature: 1
  posterior_exponentiation: tempered
  num_squash_vectors: 1
dataset:
  type: regression
  label: spiked_linear
  n_train: 512
  n_test: 200
  rank: 1
  n_features: 500
  noise_std: 0.1
  ood_input_variance:
  - 1.0
seed: 0
optimization:
  learning_rate: 0.0003
  batch_size: 2056
  epochs: 30000
model:
  type: mlp
  hidden_layers:
  - 64
  - 64
  prior_std: 0.33
  ff: None
  ff_amplitudes: false

Using device: cuda
[2025-11-17 05:26:06,546][HYDRA] 	#184 : posterior=sbvi posterior.num_samples=4 optimization.epochs=30000 posterior.temperature=1 seed=0 optimization.learning_rate=0.0003 dataset=spiked_linear dataset.n_train=512 dataset.n_features=500 posterior.num_squash_vectors=4
Config:
posterior:
  type: sbvi
  weight_variance_init: 1
  bias_variance_init: 1
  num_samples: 4
  temperature: 1
  posterior_exponentiation: tempered
  num_squash_vectors: 4
dataset:
  type: regression
  label: spiked_linear
  n_train: 512
  n_test: 200
  rank: 1
  n_features: 500
  noise_std: 0.1
  ood_input_variance:
  - 1.0
seed: 0
optimization:
  learning_rate: 0.0003
  batch_size: 2056
  epochs: 30000
model:
  type: mlp
  hidden_layers:
  - 64
  - 64
  prior_std: 0.33
  ff: None
  ff_amplitudes: false

Using device: cuda
[2025-11-17 05:26:06,661][HYDRA] 	#185 : posterior=sbvi posterior.num_samples=4 optimization.epochs=30000 posterior.temperature=1 seed=0 optimization.learning_rate=0.0003 dataset=spiked_linear dataset.n_train=512 dataset.n_features=500 posterior.num_squash_vectors=16
Config:
posterior:
  type: sbvi
  weight_variance_init: 1
  bias_variance_init: 1
  num_samples: 4
  temperature: 1
  posterior_exponentiation: tempered
  num_squash_vectors: 16
dataset:
  type: regression
  label: spiked_linear
  n_train: 512
  n_test: 200
  rank: 1
  n_features: 500
  noise_std: 0.1
  ood_input_variance:
  - 1.0
seed: 0
optimization:
  learning_rate: 0.0003
  batch_size: 2056
  epochs: 30000
model:
  type: mlp
  hidden_layers:
  - 64
  - 64
  prior_std: 0.33
  ff: None
  ff_amplitudes: false

Using device: cuda
[2025-11-17 05:26:06,800][HYDRA] 	#186 : posterior=sbvi posterior.num_samples=4 optimization.epochs=30000 posterior.temperature=1 seed=0 optimization.learning_rate=0.0003 dataset=spiked_linear dataset.n_train=512 dataset.n_features=10000 posterior.num_squash_vectors=1
Config:
posterior:
  type: sbvi
  weight_variance_init: 1
  bias_variance_init: 1
  num_samples: 4
  temperature: 1
  posterior_exponentiation: tempered
  num_squash_vectors: 1
dataset:
  type: regression
  label: spiked_linear
  n_train: 512
  n_test: 200
  rank: 1
  n_features: 10000
  noise_std: 0.1
  ood_input_variance:
  - 1.0
seed: 0
optimization:
  learning_rate: 0.0003
  batch_size: 2056
  epochs: 30000
model:
  type: mlp
  hidden_layers:
  - 64
  - 64
  prior_std: 0.33
  ff: None
  ff_amplitudes: false

Using device: cuda
[2025-11-17 05:26:06,957][HYDRA] 	#187 : posterior=sbvi posterior.num_samples=4 optimization.epochs=30000 posterior.temperature=1 seed=0 optimization.learning_rate=0.0003 dataset=spiked_linear dataset.n_train=512 dataset.n_features=10000 posterior.num_squash_vectors=4
Config:
posterior:
  type: sbvi
  weight_variance_init: 1
  bias_variance_init: 1
  num_samples: 4
  temperature: 1
  posterior_exponentiation: tempered
  num_squash_vectors: 4
dataset:
  type: regression
  label: spiked_linear
  n_train: 512
  n_test: 200
  rank: 1
  n_features: 10000
  noise_std: 0.1
  ood_input_variance:
  - 1.0
seed: 0
optimization:
  learning_rate: 0.0003
  batch_size: 2056
  epochs: 30000
model:
  type: mlp
  hidden_layers:
  - 64
  - 64
  prior_std: 0.33
  ff: None
  ff_amplitudes: false

Using device: cuda
[2025-11-17 05:26:07,102][HYDRA] 	#188 : posterior=sbvi posterior.num_samples=4 optimization.epochs=30000 posterior.temperature=1 seed=0 optimization.learning_rate=0.0003 dataset=spiked_linear dataset.n_train=512 dataset.n_features=10000 posterior.num_squash_vectors=16
Config:
posterior:
  type: sbvi
  weight_variance_init: 1
  bias_variance_init: 1
  num_samples: 4
  temperature: 1
  posterior_exponentiation: tempered
  num_squash_vectors: 16
dataset:
  type: regression
  label: spiked_linear
  n_train: 512
  n_test: 200
  rank: 1
  n_features: 10000
  noise_std: 0.1
  ood_input_variance:
  - 1.0
seed: 0
optimization:
  learning_rate: 0.0003
  batch_size: 2056
  epochs: 30000
model:
  type: mlp
  hidden_layers:
  - 64
  - 64
  prior_std: 0.33
  ff: None
  ff_amplitudes: false

Using device: cuda
[2025-11-17 05:26:07,222][HYDRA] 	#189 : posterior=sbvi posterior.num_samples=4 optimization.epochs=30000 posterior.temperature=1 seed=0 optimization.learning_rate=0.0001 dataset=spiked_linear dataset.n_train=4 dataset.n_features=1 posterior.num_squash_vectors=1
Config:
posterior:
  type: sbvi
  weight_variance_init: 1
  bias_variance_init: 1
  num_samples: 4
  temperature: 1
  posterior_exponentiation: tempered
  num_squash_vectors: 1
dataset:
  type: regression
  label: spiked_linear
  n_train: 4
  n_test: 200
  rank: 1
  n_features: 1
  noise_std: 0.1
  ood_input_variance:
  - 1.0
seed: 0
optimization:
  learning_rate: 0.0001
  batch_size: 2056
  epochs: 30000
model:
  type: mlp
  hidden_layers:
  - 64
  - 64
  prior_std: 0.33
  ff: None
  ff_amplitudes: false

Using device: cuda
[2025-11-17 05:26:07,336][HYDRA] 	#190 : posterior=sbvi posterior.num_samples=4 optimization.epochs=30000 posterior.temperature=1 seed=0 optimization.learning_rate=0.0001 dataset=spiked_linear dataset.n_train=4 dataset.n_features=1 posterior.num_squash_vectors=4
Config:
posterior:
  type: sbvi
  weight_variance_init: 1
  bias_variance_init: 1
  num_samples: 4
  temperature: 1
  posterior_exponentiation: tempered
  num_squash_vectors: 4
dataset:
  type: regression
  label: spiked_linear
  n_train: 4
  n_test: 200
  rank: 1
  n_features: 1
  noise_std: 0.1
  ood_input_variance:
  - 1.0
seed: 0
optimization:
  learning_rate: 0.0001
  batch_size: 2056
  epochs: 30000
model:
  type: mlp
  hidden_layers:
  - 64
  - 64
  prior_std: 0.33
  ff: None
  ff_amplitudes: false

Using device: cuda
[2025-11-17 05:26:07,564][HYDRA] 	#191 : posterior=sbvi posterior.num_samples=4 optimization.epochs=30000 posterior.temperature=1 seed=0 optimization.learning_rate=0.0001 dataset=spiked_linear dataset.n_train=4 dataset.n_features=1 posterior.num_squash_vectors=16
Config:
posterior:
  type: sbvi
  weight_variance_init: 1
  bias_variance_init: 1
  num_samples: 4
  temperature: 1
  posterior_exponentiation: tempered
  num_squash_vectors: 16
dataset:
  type: regression
  label: spiked_linear
  n_train: 4
  n_test: 200
  rank: 1
  n_features: 1
  noise_std: 0.1
  ood_input_variance:
  - 1.0
seed: 0
optimization:
  learning_rate: 0.0001
  batch_size: 2056
  epochs: 30000
model:
  type: mlp
  hidden_layers:
  - 64
  - 64
  prior_std: 0.33
  ff: None
  ff_amplitudes: false

Using device: cuda
[2025-11-17 05:26:07,700][HYDRA] 	#192 : posterior=sbvi posterior.num_samples=4 optimization.epochs=30000 posterior.temperature=1 seed=0 optimization.learning_rate=0.0001 dataset=spiked_linear dataset.n_train=4 dataset.n_features=500 posterior.num_squash_vectors=1
Config:
posterior:
  type: sbvi
  weight_variance_init: 1
  bias_variance_init: 1
  num_samples: 4
  temperature: 1
  posterior_exponentiation: tempered
  num_squash_vectors: 1
dataset:
  type: regression
  label: spiked_linear
  n_train: 4
  n_test: 200
  rank: 1
  n_features: 500
  noise_std: 0.1
  ood_input_variance:
  - 1.0
seed: 0
optimization:
  learning_rate: 0.0001
  batch_size: 2056
  epochs: 30000
model:
  type: mlp
  hidden_layers:
  - 64
  - 64
  prior_std: 0.33
  ff: None
  ff_amplitudes: false

Using device: cuda
[2025-11-17 05:26:07,852][HYDRA] 	#193 : posterior=sbvi posterior.num_samples=4 optimization.epochs=30000 posterior.temperature=1 seed=0 optimization.learning_rate=0.0001 dataset=spiked_linear dataset.n_train=4 dataset.n_features=500 posterior.num_squash_vectors=4
Config:
posterior:
  type: sbvi
  weight_variance_init: 1
  bias_variance_init: 1
  num_samples: 4
  temperature: 1
  posterior_exponentiation: tempered
  num_squash_vectors: 4
dataset:
  type: regression
  label: spiked_linear
  n_train: 4
  n_test: 200
  rank: 1
  n_features: 500
  noise_std: 0.1
  ood_input_variance:
  - 1.0
seed: 0
optimization:
  learning_rate: 0.0001
  batch_size: 2056
  epochs: 30000
model:
  type: mlp
  hidden_layers:
  - 64
  - 64
  prior_std: 0.33
  ff: None
  ff_amplitudes: false

Using device: cuda
[2025-11-17 05:26:08,004][HYDRA] 	#194 : posterior=sbvi posterior.num_samples=4 optimization.epochs=30000 posterior.temperature=1 seed=0 optimization.learning_rate=0.0001 dataset=spiked_linear dataset.n_train=4 dataset.n_features=500 posterior.num_squash_vectors=16
Config:
posterior:
  type: sbvi
  weight_variance_init: 1
  bias_variance_init: 1
  num_samples: 4
  temperature: 1
  posterior_exponentiation: tempered
  num_squash_vectors: 16
dataset:
  type: regression
  label: spiked_linear
  n_train: 4
  n_test: 200
  rank: 1
  n_features: 500
  noise_std: 0.1
  ood_input_variance:
  - 1.0
seed: 0
optimization:
  learning_rate: 0.0001
  batch_size: 2056
  epochs: 30000
model:
  type: mlp
  hidden_layers:
  - 64
  - 64
  prior_std: 0.33
  ff: None
  ff_amplitudes: false

Using device: cuda
[2025-11-17 05:26:08,155][HYDRA] 	#195 : posterior=sbvi posterior.num_samples=4 optimization.epochs=30000 posterior.temperature=1 seed=0 optimization.learning_rate=0.0001 dataset=spiked_linear dataset.n_train=4 dataset.n_features=10000 posterior.num_squash_vectors=1
Config:
posterior:
  type: sbvi
  weight_variance_init: 1
  bias_variance_init: 1
  num_samples: 4
  temperature: 1
  posterior_exponentiation: tempered
  num_squash_vectors: 1
dataset:
  type: regression
  label: spiked_linear
  n_train: 4
  n_test: 200
  rank: 1
  n_features: 10000
  noise_std: 0.1
  ood_input_variance:
  - 1.0
seed: 0
optimization:
  learning_rate: 0.0001
  batch_size: 2056
  epochs: 30000
model:
  type: mlp
  hidden_layers:
  - 64
  - 64
  prior_std: 0.33
  ff: None
  ff_amplitudes: false

Using device: cuda
[2025-11-17 05:26:08,320][HYDRA] 	#196 : posterior=sbvi posterior.num_samples=4 optimization.epochs=30000 posterior.temperature=1 seed=0 optimization.learning_rate=0.0001 dataset=spiked_linear dataset.n_train=4 dataset.n_features=10000 posterior.num_squash_vectors=4
Config:
posterior:
  type: sbvi
  weight_variance_init: 1
  bias_variance_init: 1
  num_samples: 4
  temperature: 1
  posterior_exponentiation: tempered
  num_squash_vectors: 4
dataset:
  type: regression
  label: spiked_linear
  n_train: 4
  n_test: 200
  rank: 1
  n_features: 10000
  noise_std: 0.1
  ood_input_variance:
  - 1.0
seed: 0
optimization:
  learning_rate: 0.0001
  batch_size: 2056
  epochs: 30000
model:
  type: mlp
  hidden_layers:
  - 64
  - 64
  prior_std: 0.33
  ff: None
  ff_amplitudes: false

Using device: cuda
[2025-11-17 05:26:08,483][HYDRA] 	#197 : posterior=sbvi posterior.num_samples=4 optimization.epochs=30000 posterior.temperature=1 seed=0 optimization.learning_rate=0.0001 dataset=spiked_linear dataset.n_train=4 dataset.n_features=10000 posterior.num_squash_vectors=16
Config:
posterior:
  type: sbvi
  weight_variance_init: 1
  bias_variance_init: 1
  num_samples: 4
  temperature: 1
  posterior_exponentiation: tempered
  num_squash_vectors: 16
dataset:
  type: regression
  label: spiked_linear
  n_train: 4
  n_test: 200
  rank: 1
  n_features: 10000
  noise_std: 0.1
  ood_input_variance:
  - 1.0
seed: 0
optimization:
  learning_rate: 0.0001
  batch_size: 2056
  epochs: 30000
model:
  type: mlp
  hidden_layers:
  - 64
  - 64
  prior_std: 0.33
  ff: None
  ff_amplitudes: false

Using device: cuda
[2025-11-17 05:26:08,658][HYDRA] 	#198 : posterior=sbvi posterior.num_samples=4 optimization.epochs=30000 posterior.temperature=1 seed=0 optimization.learning_rate=0.0001 dataset=spiked_linear dataset.n_train=64 dataset.n_features=1 posterior.num_squash_vectors=1
Config:
posterior:
  type: sbvi
  weight_variance_init: 1
  bias_variance_init: 1
  num_samples: 4
  temperature: 1
  posterior_exponentiation: tempered
  num_squash_vectors: 1
dataset:
  type: regression
  label: spiked_linear
  n_train: 64
  n_test: 200
  rank: 1
  n_features: 1
  noise_std: 0.1
  ood_input_variance:
  - 1.0
seed: 0
optimization:
  learning_rate: 0.0001
  batch_size: 2056
  epochs: 30000
model:
  type: mlp
  hidden_layers:
  - 64
  - 64
  prior_std: 0.33
  ff: None
  ff_amplitudes: false

Using device: cuda
[2025-11-17 05:26:08,870][HYDRA] 	#199 : posterior=sbvi posterior.num_samples=4 optimization.epochs=30000 posterior.temperature=1 seed=0 optimization.learning_rate=0.0001 dataset=spiked_linear dataset.n_train=64 dataset.n_features=1 posterior.num_squash_vectors=4
Config:
posterior:
  type: sbvi
  weight_variance_init: 1
  bias_variance_init: 1
  num_samples: 4
  temperature: 1
  posterior_exponentiation: tempered
  num_squash_vectors: 4
dataset:
  type: regression
  label: spiked_linear
  n_train: 64
  n_test: 200
  rank: 1
  n_features: 1
  noise_std: 0.1
  ood_input_variance:
  - 1.0
seed: 0
optimization:
  learning_rate: 0.0001
  batch_size: 2056
  epochs: 30000
model:
  type: mlp
  hidden_layers:
  - 64
  - 64
  prior_std: 0.33
  ff: None
  ff_amplitudes: false

Using device: cuda
[2025-11-17 05:26:09,023][HYDRA] 	#200 : posterior=sbvi posterior.num_samples=4 optimization.epochs=30000 posterior.temperature=1 seed=0 optimization.learning_rate=0.0001 dataset=spiked_linear dataset.n_train=64 dataset.n_features=1 posterior.num_squash_vectors=16
Config:
posterior:
  type: sbvi
  weight_variance_init: 1
  bias_variance_init: 1
  num_samples: 4
  temperature: 1
  posterior_exponentiation: tempered
  num_squash_vectors: 16
dataset:
  type: regression
  label: spiked_linear
  n_train: 64
  n_test: 200
  rank: 1
  n_features: 1
  noise_std: 0.1
  ood_input_variance:
  - 1.0
seed: 0
optimization:
  learning_rate: 0.0001
  batch_size: 2056
  epochs: 30000
model:
  type: mlp
  hidden_layers:
  - 64
  - 64
  prior_std: 0.33
  ff: None
  ff_amplitudes: false

Using device: cuda
[2025-11-17 05:26:09,190][HYDRA] 	#201 : posterior=sbvi posterior.num_samples=4 optimization.epochs=30000 posterior.temperature=1 seed=0 optimization.learning_rate=0.0001 dataset=spiked_linear dataset.n_train=64 dataset.n_features=500 posterior.num_squash_vectors=1
Config:
posterior:
  type: sbvi
  weight_variance_init: 1
  bias_variance_init: 1
  num_samples: 4
  temperature: 1
  posterior_exponentiation: tempered
  num_squash_vectors: 1
dataset:
  type: regression
  label: spiked_linear
  n_train: 64
  n_test: 200
  rank: 1
  n_features: 500
  noise_std: 0.1
  ood_input_variance:
  - 1.0
seed: 0
optimization:
  learning_rate: 0.0001
  batch_size: 2056
  epochs: 30000
model:
  type: mlp
  hidden_layers:
  - 64
  - 64
  prior_std: 0.33
  ff: None
  ff_amplitudes: false

Using device: cuda
[2025-11-17 05:26:09,341][HYDRA] 	#202 : posterior=sbvi posterior.num_samples=4 optimization.epochs=30000 posterior.temperature=1 seed=0 optimization.learning_rate=0.0001 dataset=spiked_linear dataset.n_train=64 dataset.n_features=500 posterior.num_squash_vectors=4
Config:
posterior:
  type: sbvi
  weight_variance_init: 1
  bias_variance_init: 1
  num_samples: 4
  temperature: 1
  posterior_exponentiation: tempered
  num_squash_vectors: 4
dataset:
  type: regression
  label: spiked_linear
  n_train: 64
  n_test: 200
  rank: 1
  n_features: 500
  noise_std: 0.1
  ood_input_variance:
  - 1.0
seed: 0
optimization:
  learning_rate: 0.0001
  batch_size: 2056
  epochs: 30000
model:
  type: mlp
  hidden_layers:
  - 64
  - 64
  prior_std: 0.33
  ff: None
  ff_amplitudes: false

Using device: cuda
[2025-11-17 05:26:09,478][HYDRA] 	#203 : posterior=sbvi posterior.num_samples=4 optimization.epochs=30000 posterior.temperature=1 seed=0 optimization.learning_rate=0.0001 dataset=spiked_linear dataset.n_train=64 dataset.n_features=500 posterior.num_squash_vectors=16
Config:
posterior:
  type: sbvi
  weight_variance_init: 1
  bias_variance_init: 1
  num_samples: 4
  temperature: 1
  posterior_exponentiation: tempered
  num_squash_vectors: 16
dataset:
  type: regression
  label: spiked_linear
  n_train: 64
  n_test: 200
  rank: 1
  n_features: 500
  noise_std: 0.1
  ood_input_variance:
  - 1.0
seed: 0
optimization:
  learning_rate: 0.0001
  batch_size: 2056
  epochs: 30000
model:
  type: mlp
  hidden_layers:
  - 64
  - 64
  prior_std: 0.33
  ff: None
  ff_amplitudes: false

Using device: cuda
[2025-11-17 05:26:09,641][HYDRA] 	#204 : posterior=sbvi posterior.num_samples=4 optimization.epochs=30000 posterior.temperature=1 seed=0 optimization.learning_rate=0.0001 dataset=spiked_linear dataset.n_train=64 dataset.n_features=10000 posterior.num_squash_vectors=1
Config:
posterior:
  type: sbvi
  weight_variance_init: 1
  bias_variance_init: 1
  num_samples: 4
  temperature: 1
  posterior_exponentiation: tempered
  num_squash_vectors: 1
dataset:
  type: regression
  label: spiked_linear
  n_train: 64
  n_test: 200
  rank: 1
  n_features: 10000
  noise_std: 0.1
  ood_input_variance:
  - 1.0
seed: 0
optimization:
  learning_rate: 0.0001
  batch_size: 2056
  epochs: 30000
model:
  type: mlp
  hidden_layers:
  - 64
  - 64
  prior_std: 0.33
  ff: None
  ff_amplitudes: false

Using device: cuda
[2025-11-17 05:26:09,815][HYDRA] 	#205 : posterior=sbvi posterior.num_samples=4 optimization.epochs=30000 posterior.temperature=1 seed=0 optimization.learning_rate=0.0001 dataset=spiked_linear dataset.n_train=64 dataset.n_features=10000 posterior.num_squash_vectors=4
Config:
posterior:
  type: sbvi
  weight_variance_init: 1
  bias_variance_init: 1
  num_samples: 4
  temperature: 1
  posterior_exponentiation: tempered
  num_squash_vectors: 4
dataset:
  type: regression
  label: spiked_linear
  n_train: 64
  n_test: 200
  rank: 1
  n_features: 10000
  noise_std: 0.1
  ood_input_variance:
  - 1.0
seed: 0
optimization:
  learning_rate: 0.0001
  batch_size: 2056
  epochs: 30000
model:
  type: mlp
  hidden_layers:
  - 64
  - 64
  prior_std: 0.33
  ff: None
  ff_amplitudes: false

Using device: cuda
[2025-11-17 05:26:09,970][HYDRA] 	#206 : posterior=sbvi posterior.num_samples=4 optimization.epochs=30000 posterior.temperature=1 seed=0 optimization.learning_rate=0.0001 dataset=spiked_linear dataset.n_train=64 dataset.n_features=10000 posterior.num_squash_vectors=16
Config:
posterior:
  type: sbvi
  weight_variance_init: 1
  bias_variance_init: 1
  num_samples: 4
  temperature: 1
  posterior_exponentiation: tempered
  num_squash_vectors: 16
dataset:
  type: regression
  label: spiked_linear
  n_train: 64
  n_test: 200
  rank: 1
  n_features: 10000
  noise_std: 0.1
  ood_input_variance:
  - 1.0
seed: 0
optimization:
  learning_rate: 0.0001
  batch_size: 2056
  epochs: 30000
model:
  type: mlp
  hidden_layers:
  - 64
  - 64
  prior_std: 0.33
  ff: None
  ff_amplitudes: false

Using device: cuda
[2025-11-17 05:26:10,114][HYDRA] 	#207 : posterior=sbvi posterior.num_samples=4 optimization.epochs=30000 posterior.temperature=1 seed=0 optimization.learning_rate=0.0001 dataset=spiked_linear dataset.n_train=512 dataset.n_features=1 posterior.num_squash_vectors=1
Config:
posterior:
  type: sbvi
  weight_variance_init: 1
  bias_variance_init: 1
  num_samples: 4
  temperature: 1
  posterior_exponentiation: tempered
  num_squash_vectors: 1
dataset:
  type: regression
  label: spiked_linear
  n_train: 512
  n_test: 200
  rank: 1
  n_features: 1
  noise_std: 0.1
  ood_input_variance:
  - 1.0
seed: 0
optimization:
  learning_rate: 0.0001
  batch_size: 2056
  epochs: 30000
model:
  type: mlp
  hidden_layers:
  - 64
  - 64
  prior_std: 0.33
  ff: None
  ff_amplitudes: false

Using device: cuda
[2025-11-17 05:26:10,263][HYDRA] 	#208 : posterior=sbvi posterior.num_samples=4 optimization.epochs=30000 posterior.temperature=1 seed=0 optimization.learning_rate=0.0001 dataset=spiked_linear dataset.n_train=512 dataset.n_features=1 posterior.num_squash_vectors=4
Config:
posterior:
  type: sbvi
  weight_variance_init: 1
  bias_variance_init: 1
  num_samples: 4
  temperature: 1
  posterior_exponentiation: tempered
  num_squash_vectors: 4
dataset:
  type: regression
  label: spiked_linear
  n_train: 512
  n_test: 200
  rank: 1
  n_features: 1
  noise_std: 0.1
  ood_input_variance:
  - 1.0
seed: 0
optimization:
  learning_rate: 0.0001
  batch_size: 2056
  epochs: 30000
model:
  type: mlp
  hidden_layers:
  - 64
  - 64
  prior_std: 0.33
  ff: None
  ff_amplitudes: false

Using device: cuda
[2025-11-17 05:26:10,384][HYDRA] 	#209 : posterior=sbvi posterior.num_samples=4 optimization.epochs=30000 posterior.temperature=1 seed=0 optimization.learning_rate=0.0001 dataset=spiked_linear dataset.n_train=512 dataset.n_features=1 posterior.num_squash_vectors=16
Config:
posterior:
  type: sbvi
  weight_variance_init: 1
  bias_variance_init: 1
  num_samples: 4
  temperature: 1
  posterior_exponentiation: tempered
  num_squash_vectors: 16
dataset:
  type: regression
  label: spiked_linear
  n_train: 512
  n_test: 200
  rank: 1
  n_features: 1
  noise_std: 0.1
  ood_input_variance:
  - 1.0
seed: 0
optimization:
  learning_rate: 0.0001
  batch_size: 2056
  epochs: 30000
model:
  type: mlp
  hidden_layers:
  - 64
  - 64
  prior_std: 0.33
  ff: None
  ff_amplitudes: false

Using device: cuda
[2025-11-17 05:26:10,522][HYDRA] 	#210 : posterior=sbvi posterior.num_samples=4 optimization.epochs=30000 posterior.temperature=1 seed=0 optimization.learning_rate=0.0001 dataset=spiked_linear dataset.n_train=512 dataset.n_features=500 posterior.num_squash_vectors=1
Config:
posterior:
  type: sbvi
  weight_variance_init: 1
  bias_variance_init: 1
  num_samples: 4
  temperature: 1
  posterior_exponentiation: tempered
  num_squash_vectors: 1
dataset:
  type: regression
  label: spiked_linear
  n_train: 512
  n_test: 200
  rank: 1
  n_features: 500
  noise_std: 0.1
  ood_input_variance:
  - 1.0
seed: 0
optimization:
  learning_rate: 0.0001
  batch_size: 2056
  epochs: 30000
model:
  type: mlp
  hidden_layers:
  - 64
  - 64
  prior_std: 0.33
  ff: None
  ff_amplitudes: false

Using device: cuda
[2025-11-17 05:26:10,693][HYDRA] 	#211 : posterior=sbvi posterior.num_samples=4 optimization.epochs=30000 posterior.temperature=1 seed=0 optimization.learning_rate=0.0001 dataset=spiked_linear dataset.n_train=512 dataset.n_features=500 posterior.num_squash_vectors=4
Config:
posterior:
  type: sbvi
  weight_variance_init: 1
  bias_variance_init: 1
  num_samples: 4
  temperature: 1
  posterior_exponentiation: tempered
  num_squash_vectors: 4
dataset:
  type: regression
  label: spiked_linear
  n_train: 512
  n_test: 200
  rank: 1
  n_features: 500
  noise_std: 0.1
  ood_input_variance:
  - 1.0
seed: 0
optimization:
  learning_rate: 0.0001
  batch_size: 2056
  epochs: 30000
model:
  type: mlp
  hidden_layers:
  - 64
  - 64
  prior_std: 0.33
  ff: None
  ff_amplitudes: false

Using device: cuda
[2025-11-17 05:26:10,816][HYDRA] 	#212 : posterior=sbvi posterior.num_samples=4 optimization.epochs=30000 posterior.temperature=1 seed=0 optimization.learning_rate=0.0001 dataset=spiked_linear dataset.n_train=512 dataset.n_features=500 posterior.num_squash_vectors=16
Config:
posterior:
  type: sbvi
  weight_variance_init: 1
  bias_variance_init: 1
  num_samples: 4
  temperature: 1
  posterior_exponentiation: tempered
  num_squash_vectors: 16
dataset:
  type: regression
  label: spiked_linear
  n_train: 512
  n_test: 200
  rank: 1
  n_features: 500
  noise_std: 0.1
  ood_input_variance:
  - 1.0
seed: 0
optimization:
  learning_rate: 0.0001
  batch_size: 2056
  epochs: 30000
model:
  type: mlp
  hidden_layers:
  - 64
  - 64
  prior_std: 0.33
  ff: None
  ff_amplitudes: false

Using device: cuda
[2025-11-17 05:26:10,930][HYDRA] 	#213 : posterior=sbvi posterior.num_samples=4 optimization.epochs=30000 posterior.temperature=1 seed=0 optimization.learning_rate=0.0001 dataset=spiked_linear dataset.n_train=512 dataset.n_features=10000 posterior.num_squash_vectors=1
Config:
posterior:
  type: sbvi
  weight_variance_init: 1
  bias_variance_init: 1
  num_samples: 4
  temperature: 1
  posterior_exponentiation: tempered
  num_squash_vectors: 1
dataset:
  type: regression
  label: spiked_linear
  n_train: 512
  n_test: 200
  rank: 1
  n_features: 10000
  noise_std: 0.1
  ood_input_variance:
  - 1.0
seed: 0
optimization:
  learning_rate: 0.0001
  batch_size: 2056
  epochs: 30000
model:
  type: mlp
  hidden_layers:
  - 64
  - 64
  prior_std: 0.33
  ff: None
  ff_amplitudes: false

Using device: cuda
[2025-11-17 05:26:11,085][HYDRA] 	#214 : posterior=sbvi posterior.num_samples=4 optimization.epochs=30000 posterior.temperature=1 seed=0 optimization.learning_rate=0.0001 dataset=spiked_linear dataset.n_train=512 dataset.n_features=10000 posterior.num_squash_vectors=4
Config:
posterior:
  type: sbvi
  weight_variance_init: 1
  bias_variance_init: 1
  num_samples: 4
  temperature: 1
  posterior_exponentiation: tempered
  num_squash_vectors: 4
dataset:
  type: regression
  label: spiked_linear
  n_train: 512
  n_test: 200
  rank: 1
  n_features: 10000
  noise_std: 0.1
  ood_input_variance:
  - 1.0
seed: 0
optimization:
  learning_rate: 0.0001
  batch_size: 2056
  epochs: 30000
model:
  type: mlp
  hidden_layers:
  - 64
  - 64
  prior_std: 0.33
  ff: None
  ff_amplitudes: false

Using device: cuda
[2025-11-17 05:26:11,224][HYDRA] 	#215 : posterior=sbvi posterior.num_samples=4 optimization.epochs=30000 posterior.temperature=1 seed=0 optimization.learning_rate=0.0001 dataset=spiked_linear dataset.n_train=512 dataset.n_features=10000 posterior.num_squash_vectors=16
Config:
posterior:
  type: sbvi
  weight_variance_init: 1
  bias_variance_init: 1
  num_samples: 4
  temperature: 1
  posterior_exponentiation: tempered
  num_squash_vectors: 16
dataset:
  type: regression
  label: spiked_linear
  n_train: 512
  n_test: 200
  rank: 1
  n_features: 10000
  noise_std: 0.1
  ood_input_variance:
  - 1.0
seed: 0
optimization:
  learning_rate: 0.0001
  batch_size: 2056
  epochs: 30000
model:
  type: mlp
  hidden_layers:
  - 64
  - 64
  prior_std: 0.33
  ff: None
  ff_amplitudes: false

Using device: cuda
[2025-11-17 05:26:11,367][HYDRA] 	#216 : posterior=sbvi posterior.num_samples=4 optimization.epochs=30000 posterior.temperature=0.001 seed=0 optimization.learning_rate=0.0003 dataset=spiked_linear dataset.n_train=4 dataset.n_features=1 posterior.num_squash_vectors=1
Config:
posterior:
  type: sbvi
  weight_variance_init: 1
  bias_variance_init: 1
  num_samples: 4
  temperature: 0.001
  posterior_exponentiation: tempered
  num_squash_vectors: 1
dataset:
  type: regression
  label: spiked_linear
  n_train: 4
  n_test: 200
  rank: 1
  n_features: 1
  noise_std: 0.1
  ood_input_variance:
  - 1.0
seed: 0
optimization:
  learning_rate: 0.0003
  batch_size: 2056
  epochs: 30000
model:
  type: mlp
  hidden_layers:
  - 64
  - 64
  prior_std: 0.33
  ff: None
  ff_amplitudes: false

Using device: cuda
[2025-11-17 05:26:11,533][HYDRA] 	#217 : posterior=sbvi posterior.num_samples=4 optimization.epochs=30000 posterior.temperature=0.001 seed=0 optimization.learning_rate=0.0003 dataset=spiked_linear dataset.n_train=4 dataset.n_features=1 posterior.num_squash_vectors=4
Config:
posterior:
  type: sbvi
  weight_variance_init: 1
  bias_variance_init: 1
  num_samples: 4
  temperature: 0.001
  posterior_exponentiation: tempered
  num_squash_vectors: 4
dataset:
  type: regression
  label: spiked_linear
  n_train: 4
  n_test: 200
  rank: 1
  n_features: 1
  noise_std: 0.1
  ood_input_variance:
  - 1.0
seed: 0
optimization:
  learning_rate: 0.0003
  batch_size: 2056
  epochs: 30000
model:
  type: mlp
  hidden_layers:
  - 64
  - 64
  prior_std: 0.33
  ff: None
  ff_amplitudes: false

Using device: cuda
[2025-11-17 05:26:11,685][HYDRA] 	#218 : posterior=sbvi posterior.num_samples=4 optimization.epochs=30000 posterior.temperature=0.001 seed=0 optimization.learning_rate=0.0003 dataset=spiked_linear dataset.n_train=4 dataset.n_features=1 posterior.num_squash_vectors=16
Config:
posterior:
  type: sbvi
  weight_variance_init: 1
  bias_variance_init: 1
  num_samples: 4
  temperature: 0.001
  posterior_exponentiation: tempered
  num_squash_vectors: 16
dataset:
  type: regression
  label: spiked_linear
  n_train: 4
  n_test: 200
  rank: 1
  n_features: 1
  noise_std: 0.1
  ood_input_variance:
  - 1.0
seed: 0
optimization:
  learning_rate: 0.0003
  batch_size: 2056
  epochs: 30000
model:
  type: mlp
  hidden_layers:
  - 64
  - 64
  prior_std: 0.33
  ff: None
  ff_amplitudes: false

Using device: cuda
[2025-11-17 05:26:12,010][HYDRA] 	#219 : posterior=sbvi posterior.num_samples=4 optimization.epochs=30000 posterior.temperature=0.001 seed=0 optimization.learning_rate=0.0003 dataset=spiked_linear dataset.n_train=4 dataset.n_features=500 posterior.num_squash_vectors=1
Config:
posterior:
  type: sbvi
  weight_variance_init: 1
  bias_variance_init: 1
  num_samples: 4
  temperature: 0.001
  posterior_exponentiation: tempered
  num_squash_vectors: 1
dataset:
  type: regression
  label: spiked_linear
  n_train: 4
  n_test: 200
  rank: 1
  n_features: 500
  noise_std: 0.1
  ood_input_variance:
  - 1.0
seed: 0
optimization:
  learning_rate: 0.0003
  batch_size: 2056
  epochs: 30000
model:
  type: mlp
  hidden_layers:
  - 64
  - 64
  prior_std: 0.33
  ff: None
  ff_amplitudes: false

Using device: cuda
[2025-11-17 05:26:12,162][HYDRA] 	#220 : posterior=sbvi posterior.num_samples=4 optimization.epochs=30000 posterior.temperature=0.001 seed=0 optimization.learning_rate=0.0003 dataset=spiked_linear dataset.n_train=4 dataset.n_features=500 posterior.num_squash_vectors=4
Config:
posterior:
  type: sbvi
  weight_variance_init: 1
  bias_variance_init: 1
  num_samples: 4
  temperature: 0.001
  posterior_exponentiation: tempered
  num_squash_vectors: 4
dataset:
  type: regression
  label: spiked_linear
  n_train: 4
  n_test: 200
  rank: 1
  n_features: 500
  noise_std: 0.1
  ood_input_variance:
  - 1.0
seed: 0
optimization:
  learning_rate: 0.0003
  batch_size: 2056
  epochs: 30000
model:
  type: mlp
  hidden_layers:
  - 64
  - 64
  prior_std: 0.33
  ff: None
  ff_amplitudes: false

Using device: cuda
[2025-11-17 05:26:12,278][HYDRA] 	#221 : posterior=sbvi posterior.num_samples=4 optimization.epochs=30000 posterior.temperature=0.001 seed=0 optimization.learning_rate=0.0003 dataset=spiked_linear dataset.n_train=4 dataset.n_features=500 posterior.num_squash_vectors=16
Config:
posterior:
  type: sbvi
  weight_variance_init: 1
  bias_variance_init: 1
  num_samples: 4
  temperature: 0.001
  posterior_exponentiation: tempered
  num_squash_vectors: 16
dataset:
  type: regression
  label: spiked_linear
  n_train: 4
  n_test: 200
  rank: 1
  n_features: 500
  noise_std: 0.1
  ood_input_variance:
  - 1.0
seed: 0
optimization:
  learning_rate: 0.0003
  batch_size: 2056
  epochs: 30000
model:
  type: mlp
  hidden_layers:
  - 64
  - 64
  prior_std: 0.33
  ff: None
  ff_amplitudes: false

Using device: cuda
[2025-11-17 05:26:12,447][HYDRA] 	#222 : posterior=sbvi posterior.num_samples=4 optimization.epochs=30000 posterior.temperature=0.001 seed=0 optimization.learning_rate=0.0003 dataset=spiked_linear dataset.n_train=4 dataset.n_features=10000 posterior.num_squash_vectors=1
Config:
posterior:
  type: sbvi
  weight_variance_init: 1
  bias_variance_init: 1
  num_samples: 4
  temperature: 0.001
  posterior_exponentiation: tempered
  num_squash_vectors: 1
dataset:
  type: regression
  label: spiked_linear
  n_train: 4
  n_test: 200
  rank: 1
  n_features: 10000
  noise_std: 0.1
  ood_input_variance:
  - 1.0
seed: 0
optimization:
  learning_rate: 0.0003
  batch_size: 2056
  epochs: 30000
model:
  type: mlp
  hidden_layers:
  - 64
  - 64
  prior_std: 0.33
  ff: None
  ff_amplitudes: false

Using device: cuda
[2025-11-17 05:26:12,625][HYDRA] 	#223 : posterior=sbvi posterior.num_samples=4 optimization.epochs=30000 posterior.temperature=0.001 seed=0 optimization.learning_rate=0.0003 dataset=spiked_linear dataset.n_train=4 dataset.n_features=10000 posterior.num_squash_vectors=4
Config:
posterior:
  type: sbvi
  weight_variance_init: 1
  bias_variance_init: 1
  num_samples: 4
  temperature: 0.001
  posterior_exponentiation: tempered
  num_squash_vectors: 4
dataset:
  type: regression
  label: spiked_linear
  n_train: 4
  n_test: 200
  rank: 1
  n_features: 10000
  noise_std: 0.1
  ood_input_variance:
  - 1.0
seed: 0
optimization:
  learning_rate: 0.0003
  batch_size: 2056
  epochs: 30000
model:
  type: mlp
  hidden_layers:
  - 64
  - 64
  prior_std: 0.33
  ff: None
  ff_amplitudes: false

Using device: cuda
[2025-11-17 05:26:12,769][HYDRA] 	#224 : posterior=sbvi posterior.num_samples=4 optimization.epochs=30000 posterior.temperature=0.001 seed=0 optimization.learning_rate=0.0003 dataset=spiked_linear dataset.n_train=4 dataset.n_features=10000 posterior.num_squash_vectors=16
Config:
posterior:
  type: sbvi
  weight_variance_init: 1
  bias_variance_init: 1
  num_samples: 4
  temperature: 0.001
  posterior_exponentiation: tempered
  num_squash_vectors: 16
dataset:
  type: regression
  label: spiked_linear
  n_train: 4
  n_test: 200
  rank: 1
  n_features: 10000
  noise_std: 0.1
  ood_input_variance:
  - 1.0
seed: 0
optimization:
  learning_rate: 0.0003
  batch_size: 2056
  epochs: 30000
model:
  type: mlp
  hidden_layers:
  - 64
  - 64
  prior_std: 0.33
  ff: None
  ff_amplitudes: false

Using device: cuda
[2025-11-17 05:26:12,918][HYDRA] 	#225 : posterior=sbvi posterior.num_samples=4 optimization.epochs=30000 posterior.temperature=0.001 seed=0 optimization.learning_rate=0.0003 dataset=spiked_linear dataset.n_train=64 dataset.n_features=1 posterior.num_squash_vectors=1
Config:
posterior:
  type: sbvi
  weight_variance_init: 1
  bias_variance_init: 1
  num_samples: 4
  temperature: 0.001
  posterior_exponentiation: tempered
  num_squash_vectors: 1
dataset:
  type: regression
  label: spiked_linear
  n_train: 64
  n_test: 200
  rank: 1
  n_features: 1
  noise_std: 0.1
  ood_input_variance:
  - 1.0
seed: 0
optimization:
  learning_rate: 0.0003
  batch_size: 2056
  epochs: 30000
model:
  type: mlp
  hidden_layers:
  - 64
  - 64
  prior_std: 0.33
  ff: None
  ff_amplitudes: false

Using device: cuda
[2025-11-17 05:26:13,083][HYDRA] 	#226 : posterior=sbvi posterior.num_samples=4 optimization.epochs=30000 posterior.temperature=0.001 seed=0 optimization.learning_rate=0.0003 dataset=spiked_linear dataset.n_train=64 dataset.n_features=1 posterior.num_squash_vectors=4
Config:
posterior:
  type: sbvi
  weight_variance_init: 1
  bias_variance_init: 1
  num_samples: 4
  temperature: 0.001
  posterior_exponentiation: tempered
  num_squash_vectors: 4
dataset:
  type: regression
  label: spiked_linear
  n_train: 64
  n_test: 200
  rank: 1
  n_features: 1
  noise_std: 0.1
  ood_input_variance:
  - 1.0
seed: 0
optimization:
  learning_rate: 0.0003
  batch_size: 2056
  epochs: 30000
model:
  type: mlp
  hidden_layers:
  - 64
  - 64
  prior_std: 0.33
  ff: None
  ff_amplitudes: false

Using device: cuda
[2025-11-17 05:26:13,236][HYDRA] 	#227 : posterior=sbvi posterior.num_samples=4 optimization.epochs=30000 posterior.temperature=0.001 seed=0 optimization.learning_rate=0.0003 dataset=spiked_linear dataset.n_train=64 dataset.n_features=1 posterior.num_squash_vectors=16
Config:
posterior:
  type: sbvi
  weight_variance_init: 1
  bias_variance_init: 1
  num_samples: 4
  temperature: 0.001
  posterior_exponentiation: tempered
  num_squash_vectors: 16
dataset:
  type: regression
  label: spiked_linear
  n_train: 64
  n_test: 200
  rank: 1
  n_features: 1
  noise_std: 0.1
  ood_input_variance:
  - 1.0
seed: 0
optimization:
  learning_rate: 0.0003
  batch_size: 2056
  epochs: 30000
model:
  type: mlp
  hidden_layers:
  - 64
  - 64
  prior_std: 0.33
  ff: None
  ff_amplitudes: false

Using device: cuda
[2025-11-17 05:26:13,362][HYDRA] 	#228 : posterior=sbvi posterior.num_samples=4 optimization.epochs=30000 posterior.temperature=0.001 seed=0 optimization.learning_rate=0.0003 dataset=spiked_linear dataset.n_train=64 dataset.n_features=500 posterior.num_squash_vectors=1
Config:
posterior:
  type: sbvi
  weight_variance_init: 1
  bias_variance_init: 1
  num_samples: 4
  temperature: 0.001
  posterior_exponentiation: tempered
  num_squash_vectors: 1
dataset:
  type: regression
  label: spiked_linear
  n_train: 64
  n_test: 200
  rank: 1
  n_features: 500
  noise_std: 0.1
  ood_input_variance:
  - 1.0
seed: 0
optimization:
  learning_rate: 0.0003
  batch_size: 2056
  epochs: 30000
model:
  type: mlp
  hidden_layers:
  - 64
  - 64
  prior_std: 0.33
  ff: None
  ff_amplitudes: false

Using device: cuda
[2025-11-17 05:26:13,482][HYDRA] 	#229 : posterior=sbvi posterior.num_samples=4 optimization.epochs=30000 posterior.temperature=0.001 seed=0 optimization.learning_rate=0.0003 dataset=spiked_linear dataset.n_train=64 dataset.n_features=500 posterior.num_squash_vectors=4
Config:
posterior:
  type: sbvi
  weight_variance_init: 1
  bias_variance_init: 1
  num_samples: 4
  temperature: 0.001
  posterior_exponentiation: tempered
  num_squash_vectors: 4
dataset:
  type: regression
  label: spiked_linear
  n_train: 64
  n_test: 200
  rank: 1
  n_features: 500
  noise_std: 0.1
  ood_input_variance:
  - 1.0
seed: 0
optimization:
  learning_rate: 0.0003
  batch_size: 2056
  epochs: 30000
model:
  type: mlp
  hidden_layers:
  - 64
  - 64
  prior_std: 0.33
  ff: None
  ff_amplitudes: false

Using device: cuda
[2025-11-17 05:26:13,642][HYDRA] 	#230 : posterior=sbvi posterior.num_samples=4 optimization.epochs=30000 posterior.temperature=0.001 seed=0 optimization.learning_rate=0.0003 dataset=spiked_linear dataset.n_train=64 dataset.n_features=500 posterior.num_squash_vectors=16
Config:
posterior:
  type: sbvi
  weight_variance_init: 1
  bias_variance_init: 1
  num_samples: 4
  temperature: 0.001
  posterior_exponentiation: tempered
  num_squash_vectors: 16
dataset:
  type: regression
  label: spiked_linear
  n_train: 64
  n_test: 200
  rank: 1
  n_features: 500
  noise_std: 0.1
  ood_input_variance:
  - 1.0
seed: 0
optimization:
  learning_rate: 0.0003
  batch_size: 2056
  epochs: 30000
model:
  type: mlp
  hidden_layers:
  - 64
  - 64
  prior_std: 0.33
  ff: None
  ff_amplitudes: false

Using device: cuda
[2025-11-17 05:26:13,832][HYDRA] 	#231 : posterior=sbvi posterior.num_samples=4 optimization.epochs=30000 posterior.temperature=0.001 seed=0 optimization.learning_rate=0.0003 dataset=spiked_linear dataset.n_train=64 dataset.n_features=10000 posterior.num_squash_vectors=1
Config:
posterior:
  type: sbvi
  weight_variance_init: 1
  bias_variance_init: 1
  num_samples: 4
  temperature: 0.001
  posterior_exponentiation: tempered
  num_squash_vectors: 1
dataset:
  type: regression
  label: spiked_linear
  n_train: 64
  n_test: 200
  rank: 1
  n_features: 10000
  noise_std: 0.1
  ood_input_variance:
  - 1.0
seed: 0
optimization:
  learning_rate: 0.0003
  batch_size: 2056
  epochs: 30000
model:
  type: mlp
  hidden_layers:
  - 64
  - 64
  prior_std: 0.33
  ff: None
  ff_amplitudes: false

Using device: cuda
[2025-11-17 05:26:13,968][HYDRA] 	#232 : posterior=sbvi posterior.num_samples=4 optimization.epochs=30000 posterior.temperature=0.001 seed=0 optimization.learning_rate=0.0003 dataset=spiked_linear dataset.n_train=64 dataset.n_features=10000 posterior.num_squash_vectors=4
Config:
posterior:
  type: sbvi
  weight_variance_init: 1
  bias_variance_init: 1
  num_samples: 4
  temperature: 0.001
  posterior_exponentiation: tempered
  num_squash_vectors: 4
dataset:
  type: regression
  label: spiked_linear
  n_train: 64
  n_test: 200
  rank: 1
  n_features: 10000
  noise_std: 0.1
  ood_input_variance:
  - 1.0
seed: 0
optimization:
  learning_rate: 0.0003
  batch_size: 2056
  epochs: 30000
model:
  type: mlp
  hidden_layers:
  - 64
  - 64
  prior_std: 0.33
  ff: None
  ff_amplitudes: false

Using device: cuda
[2025-11-17 05:26:14,104][HYDRA] 	#233 : posterior=sbvi posterior.num_samples=4 optimization.epochs=30000 posterior.temperature=0.001 seed=0 optimization.learning_rate=0.0003 dataset=spiked_linear dataset.n_train=64 dataset.n_features=10000 posterior.num_squash_vectors=16
Config:
posterior:
  type: sbvi
  weight_variance_init: 1
  bias_variance_init: 1
  num_samples: 4
  temperature: 0.001
  posterior_exponentiation: tempered
  num_squash_vectors: 16
dataset:
  type: regression
  label: spiked_linear
  n_train: 64
  n_test: 200
  rank: 1
  n_features: 10000
  noise_std: 0.1
  ood_input_variance:
  - 1.0
seed: 0
optimization:
  learning_rate: 0.0003
  batch_size: 2056
  epochs: 30000
model:
  type: mlp
  hidden_layers:
  - 64
  - 64
  prior_std: 0.33
  ff: None
  ff_amplitudes: false

Using device: cuda
[2025-11-17 05:26:14,249][HYDRA] 	#234 : posterior=sbvi posterior.num_samples=4 optimization.epochs=30000 posterior.temperature=0.001 seed=0 optimization.learning_rate=0.0003 dataset=spiked_linear dataset.n_train=512 dataset.n_features=1 posterior.num_squash_vectors=1
Config:
posterior:
  type: sbvi
  weight_variance_init: 1
  bias_variance_init: 1
  num_samples: 4
  temperature: 0.001
  posterior_exponentiation: tempered
  num_squash_vectors: 1
dataset:
  type: regression
  label: spiked_linear
  n_train: 512
  n_test: 200
  rank: 1
  n_features: 1
  noise_std: 0.1
  ood_input_variance:
  - 1.0
seed: 0
optimization:
  learning_rate: 0.0003
  batch_size: 2056
  epochs: 30000
model:
  type: mlp
  hidden_layers:
  - 64
  - 64
  prior_std: 0.33
  ff: None
  ff_amplitudes: false

Using device: cuda
[2025-11-17 05:26:14,462][HYDRA] 	#235 : posterior=sbvi posterior.num_samples=4 optimization.epochs=30000 posterior.temperature=0.001 seed=0 optimization.learning_rate=0.0003 dataset=spiked_linear dataset.n_train=512 dataset.n_features=1 posterior.num_squash_vectors=4
Config:
posterior:
  type: sbvi
  weight_variance_init: 1
  bias_variance_init: 1
  num_samples: 4
  temperature: 0.001
  posterior_exponentiation: tempered
  num_squash_vectors: 4
dataset:
  type: regression
  label: spiked_linear
  n_train: 512
  n_test: 200
  rank: 1
  n_features: 1
  noise_std: 0.1
  ood_input_variance:
  - 1.0
seed: 0
optimization:
  learning_rate: 0.0003
  batch_size: 2056
  epochs: 30000
model:
  type: mlp
  hidden_layers:
  - 64
  - 64
  prior_std: 0.33
  ff: None
  ff_amplitudes: false

Using device: cuda
[2025-11-17 05:26:14,668][HYDRA] 	#236 : posterior=sbvi posterior.num_samples=4 optimization.epochs=30000 posterior.temperature=0.001 seed=0 optimization.learning_rate=0.0003 dataset=spiked_linear dataset.n_train=512 dataset.n_features=1 posterior.num_squash_vectors=16
Config:
posterior:
  type: sbvi
  weight_variance_init: 1
  bias_variance_init: 1
  num_samples: 4
  temperature: 0.001
  posterior_exponentiation: tempered
  num_squash_vectors: 16
dataset:
  type: regression
  label: spiked_linear
  n_train: 512
  n_test: 200
  rank: 1
  n_features: 1
  noise_std: 0.1
  ood_input_variance:
  - 1.0
seed: 0
optimization:
  learning_rate: 0.0003
  batch_size: 2056
  epochs: 30000
model:
  type: mlp
  hidden_layers:
  - 64
  - 64
  prior_std: 0.33
  ff: None
  ff_amplitudes: false

Using device: cuda
[2025-11-17 05:26:14,876][HYDRA] 	#237 : posterior=sbvi posterior.num_samples=4 optimization.epochs=30000 posterior.temperature=0.001 seed=0 optimization.learning_rate=0.0003 dataset=spiked_linear dataset.n_train=512 dataset.n_features=500 posterior.num_squash_vectors=1
Config:
posterior:
  type: sbvi
  weight_variance_init: 1
  bias_variance_init: 1
  num_samples: 4
  temperature: 0.001
  posterior_exponentiation: tempered
  num_squash_vectors: 1
dataset:
  type: regression
  label: spiked_linear
  n_train: 512
  n_test: 200
  rank: 1
  n_features: 500
  noise_std: 0.1
  ood_input_variance:
  - 1.0
seed: 0
optimization:
  learning_rate: 0.0003
  batch_size: 2056
  epochs: 30000
model:
  type: mlp
  hidden_layers:
  - 64
  - 64
  prior_std: 0.33
  ff: None
  ff_amplitudes: false

Using device: cuda
[2025-11-17 05:26:15,066][HYDRA] 	#238 : posterior=sbvi posterior.num_samples=4 optimization.epochs=30000 posterior.temperature=0.001 seed=0 optimization.learning_rate=0.0003 dataset=spiked_linear dataset.n_train=512 dataset.n_features=500 posterior.num_squash_vectors=4
Config:
posterior:
  type: sbvi
  weight_variance_init: 1
  bias_variance_init: 1
  num_samples: 4
  temperature: 0.001
  posterior_exponentiation: tempered
  num_squash_vectors: 4
dataset:
  type: regression
  label: spiked_linear
  n_train: 512
  n_test: 200
  rank: 1
  n_features: 500
  noise_std: 0.1
  ood_input_variance:
  - 1.0
seed: 0
optimization:
  learning_rate: 0.0003
  batch_size: 2056
  epochs: 30000
model:
  type: mlp
  hidden_layers:
  - 64
  - 64
  prior_std: 0.33
  ff: None
  ff_amplitudes: false

Using device: cuda
[2025-11-17 05:26:15,222][HYDRA] 	#239 : posterior=sbvi posterior.num_samples=4 optimization.epochs=30000 posterior.temperature=0.001 seed=0 optimization.learning_rate=0.0003 dataset=spiked_linear dataset.n_train=512 dataset.n_features=500 posterior.num_squash_vectors=16
Config:
posterior:
  type: sbvi
  weight_variance_init: 1
  bias_variance_init: 1
  num_samples: 4
  temperature: 0.001
  posterior_exponentiation: tempered
  num_squash_vectors: 16
dataset:
  type: regression
  label: spiked_linear
  n_train: 512
  n_test: 200
  rank: 1
  n_features: 500
  noise_std: 0.1
  ood_input_variance:
  - 1.0
seed: 0
optimization:
  learning_rate: 0.0003
  batch_size: 2056
  epochs: 30000
model:
  type: mlp
  hidden_layers:
  - 64
  - 64
  prior_std: 0.33
  ff: None
  ff_amplitudes: false

Using device: cuda
[2025-11-17 05:26:15,378][HYDRA] 	#240 : posterior=sbvi posterior.num_samples=4 optimization.epochs=30000 posterior.temperature=0.001 seed=0 optimization.learning_rate=0.0003 dataset=spiked_linear dataset.n_train=512 dataset.n_features=10000 posterior.num_squash_vectors=1
Config:
posterior:
  type: sbvi
  weight_variance_init: 1
  bias_variance_init: 1
  num_samples: 4
  temperature: 0.001
  posterior_exponentiation: tempered
  num_squash_vectors: 1
dataset:
  type: regression
  label: spiked_linear
  n_train: 512
  n_test: 200
  rank: 1
  n_features: 10000
  noise_std: 0.1
  ood_input_variance:
  - 1.0
seed: 0
optimization:
  learning_rate: 0.0003
  batch_size: 2056
  epochs: 30000
model:
  type: mlp
  hidden_layers:
  - 64
  - 64
  prior_std: 0.33
  ff: None
  ff_amplitudes: false

Using device: cuda
[2025-11-17 05:26:15,543][HYDRA] 	#241 : posterior=sbvi posterior.num_samples=4 optimization.epochs=30000 posterior.temperature=0.001 seed=0 optimization.learning_rate=0.0003 dataset=spiked_linear dataset.n_train=512 dataset.n_features=10000 posterior.num_squash_vectors=4
Config:
posterior:
  type: sbvi
  weight_variance_init: 1
  bias_variance_init: 1
  num_samples: 4
  temperature: 0.001
  posterior_exponentiation: tempered
  num_squash_vectors: 4
dataset:
  type: regression
  label: spiked_linear
  n_train: 512
  n_test: 200
  rank: 1
  n_features: 10000
  noise_std: 0.1
  ood_input_variance:
  - 1.0
seed: 0
optimization:
  learning_rate: 0.0003
  batch_size: 2056
  epochs: 30000
model:
  type: mlp
  hidden_layers:
  - 64
  - 64
  prior_std: 0.33
  ff: None
  ff_amplitudes: false

Using device: cuda
[2025-11-17 05:26:15,745][HYDRA] 	#242 : posterior=sbvi posterior.num_samples=4 optimization.epochs=30000 posterior.temperature=0.001 seed=0 optimization.learning_rate=0.0003 dataset=spiked_linear dataset.n_train=512 dataset.n_features=10000 posterior.num_squash_vectors=16
Config:
posterior:
  type: sbvi
  weight_variance_init: 1
  bias_variance_init: 1
  num_samples: 4
  temperature: 0.001
  posterior_exponentiation: tempered
  num_squash_vectors: 16
dataset:
  type: regression
  label: spiked_linear
  n_train: 512
  n_test: 200
  rank: 1
  n_features: 10000
  noise_std: 0.1
  ood_input_variance:
  - 1.0
seed: 0
optimization:
  learning_rate: 0.0003
  batch_size: 2056
  epochs: 30000
model:
  type: mlp
  hidden_layers:
  - 64
  - 64
  prior_std: 0.33
  ff: None
  ff_amplitudes: false

Using device: cuda
[2025-11-17 05:26:15,921][HYDRA] 	#243 : posterior=sbvi posterior.num_samples=4 optimization.epochs=30000 posterior.temperature=0.001 seed=0 optimization.learning_rate=0.0001 dataset=spiked_linear dataset.n_train=4 dataset.n_features=1 posterior.num_squash_vectors=1
Config:
posterior:
  type: sbvi
  weight_variance_init: 1
  bias_variance_init: 1
  num_samples: 4
  temperature: 0.001
  posterior_exponentiation: tempered
  num_squash_vectors: 1
dataset:
  type: regression
  label: spiked_linear
  n_train: 4
  n_test: 200
  rank: 1
  n_features: 1
  noise_std: 0.1
  ood_input_variance:
  - 1.0
seed: 0
optimization:
  learning_rate: 0.0001
  batch_size: 2056
  epochs: 30000
model:
  type: mlp
  hidden_layers:
  - 64
  - 64
  prior_std: 0.33
  ff: None
  ff_amplitudes: false

Using device: cuda
[2025-11-17 05:26:16,063][HYDRA] 	#244 : posterior=sbvi posterior.num_samples=4 optimization.epochs=30000 posterior.temperature=0.001 seed=0 optimization.learning_rate=0.0001 dataset=spiked_linear dataset.n_train=4 dataset.n_features=1 posterior.num_squash_vectors=4
Config:
posterior:
  type: sbvi
  weight_variance_init: 1
  bias_variance_init: 1
  num_samples: 4
  temperature: 0.001
  posterior_exponentiation: tempered
  num_squash_vectors: 4
dataset:
  type: regression
  label: spiked_linear
  n_train: 4
  n_test: 200
  rank: 1
  n_features: 1
  noise_std: 0.1
  ood_input_variance:
  - 1.0
seed: 0
optimization:
  learning_rate: 0.0001
  batch_size: 2056
  epochs: 30000
model:
  type: mlp
  hidden_layers:
  - 64
  - 64
  prior_std: 0.33
  ff: None
  ff_amplitudes: false

Using device: cuda
[2025-11-17 05:26:16,213][HYDRA] 	#245 : posterior=sbvi posterior.num_samples=4 optimization.epochs=30000 posterior.temperature=0.001 seed=0 optimization.learning_rate=0.0001 dataset=spiked_linear dataset.n_train=4 dataset.n_features=1 posterior.num_squash_vectors=16
Config:
posterior:
  type: sbvi
  weight_variance_init: 1
  bias_variance_init: 1
  num_samples: 4
  temperature: 0.001
  posterior_exponentiation: tempered
  num_squash_vectors: 16
dataset:
  type: regression
  label: spiked_linear
  n_train: 4
  n_test: 200
  rank: 1
  n_features: 1
  noise_std: 0.1
  ood_input_variance:
  - 1.0
seed: 0
optimization:
  learning_rate: 0.0001
  batch_size: 2056
  epochs: 30000
model:
  type: mlp
  hidden_layers:
  - 64
  - 64
  prior_std: 0.33
  ff: None
  ff_amplitudes: false

Using device: cuda
[2025-11-17 05:26:16,411][HYDRA] 	#246 : posterior=sbvi posterior.num_samples=4 optimization.epochs=30000 posterior.temperature=0.001 seed=0 optimization.learning_rate=0.0001 dataset=spiked_linear dataset.n_train=4 dataset.n_features=500 posterior.num_squash_vectors=1
Config:
posterior:
  type: sbvi
  weight_variance_init: 1
  bias_variance_init: 1
  num_samples: 4
  temperature: 0.001
  posterior_exponentiation: tempered
  num_squash_vectors: 1
dataset:
  type: regression
  label: spiked_linear
  n_train: 4
  n_test: 200
  rank: 1
  n_features: 500
  noise_std: 0.1
  ood_input_variance:
  - 1.0
seed: 0
optimization:
  learning_rate: 0.0001
  batch_size: 2056
  epochs: 30000
model:
  type: mlp
  hidden_layers:
  - 64
  - 64
  prior_std: 0.33
  ff: None
  ff_amplitudes: false

Using device: cuda
[2025-11-17 05:26:16,569][HYDRA] 	#247 : posterior=sbvi posterior.num_samples=4 optimization.epochs=30000 posterior.temperature=0.001 seed=0 optimization.learning_rate=0.0001 dataset=spiked_linear dataset.n_train=4 dataset.n_features=500 posterior.num_squash_vectors=4
Config:
posterior:
  type: sbvi
  weight_variance_init: 1
  bias_variance_init: 1
  num_samples: 4
  temperature: 0.001
  posterior_exponentiation: tempered
  num_squash_vectors: 4
dataset:
  type: regression
  label: spiked_linear
  n_train: 4
  n_test: 200
  rank: 1
  n_features: 500
  noise_std: 0.1
  ood_input_variance:
  - 1.0
seed: 0
optimization:
  learning_rate: 0.0001
  batch_size: 2056
  epochs: 30000
model:
  type: mlp
  hidden_layers:
  - 64
  - 64
  prior_std: 0.33
  ff: None
  ff_amplitudes: false

Using device: cuda
[2025-11-17 05:26:16,713][HYDRA] 	#248 : posterior=sbvi posterior.num_samples=4 optimization.epochs=30000 posterior.temperature=0.001 seed=0 optimization.learning_rate=0.0001 dataset=spiked_linear dataset.n_train=4 dataset.n_features=500 posterior.num_squash_vectors=16
Config:
posterior:
  type: sbvi
  weight_variance_init: 1
  bias_variance_init: 1
  num_samples: 4
  temperature: 0.001
  posterior_exponentiation: tempered
  num_squash_vectors: 16
dataset:
  type: regression
  label: spiked_linear
  n_train: 4
  n_test: 200
  rank: 1
  n_features: 500
  noise_std: 0.1
  ood_input_variance:
  - 1.0
seed: 0
optimization:
  learning_rate: 0.0001
  batch_size: 2056
  epochs: 30000
model:
  type: mlp
  hidden_layers:
  - 64
  - 64
  prior_std: 0.33
  ff: None
  ff_amplitudes: false

Using device: cuda
[2025-11-17 05:26:16,829][HYDRA] 	#249 : posterior=sbvi posterior.num_samples=4 optimization.epochs=30000 posterior.temperature=0.001 seed=0 optimization.learning_rate=0.0001 dataset=spiked_linear dataset.n_train=4 dataset.n_features=10000 posterior.num_squash_vectors=1
Config:
posterior:
  type: sbvi
  weight_variance_init: 1
  bias_variance_init: 1
  num_samples: 4
  temperature: 0.001
  posterior_exponentiation: tempered
  num_squash_vectors: 1
dataset:
  type: regression
  label: spiked_linear
  n_train: 4
  n_test: 200
  rank: 1
  n_features: 10000
  noise_std: 0.1
  ood_input_variance:
  - 1.0
seed: 0
optimization:
  learning_rate: 0.0001
  batch_size: 2056
  epochs: 30000
model:
  type: mlp
  hidden_layers:
  - 64
  - 64
  prior_std: 0.33
  ff: None
  ff_amplitudes: false

Using device: cuda
[2025-11-17 05:26:16,969][HYDRA] 	#250 : posterior=sbvi posterior.num_samples=4 optimization.epochs=30000 posterior.temperature=0.001 seed=0 optimization.learning_rate=0.0001 dataset=spiked_linear dataset.n_train=4 dataset.n_features=10000 posterior.num_squash_vectors=4
Config:
posterior:
  type: sbvi
  weight_variance_init: 1
  bias_variance_init: 1
  num_samples: 4
  temperature: 0.001
  posterior_exponentiation: tempered
  num_squash_vectors: 4
dataset:
  type: regression
  label: spiked_linear
  n_train: 4
  n_test: 200
  rank: 1
  n_features: 10000
  noise_std: 0.1
  ood_input_variance:
  - 1.0
seed: 0
optimization:
  learning_rate: 0.0001
  batch_size: 2056
  epochs: 30000
model:
  type: mlp
  hidden_layers:
  - 64
  - 64
  prior_std: 0.33
  ff: None
  ff_amplitudes: false

Using device: cuda
[2025-11-17 05:26:17,115][HYDRA] 	#251 : posterior=sbvi posterior.num_samples=4 optimization.epochs=30000 posterior.temperature=0.001 seed=0 optimization.learning_rate=0.0001 dataset=spiked_linear dataset.n_train=4 dataset.n_features=10000 posterior.num_squash_vectors=16
Config:
posterior:
  type: sbvi
  weight_variance_init: 1
  bias_variance_init: 1
  num_samples: 4
  temperature: 0.001
  posterior_exponentiation: tempered
  num_squash_vectors: 16
dataset:
  type: regression
  label: spiked_linear
  n_train: 4
  n_test: 200
  rank: 1
  n_features: 10000
  noise_std: 0.1
  ood_input_variance:
  - 1.0
seed: 0
optimization:
  learning_rate: 0.0001
  batch_size: 2056
  epochs: 30000
model:
  type: mlp
  hidden_layers:
  - 64
  - 64
  prior_std: 0.33
  ff: None
  ff_amplitudes: false

Using device: cuda
[2025-11-17 05:26:17,298][HYDRA] 	#252 : posterior=sbvi posterior.num_samples=4 optimization.epochs=30000 posterior.temperature=0.001 seed=0 optimization.learning_rate=0.0001 dataset=spiked_linear dataset.n_train=64 dataset.n_features=1 posterior.num_squash_vectors=1
Config:
posterior:
  type: sbvi
  weight_variance_init: 1
  bias_variance_init: 1
  num_samples: 4
  temperature: 0.001
  posterior_exponentiation: tempered
  num_squash_vectors: 1
dataset:
  type: regression
  label: spiked_linear
  n_train: 64
  n_test: 200
  rank: 1
  n_features: 1
  noise_std: 0.1
  ood_input_variance:
  - 1.0
seed: 0
optimization:
  learning_rate: 0.0001
  batch_size: 2056
  epochs: 30000
model:
  type: mlp
  hidden_layers:
  - 64
  - 64
  prior_std: 0.33
  ff: None
  ff_amplitudes: false

Using device: cuda
[2025-11-17 05:26:17,456][HYDRA] 	#253 : posterior=sbvi posterior.num_samples=4 optimization.epochs=30000 posterior.temperature=0.001 seed=0 optimization.learning_rate=0.0001 dataset=spiked_linear dataset.n_train=64 dataset.n_features=1 posterior.num_squash_vectors=4
Config:
posterior:
  type: sbvi
  weight_variance_init: 1
  bias_variance_init: 1
  num_samples: 4
  temperature: 0.001
  posterior_exponentiation: tempered
  num_squash_vectors: 4
dataset:
  type: regression
  label: spiked_linear
  n_train: 64
  n_test: 200
  rank: 1
  n_features: 1
  noise_std: 0.1
  ood_input_variance:
  - 1.0
seed: 0
optimization:
  learning_rate: 0.0001
  batch_size: 2056
  epochs: 30000
model:
  type: mlp
  hidden_layers:
  - 64
  - 64
  prior_std: 0.33
  ff: None
  ff_amplitudes: false

Using device: cuda
[2025-11-17 05:26:17,601][HYDRA] 	#254 : posterior=sbvi posterior.num_samples=4 optimization.epochs=30000 posterior.temperature=0.001 seed=0 optimization.learning_rate=0.0001 dataset=spiked_linear dataset.n_train=64 dataset.n_features=1 posterior.num_squash_vectors=16
Config:
posterior:
  type: sbvi
  weight_variance_init: 1
  bias_variance_init: 1
  num_samples: 4
  temperature: 0.001
  posterior_exponentiation: tempered
  num_squash_vectors: 16
dataset:
  type: regression
  label: spiked_linear
  n_train: 64
  n_test: 200
  rank: 1
  n_features: 1
  noise_std: 0.1
  ood_input_variance:
  - 1.0
seed: 0
optimization:
  learning_rate: 0.0001
  batch_size: 2056
  epochs: 30000
model:
  type: mlp
  hidden_layers:
  - 64
  - 64
  prior_std: 0.33
  ff: None
  ff_amplitudes: false

Using device: cuda
[2025-11-17 05:26:17,763][HYDRA] 	#255 : posterior=sbvi posterior.num_samples=4 optimization.epochs=30000 posterior.temperature=0.001 seed=0 optimization.learning_rate=0.0001 dataset=spiked_linear dataset.n_train=64 dataset.n_features=500 posterior.num_squash_vectors=1
Config:
posterior:
  type: sbvi
  weight_variance_init: 1
  bias_variance_init: 1
  num_samples: 4
  temperature: 0.001
  posterior_exponentiation: tempered
  num_squash_vectors: 1
dataset:
  type: regression
  label: spiked_linear
  n_train: 64
  n_test: 200
  rank: 1
  n_features: 500
  noise_std: 0.1
  ood_input_variance:
  - 1.0
seed: 0
optimization:
  learning_rate: 0.0001
  batch_size: 2056
  epochs: 30000
model:
  type: mlp
  hidden_layers:
  - 64
  - 64
  prior_std: 0.33
  ff: None
  ff_amplitudes: false

Using device: cuda
[2025-11-17 05:26:17,908][HYDRA] 	#256 : posterior=sbvi posterior.num_samples=4 optimization.epochs=30000 posterior.temperature=0.001 seed=0 optimization.learning_rate=0.0001 dataset=spiked_linear dataset.n_train=64 dataset.n_features=500 posterior.num_squash_vectors=4
Config:
posterior:
  type: sbvi
  weight_variance_init: 1
  bias_variance_init: 1
  num_samples: 4
  temperature: 0.001
  posterior_exponentiation: tempered
  num_squash_vectors: 4
dataset:
  type: regression
  label: spiked_linear
  n_train: 64
  n_test: 200
  rank: 1
  n_features: 500
  noise_std: 0.1
  ood_input_variance:
  - 1.0
seed: 0
optimization:
  learning_rate: 0.0001
  batch_size: 2056
  epochs: 30000
model:
  type: mlp
  hidden_layers:
  - 64
  - 64
  prior_std: 0.33
  ff: None
  ff_amplitudes: false

Using device: cuda
[2025-11-17 05:26:18,058][HYDRA] 	#257 : posterior=sbvi posterior.num_samples=4 optimization.epochs=30000 posterior.temperature=0.001 seed=0 optimization.learning_rate=0.0001 dataset=spiked_linear dataset.n_train=64 dataset.n_features=500 posterior.num_squash_vectors=16
Config:
posterior:
  type: sbvi
  weight_variance_init: 1
  bias_variance_init: 1
  num_samples: 4
  temperature: 0.001
  posterior_exponentiation: tempered
  num_squash_vectors: 16
dataset:
  type: regression
  label: spiked_linear
  n_train: 64
  n_test: 200
  rank: 1
  n_features: 500
  noise_std: 0.1
  ood_input_variance:
  - 1.0
seed: 0
optimization:
  learning_rate: 0.0001
  batch_size: 2056
  epochs: 30000
model:
  type: mlp
  hidden_layers:
  - 64
  - 64
  prior_std: 0.33
  ff: None
  ff_amplitudes: false

Using device: cuda
[2025-11-17 05:26:18,211][HYDRA] 	#258 : posterior=sbvi posterior.num_samples=4 optimization.epochs=30000 posterior.temperature=0.001 seed=0 optimization.learning_rate=0.0001 dataset=spiked_linear dataset.n_train=64 dataset.n_features=10000 posterior.num_squash_vectors=1
Config:
posterior:
  type: sbvi
  weight_variance_init: 1
  bias_variance_init: 1
  num_samples: 4
  temperature: 0.001
  posterior_exponentiation: tempered
  num_squash_vectors: 1
dataset:
  type: regression
  label: spiked_linear
  n_train: 64
  n_test: 200
  rank: 1
  n_features: 10000
  noise_std: 0.1
  ood_input_variance:
  - 1.0
seed: 0
optimization:
  learning_rate: 0.0001
  batch_size: 2056
  epochs: 30000
model:
  type: mlp
  hidden_layers:
  - 64
  - 64
  prior_std: 0.33
  ff: None
  ff_amplitudes: false

Using device: cuda
[2025-11-17 05:26:18,364][HYDRA] 	#259 : posterior=sbvi posterior.num_samples=4 optimization.epochs=30000 posterior.temperature=0.001 seed=0 optimization.learning_rate=0.0001 dataset=spiked_linear dataset.n_train=64 dataset.n_features=10000 posterior.num_squash_vectors=4
Config:
posterior:
  type: sbvi
  weight_variance_init: 1
  bias_variance_init: 1
  num_samples: 4
  temperature: 0.001
  posterior_exponentiation: tempered
  num_squash_vectors: 4
dataset:
  type: regression
  label: spiked_linear
  n_train: 64
  n_test: 200
  rank: 1
  n_features: 10000
  noise_std: 0.1
  ood_input_variance:
  - 1.0
seed: 0
optimization:
  learning_rate: 0.0001
  batch_size: 2056
  epochs: 30000
model:
  type: mlp
  hidden_layers:
  - 64
  - 64
  prior_std: 0.33
  ff: None
  ff_amplitudes: false

Using device: cuda
[2025-11-17 05:26:18,510][HYDRA] 	#260 : posterior=sbvi posterior.num_samples=4 optimization.epochs=30000 posterior.temperature=0.001 seed=0 optimization.learning_rate=0.0001 dataset=spiked_linear dataset.n_train=64 dataset.n_features=10000 posterior.num_squash_vectors=16
Config:
posterior:
  type: sbvi
  weight_variance_init: 1
  bias_variance_init: 1
  num_samples: 4
  temperature: 0.001
  posterior_exponentiation: tempered
  num_squash_vectors: 16
dataset:
  type: regression
  label: spiked_linear
  n_train: 64
  n_test: 200
  rank: 1
  n_features: 10000
  noise_std: 0.1
  ood_input_variance:
  - 1.0
seed: 0
optimization:
  learning_rate: 0.0001
  batch_size: 2056
  epochs: 30000
model:
  type: mlp
  hidden_layers:
  - 64
  - 64
  prior_std: 0.33
  ff: None
  ff_amplitudes: false

Using device: cuda
[2025-11-17 05:26:18,647][HYDRA] 	#261 : posterior=sbvi posterior.num_samples=4 optimization.epochs=30000 posterior.temperature=0.001 seed=0 optimization.learning_rate=0.0001 dataset=spiked_linear dataset.n_train=512 dataset.n_features=1 posterior.num_squash_vectors=1
Config:
posterior:
  type: sbvi
  weight_variance_init: 1
  bias_variance_init: 1
  num_samples: 4
  temperature: 0.001
  posterior_exponentiation: tempered
  num_squash_vectors: 1
dataset:
  type: regression
  label: spiked_linear
  n_train: 512
  n_test: 200
  rank: 1
  n_features: 1
  noise_std: 0.1
  ood_input_variance:
  - 1.0
seed: 0
optimization:
  learning_rate: 0.0001
  batch_size: 2056
  epochs: 30000
model:
  type: mlp
  hidden_layers:
  - 64
  - 64
  prior_std: 0.33
  ff: None
  ff_amplitudes: false

Using device: cuda
[2025-11-17 05:26:18,813][HYDRA] 	#262 : posterior=sbvi posterior.num_samples=4 optimization.epochs=30000 posterior.temperature=0.001 seed=0 optimization.learning_rate=0.0001 dataset=spiked_linear dataset.n_train=512 dataset.n_features=1 posterior.num_squash_vectors=4
Config:
posterior:
  type: sbvi
  weight_variance_init: 1
  bias_variance_init: 1
  num_samples: 4
  temperature: 0.001
  posterior_exponentiation: tempered
  num_squash_vectors: 4
dataset:
  type: regression
  label: spiked_linear
  n_train: 512
  n_test: 200
  rank: 1
  n_features: 1
  noise_std: 0.1
  ood_input_variance:
  - 1.0
seed: 0
optimization:
  learning_rate: 0.0001
  batch_size: 2056
  epochs: 30000
model:
  type: mlp
  hidden_layers:
  - 64
  - 64
  prior_std: 0.33
  ff: None
  ff_amplitudes: false

Using device: cuda
[2025-11-17 05:26:18,931][HYDRA] 	#263 : posterior=sbvi posterior.num_samples=4 optimization.epochs=30000 posterior.temperature=0.001 seed=0 optimization.learning_rate=0.0001 dataset=spiked_linear dataset.n_train=512 dataset.n_features=1 posterior.num_squash_vectors=16
Config:
posterior:
  type: sbvi
  weight_variance_init: 1
  bias_variance_init: 1
  num_samples: 4
  temperature: 0.001
  posterior_exponentiation: tempered
  num_squash_vectors: 16
dataset:
  type: regression
  label: spiked_linear
  n_train: 512
  n_test: 200
  rank: 1
  n_features: 1
  noise_std: 0.1
  ood_input_variance:
  - 1.0
seed: 0
optimization:
  learning_rate: 0.0001
  batch_size: 2056
  epochs: 30000
model:
  type: mlp
  hidden_layers:
  - 64
  - 64
  prior_std: 0.33
  ff: None
  ff_amplitudes: false

Using device: cuda
[2025-11-17 05:26:19,063][HYDRA] 	#264 : posterior=sbvi posterior.num_samples=4 optimization.epochs=30000 posterior.temperature=0.001 seed=0 optimization.learning_rate=0.0001 dataset=spiked_linear dataset.n_train=512 dataset.n_features=500 posterior.num_squash_vectors=1
Config:
posterior:
  type: sbvi
  weight_variance_init: 1
  bias_variance_init: 1
  num_samples: 4
  temperature: 0.001
  posterior_exponentiation: tempered
  num_squash_vectors: 1
dataset:
  type: regression
  label: spiked_linear
  n_train: 512
  n_test: 200
  rank: 1
  n_features: 500
  noise_std: 0.1
  ood_input_variance:
  - 1.0
seed: 0
optimization:
  learning_rate: 0.0001
  batch_size: 2056
  epochs: 30000
model:
  type: mlp
  hidden_layers:
  - 64
  - 64
  prior_std: 0.33
  ff: None
  ff_amplitudes: false

Using device: cuda
[2025-11-17 05:26:19,224][HYDRA] 	#265 : posterior=sbvi posterior.num_samples=4 optimization.epochs=30000 posterior.temperature=0.001 seed=0 optimization.learning_rate=0.0001 dataset=spiked_linear dataset.n_train=512 dataset.n_features=500 posterior.num_squash_vectors=4
Config:
posterior:
  type: sbvi
  weight_variance_init: 1
  bias_variance_init: 1
  num_samples: 4
  temperature: 0.001
  posterior_exponentiation: tempered
  num_squash_vectors: 4
dataset:
  type: regression
  label: spiked_linear
  n_train: 512
  n_test: 200
  rank: 1
  n_features: 500
  noise_std: 0.1
  ood_input_variance:
  - 1.0
seed: 0
optimization:
  learning_rate: 0.0001
  batch_size: 2056
  epochs: 30000
model:
  type: mlp
  hidden_layers:
  - 64
  - 64
  prior_std: 0.33
  ff: None
  ff_amplitudes: false

Using device: cuda
[2025-11-17 05:26:19,345][HYDRA] 	#266 : posterior=sbvi posterior.num_samples=4 optimization.epochs=30000 posterior.temperature=0.001 seed=0 optimization.learning_rate=0.0001 dataset=spiked_linear dataset.n_train=512 dataset.n_features=500 posterior.num_squash_vectors=16
Config:
posterior:
  type: sbvi
  weight_variance_init: 1
  bias_variance_init: 1
  num_samples: 4
  temperature: 0.001
  posterior_exponentiation: tempered
  num_squash_vectors: 16
dataset:
  type: regression
  label: spiked_linear
  n_train: 512
  n_test: 200
  rank: 1
  n_features: 500
  noise_std: 0.1
  ood_input_variance:
  - 1.0
seed: 0
optimization:
  learning_rate: 0.0001
  batch_size: 2056
  epochs: 30000
model:
  type: mlp
  hidden_layers:
  - 64
  - 64
  prior_std: 0.33
  ff: None
  ff_amplitudes: false

Using device: cuda
[2025-11-17 05:26:19,495][HYDRA] 	#267 : posterior=sbvi posterior.num_samples=4 optimization.epochs=30000 posterior.temperature=0.001 seed=0 optimization.learning_rate=0.0001 dataset=spiked_linear dataset.n_train=512 dataset.n_features=10000 posterior.num_squash_vectors=1
Config:
posterior:
  type: sbvi
  weight_variance_init: 1
  bias_variance_init: 1
  num_samples: 4
  temperature: 0.001
  posterior_exponentiation: tempered
  num_squash_vectors: 1
dataset:
  type: regression
  label: spiked_linear
  n_train: 512
  n_test: 200
  rank: 1
  n_features: 10000
  noise_std: 0.1
  ood_input_variance:
  - 1.0
seed: 0
optimization:
  learning_rate: 0.0001
  batch_size: 2056
  epochs: 30000
model:
  type: mlp
  hidden_layers:
  - 64
  - 64
  prior_std: 0.33
  ff: None
  ff_amplitudes: false

Using device: cuda
[2025-11-17 05:26:19,645][HYDRA] 	#268 : posterior=sbvi posterior.num_samples=4 optimization.epochs=30000 posterior.temperature=0.001 seed=0 optimization.learning_rate=0.0001 dataset=spiked_linear dataset.n_train=512 dataset.n_features=10000 posterior.num_squash_vectors=4
Config:
posterior:
  type: sbvi
  weight_variance_init: 1
  bias_variance_init: 1
  num_samples: 4
  temperature: 0.001
  posterior_exponentiation: tempered
  num_squash_vectors: 4
dataset:
  type: regression
  label: spiked_linear
  n_train: 512
  n_test: 200
  rank: 1
  n_features: 10000
  noise_std: 0.1
  ood_input_variance:
  - 1.0
seed: 0
optimization:
  learning_rate: 0.0001
  batch_size: 2056
  epochs: 30000
model:
  type: mlp
  hidden_layers:
  - 64
  - 64
  prior_std: 0.33
  ff: None
  ff_amplitudes: false

Using device: cuda
[2025-11-17 05:26:19,797][HYDRA] 	#269 : posterior=sbvi posterior.num_samples=4 optimization.epochs=30000 posterior.temperature=0.001 seed=0 optimization.learning_rate=0.0001 dataset=spiked_linear dataset.n_train=512 dataset.n_features=10000 posterior.num_squash_vectors=16
Config:
posterior:
  type: sbvi
  weight_variance_init: 1
  bias_variance_init: 1
  num_samples: 4
  temperature: 0.001
  posterior_exponentiation: tempered
  num_squash_vectors: 16
dataset:
  type: regression
  label: spiked_linear
  n_train: 512
  n_test: 200
  rank: 1
  n_features: 10000
  noise_std: 0.1
  ood_input_variance:
  - 1.0
seed: 0
optimization:
  learning_rate: 0.0001
  batch_size: 2056
  epochs: 30000
model:
  type: mlp
  hidden_layers:
  - 64
  - 64
  prior_std: 0.33
  ff: None
  ff_amplitudes: false

Using device: cuda
[2025-11-17 05:26:20,002][HYDRA] 	#270 : posterior=sbvi posterior.num_samples=4 optimization.epochs=30000 posterior.temperature=1e-06 seed=0 optimization.learning_rate=0.0003 dataset=spiked_linear dataset.n_train=4 dataset.n_features=1 posterior.num_squash_vectors=1
Config:
posterior:
  type: sbvi
  weight_variance_init: 1
  bias_variance_init: 1
  num_samples: 4
  temperature: 1.0e-06
  posterior_exponentiation: tempered
  num_squash_vectors: 1
dataset:
  type: regression
  label: spiked_linear
  n_train: 4
  n_test: 200
  rank: 1
  n_features: 1
  noise_std: 0.1
  ood_input_variance:
  - 1.0
seed: 0
optimization:
  learning_rate: 0.0003
  batch_size: 2056
  epochs: 30000
model:
  type: mlp
  hidden_layers:
  - 64
  - 64
  prior_std: 0.33
  ff: None
  ff_amplitudes: false

Using device: cuda
[2025-11-17 05:26:20,140][HYDRA] 	#271 : posterior=sbvi posterior.num_samples=4 optimization.epochs=30000 posterior.temperature=1e-06 seed=0 optimization.learning_rate=0.0003 dataset=spiked_linear dataset.n_train=4 dataset.n_features=1 posterior.num_squash_vectors=4
Config:
posterior:
  type: sbvi
  weight_variance_init: 1
  bias_variance_init: 1
  num_samples: 4
  temperature: 1.0e-06
  posterior_exponentiation: tempered
  num_squash_vectors: 4
dataset:
  type: regression
  label: spiked_linear
  n_train: 4
  n_test: 200
  rank: 1
  n_features: 1
  noise_std: 0.1
  ood_input_variance:
  - 1.0
seed: 0
optimization:
  learning_rate: 0.0003
  batch_size: 2056
  epochs: 30000
model:
  type: mlp
  hidden_layers:
  - 64
  - 64
  prior_std: 0.33
  ff: None
  ff_amplitudes: false

Using device: cuda
[2025-11-17 05:26:20,302][HYDRA] 	#272 : posterior=sbvi posterior.num_samples=4 optimization.epochs=30000 posterior.temperature=1e-06 seed=0 optimization.learning_rate=0.0003 dataset=spiked_linear dataset.n_train=4 dataset.n_features=1 posterior.num_squash_vectors=16
Config:
posterior:
  type: sbvi
  weight_variance_init: 1
  bias_variance_init: 1
  num_samples: 4
  temperature: 1.0e-06
  posterior_exponentiation: tempered
  num_squash_vectors: 16
dataset:
  type: regression
  label: spiked_linear
  n_train: 4
  n_test: 200
  rank: 1
  n_features: 1
  noise_std: 0.1
  ood_input_variance:
  - 1.0
seed: 0
optimization:
  learning_rate: 0.0003
  batch_size: 2056
  epochs: 30000
model:
  type: mlp
  hidden_layers:
  - 64
  - 64
  prior_std: 0.33
  ff: None
  ff_amplitudes: false

Using device: cuda
[2025-11-17 05:26:20,465][HYDRA] 	#273 : posterior=sbvi posterior.num_samples=4 optimization.epochs=30000 posterior.temperature=1e-06 seed=0 optimization.learning_rate=0.0003 dataset=spiked_linear dataset.n_train=4 dataset.n_features=500 posterior.num_squash_vectors=1
Config:
posterior:
  type: sbvi
  weight_variance_init: 1
  bias_variance_init: 1
  num_samples: 4
  temperature: 1.0e-06
  posterior_exponentiation: tempered
  num_squash_vectors: 1
dataset:
  type: regression
  label: spiked_linear
  n_train: 4
  n_test: 200
  rank: 1
  n_features: 500
  noise_std: 0.1
  ood_input_variance:
  - 1.0
seed: 0
optimization:
  learning_rate: 0.0003
  batch_size: 2056
  epochs: 30000
model:
  type: mlp
  hidden_layers:
  - 64
  - 64
  prior_std: 0.33
  ff: None
  ff_amplitudes: false

Using device: cuda
[2025-11-17 05:26:20,601][HYDRA] 	#274 : posterior=sbvi posterior.num_samples=4 optimization.epochs=30000 posterior.temperature=1e-06 seed=0 optimization.learning_rate=0.0003 dataset=spiked_linear dataset.n_train=4 dataset.n_features=500 posterior.num_squash_vectors=4
Config:
posterior:
  type: sbvi
  weight_variance_init: 1
  bias_variance_init: 1
  num_samples: 4
  temperature: 1.0e-06
  posterior_exponentiation: tempered
  num_squash_vectors: 4
dataset:
  type: regression
  label: spiked_linear
  n_train: 4
  n_test: 200
  rank: 1
  n_features: 500
  noise_std: 0.1
  ood_input_variance:
  - 1.0
seed: 0
optimization:
  learning_rate: 0.0003
  batch_size: 2056
  epochs: 30000
model:
  type: mlp
  hidden_layers:
  - 64
  - 64
  prior_std: 0.33
  ff: None
  ff_amplitudes: false

Using device: cuda
[2025-11-17 05:26:20,742][HYDRA] 	#275 : posterior=sbvi posterior.num_samples=4 optimization.epochs=30000 posterior.temperature=1e-06 seed=0 optimization.learning_rate=0.0003 dataset=spiked_linear dataset.n_train=4 dataset.n_features=500 posterior.num_squash_vectors=16
Config:
posterior:
  type: sbvi
  weight_variance_init: 1
  bias_variance_init: 1
  num_samples: 4
  temperature: 1.0e-06
  posterior_exponentiation: tempered
  num_squash_vectors: 16
dataset:
  type: regression
  label: spiked_linear
  n_train: 4
  n_test: 200
  rank: 1
  n_features: 500
  noise_std: 0.1
  ood_input_variance:
  - 1.0
seed: 0
optimization:
  learning_rate: 0.0003
  batch_size: 2056
  epochs: 30000
model:
  type: mlp
  hidden_layers:
  - 64
  - 64
  prior_std: 0.33
  ff: None
  ff_amplitudes: false

Using device: cuda
[2025-11-17 05:26:20,877][HYDRA] 	#276 : posterior=sbvi posterior.num_samples=4 optimization.epochs=30000 posterior.temperature=1e-06 seed=0 optimization.learning_rate=0.0003 dataset=spiked_linear dataset.n_train=4 dataset.n_features=10000 posterior.num_squash_vectors=1
Config:
posterior:
  type: sbvi
  weight_variance_init: 1
  bias_variance_init: 1
  num_samples: 4
  temperature: 1.0e-06
  posterior_exponentiation: tempered
  num_squash_vectors: 1
dataset:
  type: regression
  label: spiked_linear
  n_train: 4
  n_test: 200
  rank: 1
  n_features: 10000
  noise_std: 0.1
  ood_input_variance:
  - 1.0
seed: 0
optimization:
  learning_rate: 0.0003
  batch_size: 2056
  epochs: 30000
model:
  type: mlp
  hidden_layers:
  - 64
  - 64
  prior_std: 0.33
  ff: None
  ff_amplitudes: false

Using device: cuda
[2025-11-17 05:26:21,034][HYDRA] 	#277 : posterior=sbvi posterior.num_samples=4 optimization.epochs=30000 posterior.temperature=1e-06 seed=0 optimization.learning_rate=0.0003 dataset=spiked_linear dataset.n_train=4 dataset.n_features=10000 posterior.num_squash_vectors=4
Config:
posterior:
  type: sbvi
  weight_variance_init: 1
  bias_variance_init: 1
  num_samples: 4
  temperature: 1.0e-06
  posterior_exponentiation: tempered
  num_squash_vectors: 4
dataset:
  type: regression
  label: spiked_linear
  n_train: 4
  n_test: 200
  rank: 1
  n_features: 10000
  noise_std: 0.1
  ood_input_variance:
  - 1.0
seed: 0
optimization:
  learning_rate: 0.0003
  batch_size: 2056
  epochs: 30000
model:
  type: mlp
  hidden_layers:
  - 64
  - 64
  prior_std: 0.33
  ff: None
  ff_amplitudes: false

Using device: cuda
[2025-11-17 05:26:21,226][HYDRA] 	#278 : posterior=sbvi posterior.num_samples=4 optimization.epochs=30000 posterior.temperature=1e-06 seed=0 optimization.learning_rate=0.0003 dataset=spiked_linear dataset.n_train=4 dataset.n_features=10000 posterior.num_squash_vectors=16
Config:
posterior:
  type: sbvi
  weight_variance_init: 1
  bias_variance_init: 1
  num_samples: 4
  temperature: 1.0e-06
  posterior_exponentiation: tempered
  num_squash_vectors: 16
dataset:
  type: regression
  label: spiked_linear
  n_train: 4
  n_test: 200
  rank: 1
  n_features: 10000
  noise_std: 0.1
  ood_input_variance:
  - 1.0
seed: 0
optimization:
  learning_rate: 0.0003
  batch_size: 2056
  epochs: 30000
model:
  type: mlp
  hidden_layers:
  - 64
  - 64
  prior_std: 0.33
  ff: None
  ff_amplitudes: false

Using device: cuda
[2025-11-17 05:26:21,385][HYDRA] 	#279 : posterior=sbvi posterior.num_samples=4 optimization.epochs=30000 posterior.temperature=1e-06 seed=0 optimization.learning_rate=0.0003 dataset=spiked_linear dataset.n_train=64 dataset.n_features=1 posterior.num_squash_vectors=1
Config:
posterior:
  type: sbvi
  weight_variance_init: 1
  bias_variance_init: 1
  num_samples: 4
  temperature: 1.0e-06
  posterior_exponentiation: tempered
  num_squash_vectors: 1
dataset:
  type: regression
  label: spiked_linear
  n_train: 64
  n_test: 200
  rank: 1
  n_features: 1
  noise_std: 0.1
  ood_input_variance:
  - 1.0
seed: 0
optimization:
  learning_rate: 0.0003
  batch_size: 2056
  epochs: 30000
model:
  type: mlp
  hidden_layers:
  - 64
  - 64
  prior_std: 0.33
  ff: None
  ff_amplitudes: false

Using device: cuda
[2025-11-17 05:26:21,551][HYDRA] 	#280 : posterior=sbvi posterior.num_samples=4 optimization.epochs=30000 posterior.temperature=1e-06 seed=0 optimization.learning_rate=0.0003 dataset=spiked_linear dataset.n_train=64 dataset.n_features=1 posterior.num_squash_vectors=4
Config:
posterior:
  type: sbvi
  weight_variance_init: 1
  bias_variance_init: 1
  num_samples: 4
  temperature: 1.0e-06
  posterior_exponentiation: tempered
  num_squash_vectors: 4
dataset:
  type: regression
  label: spiked_linear
  n_train: 64
  n_test: 200
  rank: 1
  n_features: 1
  noise_std: 0.1
  ood_input_variance:
  - 1.0
seed: 0
optimization:
  learning_rate: 0.0003
  batch_size: 2056
  epochs: 30000
model:
  type: mlp
  hidden_layers:
  - 64
  - 64
  prior_std: 0.33
  ff: None
  ff_amplitudes: false

Using device: cuda
[2025-11-17 05:26:21,704][HYDRA] 	#281 : posterior=sbvi posterior.num_samples=4 optimization.epochs=30000 posterior.temperature=1e-06 seed=0 optimization.learning_rate=0.0003 dataset=spiked_linear dataset.n_train=64 dataset.n_features=1 posterior.num_squash_vectors=16
Config:
posterior:
  type: sbvi
  weight_variance_init: 1
  bias_variance_init: 1
  num_samples: 4
  temperature: 1.0e-06
  posterior_exponentiation: tempered
  num_squash_vectors: 16
dataset:
  type: regression
  label: spiked_linear
  n_train: 64
  n_test: 200
  rank: 1
  n_features: 1
  noise_std: 0.1
  ood_input_variance:
  - 1.0
seed: 0
optimization:
  learning_rate: 0.0003
  batch_size: 2056
  epochs: 30000
model:
  type: mlp
  hidden_layers:
  - 64
  - 64
  prior_std: 0.33
  ff: None
  ff_amplitudes: false

Using device: cuda
[2025-11-17 05:26:21,879][HYDRA] 	#282 : posterior=sbvi posterior.num_samples=4 optimization.epochs=30000 posterior.temperature=1e-06 seed=0 optimization.learning_rate=0.0003 dataset=spiked_linear dataset.n_train=64 dataset.n_features=500 posterior.num_squash_vectors=1
Config:
posterior:
  type: sbvi
  weight_variance_init: 1
  bias_variance_init: 1
  num_samples: 4
  temperature: 1.0e-06
  posterior_exponentiation: tempered
  num_squash_vectors: 1
dataset:
  type: regression
  label: spiked_linear
  n_train: 64
  n_test: 200
  rank: 1
  n_features: 500
  noise_std: 0.1
  ood_input_variance:
  - 1.0
seed: 0
optimization:
  learning_rate: 0.0003
  batch_size: 2056
  epochs: 30000
model:
  type: mlp
  hidden_layers:
  - 64
  - 64
  prior_std: 0.33
  ff: None
  ff_amplitudes: false

Using device: cuda
[2025-11-17 05:26:22,065][HYDRA] 	#283 : posterior=sbvi posterior.num_samples=4 optimization.epochs=30000 posterior.temperature=1e-06 seed=0 optimization.learning_rate=0.0003 dataset=spiked_linear dataset.n_train=64 dataset.n_features=500 posterior.num_squash_vectors=4
Config:
posterior:
  type: sbvi
  weight_variance_init: 1
  bias_variance_init: 1
  num_samples: 4
  temperature: 1.0e-06
  posterior_exponentiation: tempered
  num_squash_vectors: 4
dataset:
  type: regression
  label: spiked_linear
  n_train: 64
  n_test: 200
  rank: 1
  n_features: 500
  noise_std: 0.1
  ood_input_variance:
  - 1.0
seed: 0
optimization:
  learning_rate: 0.0003
  batch_size: 2056
  epochs: 30000
model:
  type: mlp
  hidden_layers:
  - 64
  - 64
  prior_std: 0.33
  ff: None
  ff_amplitudes: false

Using device: cuda
[2025-11-17 05:26:22,213][HYDRA] 	#284 : posterior=sbvi posterior.num_samples=4 optimization.epochs=30000 posterior.temperature=1e-06 seed=0 optimization.learning_rate=0.0003 dataset=spiked_linear dataset.n_train=64 dataset.n_features=500 posterior.num_squash_vectors=16
Config:
posterior:
  type: sbvi
  weight_variance_init: 1
  bias_variance_init: 1
  num_samples: 4
  temperature: 1.0e-06
  posterior_exponentiation: tempered
  num_squash_vectors: 16
dataset:
  type: regression
  label: spiked_linear
  n_train: 64
  n_test: 200
  rank: 1
  n_features: 500
  noise_std: 0.1
  ood_input_variance:
  - 1.0
seed: 0
optimization:
  learning_rate: 0.0003
  batch_size: 2056
  epochs: 30000
model:
  type: mlp
  hidden_layers:
  - 64
  - 64
  prior_std: 0.33
  ff: None
  ff_amplitudes: false

Using device: cuda
[2025-11-17 05:26:22,351][HYDRA] 	#285 : posterior=sbvi posterior.num_samples=4 optimization.epochs=30000 posterior.temperature=1e-06 seed=0 optimization.learning_rate=0.0003 dataset=spiked_linear dataset.n_train=64 dataset.n_features=10000 posterior.num_squash_vectors=1
Config:
posterior:
  type: sbvi
  weight_variance_init: 1
  bias_variance_init: 1
  num_samples: 4
  temperature: 1.0e-06
  posterior_exponentiation: tempered
  num_squash_vectors: 1
dataset:
  type: regression
  label: spiked_linear
  n_train: 64
  n_test: 200
  rank: 1
  n_features: 10000
  noise_std: 0.1
  ood_input_variance:
  - 1.0
seed: 0
optimization:
  learning_rate: 0.0003
  batch_size: 2056
  epochs: 30000
model:
  type: mlp
  hidden_layers:
  - 64
  - 64
  prior_std: 0.33
  ff: None
  ff_amplitudes: false

Using device: cuda
[2025-11-17 05:26:22,486][HYDRA] 	#286 : posterior=sbvi posterior.num_samples=4 optimization.epochs=30000 posterior.temperature=1e-06 seed=0 optimization.learning_rate=0.0003 dataset=spiked_linear dataset.n_train=64 dataset.n_features=10000 posterior.num_squash_vectors=4
Config:
posterior:
  type: sbvi
  weight_variance_init: 1
  bias_variance_init: 1
  num_samples: 4
  temperature: 1.0e-06
  posterior_exponentiation: tempered
  num_squash_vectors: 4
dataset:
  type: regression
  label: spiked_linear
  n_train: 64
  n_test: 200
  rank: 1
  n_features: 10000
  noise_std: 0.1
  ood_input_variance:
  - 1.0
seed: 0
optimization:
  learning_rate: 0.0003
  batch_size: 2056
  epochs: 30000
model:
  type: mlp
  hidden_layers:
  - 64
  - 64
  prior_std: 0.33
  ff: None
  ff_amplitudes: false

Using device: cuda
[2025-11-17 05:26:22,659][HYDRA] 	#287 : posterior=sbvi posterior.num_samples=4 optimization.epochs=30000 posterior.temperature=1e-06 seed=0 optimization.learning_rate=0.0003 dataset=spiked_linear dataset.n_train=64 dataset.n_features=10000 posterior.num_squash_vectors=16
Config:
posterior:
  type: sbvi
  weight_variance_init: 1
  bias_variance_init: 1
  num_samples: 4
  temperature: 1.0e-06
  posterior_exponentiation: tempered
  num_squash_vectors: 16
dataset:
  type: regression
  label: spiked_linear
  n_train: 64
  n_test: 200
  rank: 1
  n_features: 10000
  noise_std: 0.1
  ood_input_variance:
  - 1.0
seed: 0
optimization:
  learning_rate: 0.0003
  batch_size: 2056
  epochs: 30000
model:
  type: mlp
  hidden_layers:
  - 64
  - 64
  prior_std: 0.33
  ff: None
  ff_amplitudes: false

Using device: cuda
[2025-11-17 05:26:22,860][HYDRA] 	#288 : posterior=sbvi posterior.num_samples=4 optimization.epochs=30000 posterior.temperature=1e-06 seed=0 optimization.learning_rate=0.0003 dataset=spiked_linear dataset.n_train=512 dataset.n_features=1 posterior.num_squash_vectors=1
Config:
posterior:
  type: sbvi
  weight_variance_init: 1
  bias_variance_init: 1
  num_samples: 4
  temperature: 1.0e-06
  posterior_exponentiation: tempered
  num_squash_vectors: 1
dataset:
  type: regression
  label: spiked_linear
  n_train: 512
  n_test: 200
  rank: 1
  n_features: 1
  noise_std: 0.1
  ood_input_variance:
  - 1.0
seed: 0
optimization:
  learning_rate: 0.0003
  batch_size: 2056
  epochs: 30000
model:
  type: mlp
  hidden_layers:
  - 64
  - 64
  prior_std: 0.33
  ff: None
  ff_amplitudes: false

Using device: cuda
[2025-11-17 05:26:22,976][HYDRA] 	#289 : posterior=sbvi posterior.num_samples=4 optimization.epochs=30000 posterior.temperature=1e-06 seed=0 optimization.learning_rate=0.0003 dataset=spiked_linear dataset.n_train=512 dataset.n_features=1 posterior.num_squash_vectors=4
Config:
posterior:
  type: sbvi
  weight_variance_init: 1
  bias_variance_init: 1
  num_samples: 4
  temperature: 1.0e-06
  posterior_exponentiation: tempered
  num_squash_vectors: 4
dataset:
  type: regression
  label: spiked_linear
  n_train: 512
  n_test: 200
  rank: 1
  n_features: 1
  noise_std: 0.1
  ood_input_variance:
  - 1.0
seed: 0
optimization:
  learning_rate: 0.0003
  batch_size: 2056
  epochs: 30000
model:
  type: mlp
  hidden_layers:
  - 64
  - 64
  prior_std: 0.33
  ff: None
  ff_amplitudes: false

Using device: cuda
[2025-11-17 05:26:23,119][HYDRA] 	#290 : posterior=sbvi posterior.num_samples=4 optimization.epochs=30000 posterior.temperature=1e-06 seed=0 optimization.learning_rate=0.0003 dataset=spiked_linear dataset.n_train=512 dataset.n_features=1 posterior.num_squash_vectors=16
Config:
posterior:
  type: sbvi
  weight_variance_init: 1
  bias_variance_init: 1
  num_samples: 4
  temperature: 1.0e-06
  posterior_exponentiation: tempered
  num_squash_vectors: 16
dataset:
  type: regression
  label: spiked_linear
  n_train: 512
  n_test: 200
  rank: 1
  n_features: 1
  noise_std: 0.1
  ood_input_variance:
  - 1.0
seed: 0
optimization:
  learning_rate: 0.0003
  batch_size: 2056
  epochs: 30000
model:
  type: mlp
  hidden_layers:
  - 64
  - 64
  prior_std: 0.33
  ff: None
  ff_amplitudes: false

Using device: cuda
[2025-11-17 05:26:23,234][HYDRA] 	#291 : posterior=sbvi posterior.num_samples=4 optimization.epochs=30000 posterior.temperature=1e-06 seed=0 optimization.learning_rate=0.0003 dataset=spiked_linear dataset.n_train=512 dataset.n_features=500 posterior.num_squash_vectors=1
Config:
posterior:
  type: sbvi
  weight_variance_init: 1
  bias_variance_init: 1
  num_samples: 4
  temperature: 1.0e-06
  posterior_exponentiation: tempered
  num_squash_vectors: 1
dataset:
  type: regression
  label: spiked_linear
  n_train: 512
  n_test: 200
  rank: 1
  n_features: 500
  noise_std: 0.1
  ood_input_variance:
  - 1.0
seed: 0
optimization:
  learning_rate: 0.0003
  batch_size: 2056
  epochs: 30000
model:
  type: mlp
  hidden_layers:
  - 64
  - 64
  prior_std: 0.33
  ff: None
  ff_amplitudes: false

Using device: cuda
[2025-11-17 05:26:23,383][HYDRA] 	#292 : posterior=sbvi posterior.num_samples=4 optimization.epochs=30000 posterior.temperature=1e-06 seed=0 optimization.learning_rate=0.0003 dataset=spiked_linear dataset.n_train=512 dataset.n_features=500 posterior.num_squash_vectors=4
Config:
posterior:
  type: sbvi
  weight_variance_init: 1
  bias_variance_init: 1
  num_samples: 4
  temperature: 1.0e-06
  posterior_exponentiation: tempered
  num_squash_vectors: 4
dataset:
  type: regression
  label: spiked_linear
  n_train: 512
  n_test: 200
  rank: 1
  n_features: 500
  noise_std: 0.1
  ood_input_variance:
  - 1.0
seed: 0
optimization:
  learning_rate: 0.0003
  batch_size: 2056
  epochs: 30000
model:
  type: mlp
  hidden_layers:
  - 64
  - 64
  prior_std: 0.33
  ff: None
  ff_amplitudes: false

Using device: cuda
[2025-11-17 05:26:23,499][HYDRA] 	#293 : posterior=sbvi posterior.num_samples=4 optimization.epochs=30000 posterior.temperature=1e-06 seed=0 optimization.learning_rate=0.0003 dataset=spiked_linear dataset.n_train=512 dataset.n_features=500 posterior.num_squash_vectors=16
Config:
posterior:
  type: sbvi
  weight_variance_init: 1
  bias_variance_init: 1
  num_samples: 4
  temperature: 1.0e-06
  posterior_exponentiation: tempered
  num_squash_vectors: 16
dataset:
  type: regression
  label: spiked_linear
  n_train: 512
  n_test: 200
  rank: 1
  n_features: 500
  noise_std: 0.1
  ood_input_variance:
  - 1.0
seed: 0
optimization:
  learning_rate: 0.0003
  batch_size: 2056
  epochs: 30000
model:
  type: mlp
  hidden_layers:
  - 64
  - 64
  prior_std: 0.33
  ff: None
  ff_amplitudes: false

Using device: cuda
[2025-11-17 05:26:23,648][HYDRA] 	#294 : posterior=sbvi posterior.num_samples=4 optimization.epochs=30000 posterior.temperature=1e-06 seed=0 optimization.learning_rate=0.0003 dataset=spiked_linear dataset.n_train=512 dataset.n_features=10000 posterior.num_squash_vectors=1
Config:
posterior:
  type: sbvi
  weight_variance_init: 1
  bias_variance_init: 1
  num_samples: 4
  temperature: 1.0e-06
  posterior_exponentiation: tempered
  num_squash_vectors: 1
dataset:
  type: regression
  label: spiked_linear
  n_train: 512
  n_test: 200
  rank: 1
  n_features: 10000
  noise_std: 0.1
  ood_input_variance:
  - 1.0
seed: 0
optimization:
  learning_rate: 0.0003
  batch_size: 2056
  epochs: 30000
model:
  type: mlp
  hidden_layers:
  - 64
  - 64
  prior_std: 0.33
  ff: None
  ff_amplitudes: false

Using device: cuda
[2025-11-17 05:26:23,799][HYDRA] 	#295 : posterior=sbvi posterior.num_samples=4 optimization.epochs=30000 posterior.temperature=1e-06 seed=0 optimization.learning_rate=0.0003 dataset=spiked_linear dataset.n_train=512 dataset.n_features=10000 posterior.num_squash_vectors=4
Config:
posterior:
  type: sbvi
  weight_variance_init: 1
  bias_variance_init: 1
  num_samples: 4
  temperature: 1.0e-06
  posterior_exponentiation: tempered
  num_squash_vectors: 4
dataset:
  type: regression
  label: spiked_linear
  n_train: 512
  n_test: 200
  rank: 1
  n_features: 10000
  noise_std: 0.1
  ood_input_variance:
  - 1.0
seed: 0
optimization:
  learning_rate: 0.0003
  batch_size: 2056
  epochs: 30000
model:
  type: mlp
  hidden_layers:
  - 64
  - 64
  prior_std: 0.33
  ff: None
  ff_amplitudes: false

Using device: cuda
[2025-11-17 05:26:23,951][HYDRA] 	#296 : posterior=sbvi posterior.num_samples=4 optimization.epochs=30000 posterior.temperature=1e-06 seed=0 optimization.learning_rate=0.0003 dataset=spiked_linear dataset.n_train=512 dataset.n_features=10000 posterior.num_squash_vectors=16
Config:
posterior:
  type: sbvi
  weight_variance_init: 1
  bias_variance_init: 1
  num_samples: 4
  temperature: 1.0e-06
  posterior_exponentiation: tempered
  num_squash_vectors: 16
dataset:
  type: regression
  label: spiked_linear
  n_train: 512
  n_test: 200
  rank: 1
  n_features: 10000
  noise_std: 0.1
  ood_input_variance:
  - 1.0
seed: 0
optimization:
  learning_rate: 0.0003
  batch_size: 2056
  epochs: 30000
model:
  type: mlp
  hidden_layers:
  - 64
  - 64
  prior_std: 0.33
  ff: None
  ff_amplitudes: false

Using device: cuda
[2025-11-17 05:26:24,130][HYDRA] 	#297 : posterior=sbvi posterior.num_samples=4 optimization.epochs=30000 posterior.temperature=1e-06 seed=0 optimization.learning_rate=0.0001 dataset=spiked_linear dataset.n_train=4 dataset.n_features=1 posterior.num_squash_vectors=1
Config:
posterior:
  type: sbvi
  weight_variance_init: 1
  bias_variance_init: 1
  num_samples: 4
  temperature: 1.0e-06
  posterior_exponentiation: tempered
  num_squash_vectors: 1
dataset:
  type: regression
  label: spiked_linear
  n_train: 4
  n_test: 200
  rank: 1
  n_features: 1
  noise_std: 0.1
  ood_input_variance:
  - 1.0
seed: 0
optimization:
  learning_rate: 0.0001
  batch_size: 2056
  epochs: 30000
model:
  type: mlp
  hidden_layers:
  - 64
  - 64
  prior_std: 0.33
  ff: None
  ff_amplitudes: false

Using device: cuda
[2025-11-17 05:26:24,272][HYDRA] 	#298 : posterior=sbvi posterior.num_samples=4 optimization.epochs=30000 posterior.temperature=1e-06 seed=0 optimization.learning_rate=0.0001 dataset=spiked_linear dataset.n_train=4 dataset.n_features=1 posterior.num_squash_vectors=4
Config:
posterior:
  type: sbvi
  weight_variance_init: 1
  bias_variance_init: 1
  num_samples: 4
  temperature: 1.0e-06
  posterior_exponentiation: tempered
  num_squash_vectors: 4
dataset:
  type: regression
  label: spiked_linear
  n_train: 4
  n_test: 200
  rank: 1
  n_features: 1
  noise_std: 0.1
  ood_input_variance:
  - 1.0
seed: 0
optimization:
  learning_rate: 0.0001
  batch_size: 2056
  epochs: 30000
model:
  type: mlp
  hidden_layers:
  - 64
  - 64
  prior_std: 0.33
  ff: None
  ff_amplitudes: false

Using device: cuda
[2025-11-17 05:26:24,411][HYDRA] 	#299 : posterior=sbvi posterior.num_samples=4 optimization.epochs=30000 posterior.temperature=1e-06 seed=0 optimization.learning_rate=0.0001 dataset=spiked_linear dataset.n_train=4 dataset.n_features=1 posterior.num_squash_vectors=16
Config:
posterior:
  type: sbvi
  weight_variance_init: 1
  bias_variance_init: 1
  num_samples: 4
  temperature: 1.0e-06
  posterior_exponentiation: tempered
  num_squash_vectors: 16
dataset:
  type: regression
  label: spiked_linear
  n_train: 4
  n_test: 200
  rank: 1
  n_features: 1
  noise_std: 0.1
  ood_input_variance:
  - 1.0
seed: 0
optimization:
  learning_rate: 0.0001
  batch_size: 2056
  epochs: 30000
model:
  type: mlp
  hidden_layers:
  - 64
  - 64
  prior_std: 0.33
  ff: None
  ff_amplitudes: false

Using device: cuda
[2025-11-17 05:26:24,566][HYDRA] 	#300 : posterior=sbvi posterior.num_samples=4 optimization.epochs=30000 posterior.temperature=1e-06 seed=0 optimization.learning_rate=0.0001 dataset=spiked_linear dataset.n_train=4 dataset.n_features=500 posterior.num_squash_vectors=1
Config:
posterior:
  type: sbvi
  weight_variance_init: 1
  bias_variance_init: 1
  num_samples: 4
  temperature: 1.0e-06
  posterior_exponentiation: tempered
  num_squash_vectors: 1
dataset:
  type: regression
  label: spiked_linear
  n_train: 4
  n_test: 200
  rank: 1
  n_features: 500
  noise_std: 0.1
  ood_input_variance:
  - 1.0
seed: 0
optimization:
  learning_rate: 0.0001
  batch_size: 2056
  epochs: 30000
model:
  type: mlp
  hidden_layers:
  - 64
  - 64
  prior_std: 0.33
  ff: None
  ff_amplitudes: false

Using device: cuda
[2025-11-17 05:26:24,716][HYDRA] 	#301 : posterior=sbvi posterior.num_samples=4 optimization.epochs=30000 posterior.temperature=1e-06 seed=0 optimization.learning_rate=0.0001 dataset=spiked_linear dataset.n_train=4 dataset.n_features=500 posterior.num_squash_vectors=4
Config:
posterior:
  type: sbvi
  weight_variance_init: 1
  bias_variance_init: 1
  num_samples: 4
  temperature: 1.0e-06
  posterior_exponentiation: tempered
  num_squash_vectors: 4
dataset:
  type: regression
  label: spiked_linear
  n_train: 4
  n_test: 200
  rank: 1
  n_features: 500
  noise_std: 0.1
  ood_input_variance:
  - 1.0
seed: 0
optimization:
  learning_rate: 0.0001
  batch_size: 2056
  epochs: 30000
model:
  type: mlp
  hidden_layers:
  - 64
  - 64
  prior_std: 0.33
  ff: None
  ff_amplitudes: false

Using device: cuda
[2025-11-17 05:26:24,910][HYDRA] 	#302 : posterior=sbvi posterior.num_samples=4 optimization.epochs=30000 posterior.temperature=1e-06 seed=0 optimization.learning_rate=0.0001 dataset=spiked_linear dataset.n_train=4 dataset.n_features=500 posterior.num_squash_vectors=16
Config:
posterior:
  type: sbvi
  weight_variance_init: 1
  bias_variance_init: 1
  num_samples: 4
  temperature: 1.0e-06
  posterior_exponentiation: tempered
  num_squash_vectors: 16
dataset:
  type: regression
  label: spiked_linear
  n_train: 4
  n_test: 200
  rank: 1
  n_features: 500
  noise_std: 0.1
  ood_input_variance:
  - 1.0
seed: 0
optimization:
  learning_rate: 0.0001
  batch_size: 2056
  epochs: 30000
model:
  type: mlp
  hidden_layers:
  - 64
  - 64
  prior_std: 0.33
  ff: None
  ff_amplitudes: false

Using device: cuda
[2025-11-17 05:26:25,075][HYDRA] 	#303 : posterior=sbvi posterior.num_samples=4 optimization.epochs=30000 posterior.temperature=1e-06 seed=0 optimization.learning_rate=0.0001 dataset=spiked_linear dataset.n_train=4 dataset.n_features=10000 posterior.num_squash_vectors=1
Config:
posterior:
  type: sbvi
  weight_variance_init: 1
  bias_variance_init: 1
  num_samples: 4
  temperature: 1.0e-06
  posterior_exponentiation: tempered
  num_squash_vectors: 1
dataset:
  type: regression
  label: spiked_linear
  n_train: 4
  n_test: 200
  rank: 1
  n_features: 10000
  noise_std: 0.1
  ood_input_variance:
  - 1.0
seed: 0
optimization:
  learning_rate: 0.0001
  batch_size: 2056
  epochs: 30000
model:
  type: mlp
  hidden_layers:
  - 64
  - 64
  prior_std: 0.33
  ff: None
  ff_amplitudes: false

Using device: cuda
[2025-11-17 05:26:25,226][HYDRA] 	#304 : posterior=sbvi posterior.num_samples=4 optimization.epochs=30000 posterior.temperature=1e-06 seed=0 optimization.learning_rate=0.0001 dataset=spiked_linear dataset.n_train=4 dataset.n_features=10000 posterior.num_squash_vectors=4
Config:
posterior:
  type: sbvi
  weight_variance_init: 1
  bias_variance_init: 1
  num_samples: 4
  temperature: 1.0e-06
  posterior_exponentiation: tempered
  num_squash_vectors: 4
dataset:
  type: regression
  label: spiked_linear
  n_train: 4
  n_test: 200
  rank: 1
  n_features: 10000
  noise_std: 0.1
  ood_input_variance:
  - 1.0
seed: 0
optimization:
  learning_rate: 0.0001
  batch_size: 2056
  epochs: 30000
model:
  type: mlp
  hidden_layers:
  - 64
  - 64
  prior_std: 0.33
  ff: None
  ff_amplitudes: false

Using device: cuda
[2025-11-17 05:26:25,392][HYDRA] 	#305 : posterior=sbvi posterior.num_samples=4 optimization.epochs=30000 posterior.temperature=1e-06 seed=0 optimization.learning_rate=0.0001 dataset=spiked_linear dataset.n_train=4 dataset.n_features=10000 posterior.num_squash_vectors=16
Config:
posterior:
  type: sbvi
  weight_variance_init: 1
  bias_variance_init: 1
  num_samples: 4
  temperature: 1.0e-06
  posterior_exponentiation: tempered
  num_squash_vectors: 16
dataset:
  type: regression
  label: spiked_linear
  n_train: 4
  n_test: 200
  rank: 1
  n_features: 10000
  noise_std: 0.1
  ood_input_variance:
  - 1.0
seed: 0
optimization:
  learning_rate: 0.0001
  batch_size: 2056
  epochs: 30000
model:
  type: mlp
  hidden_layers:
  - 64
  - 64
  prior_std: 0.33
  ff: None
  ff_amplitudes: false

Using device: cuda
[2025-11-17 05:26:25,520][HYDRA] 	#306 : posterior=sbvi posterior.num_samples=4 optimization.epochs=30000 posterior.temperature=1e-06 seed=0 optimization.learning_rate=0.0001 dataset=spiked_linear dataset.n_train=64 dataset.n_features=1 posterior.num_squash_vectors=1
Config:
posterior:
  type: sbvi
  weight_variance_init: 1
  bias_variance_init: 1
  num_samples: 4
  temperature: 1.0e-06
  posterior_exponentiation: tempered
  num_squash_vectors: 1
dataset:
  type: regression
  label: spiked_linear
  n_train: 64
  n_test: 200
  rank: 1
  n_features: 1
  noise_std: 0.1
  ood_input_variance:
  - 1.0
seed: 0
optimization:
  learning_rate: 0.0001
  batch_size: 2056
  epochs: 30000
model:
  type: mlp
  hidden_layers:
  - 64
  - 64
  prior_std: 0.33
  ff: None
  ff_amplitudes: false

Using device: cuda
[2025-11-17 05:26:25,675][HYDRA] 	#307 : posterior=sbvi posterior.num_samples=4 optimization.epochs=30000 posterior.temperature=1e-06 seed=0 optimization.learning_rate=0.0001 dataset=spiked_linear dataset.n_train=64 dataset.n_features=1 posterior.num_squash_vectors=4
Config:
posterior:
  type: sbvi
  weight_variance_init: 1
  bias_variance_init: 1
  num_samples: 4
  temperature: 1.0e-06
  posterior_exponentiation: tempered
  num_squash_vectors: 4
dataset:
  type: regression
  label: spiked_linear
  n_train: 64
  n_test: 200
  rank: 1
  n_features: 1
  noise_std: 0.1
  ood_input_variance:
  - 1.0
seed: 0
optimization:
  learning_rate: 0.0001
  batch_size: 2056
  epochs: 30000
model:
  type: mlp
  hidden_layers:
  - 64
  - 64
  prior_std: 0.33
  ff: None
  ff_amplitudes: false

Using device: cuda
[2025-11-17 05:26:25,828][HYDRA] 	#308 : posterior=sbvi posterior.num_samples=4 optimization.epochs=30000 posterior.temperature=1e-06 seed=0 optimization.learning_rate=0.0001 dataset=spiked_linear dataset.n_train=64 dataset.n_features=1 posterior.num_squash_vectors=16
Config:
posterior:
  type: sbvi
  weight_variance_init: 1
  bias_variance_init: 1
  num_samples: 4
  temperature: 1.0e-06
  posterior_exponentiation: tempered
  num_squash_vectors: 16
dataset:
  type: regression
  label: spiked_linear
  n_train: 64
  n_test: 200
  rank: 1
  n_features: 1
  noise_std: 0.1
  ood_input_variance:
  - 1.0
seed: 0
optimization:
  learning_rate: 0.0001
  batch_size: 2056
  epochs: 30000
model:
  type: mlp
  hidden_layers:
  - 64
  - 64
  prior_std: 0.33
  ff: None
  ff_amplitudes: false

Using device: cuda
[2025-11-17 05:26:25,954][HYDRA] 	#309 : posterior=sbvi posterior.num_samples=4 optimization.epochs=30000 posterior.temperature=1e-06 seed=0 optimization.learning_rate=0.0001 dataset=spiked_linear dataset.n_train=64 dataset.n_features=500 posterior.num_squash_vectors=1
Config:
posterior:
  type: sbvi
  weight_variance_init: 1
  bias_variance_init: 1
  num_samples: 4
  temperature: 1.0e-06
  posterior_exponentiation: tempered
  num_squash_vectors: 1
dataset:
  type: regression
  label: spiked_linear
  n_train: 64
  n_test: 200
  rank: 1
  n_features: 500
  noise_std: 0.1
  ood_input_variance:
  - 1.0
seed: 0
optimization:
  learning_rate: 0.0001
  batch_size: 2056
  epochs: 30000
model:
  type: mlp
  hidden_layers:
  - 64
  - 64
  prior_std: 0.33
  ff: None
  ff_amplitudes: false

Using device: cuda
[2025-11-17 05:26:26,090][HYDRA] 	#310 : posterior=sbvi posterior.num_samples=4 optimization.epochs=30000 posterior.temperature=1e-06 seed=0 optimization.learning_rate=0.0001 dataset=spiked_linear dataset.n_train=64 dataset.n_features=500 posterior.num_squash_vectors=4
Config:
posterior:
  type: sbvi
  weight_variance_init: 1
  bias_variance_init: 1
  num_samples: 4
  temperature: 1.0e-06
  posterior_exponentiation: tempered
  num_squash_vectors: 4
dataset:
  type: regression
  label: spiked_linear
  n_train: 64
  n_test: 200
  rank: 1
  n_features: 500
  noise_std: 0.1
  ood_input_variance:
  - 1.0
seed: 0
optimization:
  learning_rate: 0.0001
  batch_size: 2056
  epochs: 30000
model:
  type: mlp
  hidden_layers:
  - 64
  - 64
  prior_std: 0.33
  ff: None
  ff_amplitudes: false

Using device: cuda
[2025-11-17 05:26:26,236][HYDRA] 	#311 : posterior=sbvi posterior.num_samples=4 optimization.epochs=30000 posterior.temperature=1e-06 seed=0 optimization.learning_rate=0.0001 dataset=spiked_linear dataset.n_train=64 dataset.n_features=500 posterior.num_squash_vectors=16
Config:
posterior:
  type: sbvi
  weight_variance_init: 1
  bias_variance_init: 1
  num_samples: 4
  temperature: 1.0e-06
  posterior_exponentiation: tempered
  num_squash_vectors: 16
dataset:
  type: regression
  label: spiked_linear
  n_train: 64
  n_test: 200
  rank: 1
  n_features: 500
  noise_std: 0.1
  ood_input_variance:
  - 1.0
seed: 0
optimization:
  learning_rate: 0.0001
  batch_size: 2056
  epochs: 30000
model:
  type: mlp
  hidden_layers:
  - 64
  - 64
  prior_std: 0.33
  ff: None
  ff_amplitudes: false

Using device: cuda
[2025-11-17 05:26:26,390][HYDRA] 	#312 : posterior=sbvi posterior.num_samples=4 optimization.epochs=30000 posterior.temperature=1e-06 seed=0 optimization.learning_rate=0.0001 dataset=spiked_linear dataset.n_train=64 dataset.n_features=10000 posterior.num_squash_vectors=1
Config:
posterior:
  type: sbvi
  weight_variance_init: 1
  bias_variance_init: 1
  num_samples: 4
  temperature: 1.0e-06
  posterior_exponentiation: tempered
  num_squash_vectors: 1
dataset:
  type: regression
  label: spiked_linear
  n_train: 64
  n_test: 200
  rank: 1
  n_features: 10000
  noise_std: 0.1
  ood_input_variance:
  - 1.0
seed: 0
optimization:
  learning_rate: 0.0001
  batch_size: 2056
  epochs: 30000
model:
  type: mlp
  hidden_layers:
  - 64
  - 64
  prior_std: 0.33
  ff: None
  ff_amplitudes: false

Using device: cuda
[2025-11-17 05:26:26,548][HYDRA] 	#313 : posterior=sbvi posterior.num_samples=4 optimization.epochs=30000 posterior.temperature=1e-06 seed=0 optimization.learning_rate=0.0001 dataset=spiked_linear dataset.n_train=64 dataset.n_features=10000 posterior.num_squash_vectors=4
Config:
posterior:
  type: sbvi
  weight_variance_init: 1
  bias_variance_init: 1
  num_samples: 4
  temperature: 1.0e-06
  posterior_exponentiation: tempered
  num_squash_vectors: 4
dataset:
  type: regression
  label: spiked_linear
  n_train: 64
  n_test: 200
  rank: 1
  n_features: 10000
  noise_std: 0.1
  ood_input_variance:
  - 1.0
seed: 0
optimization:
  learning_rate: 0.0001
  batch_size: 2056
  epochs: 30000
model:
  type: mlp
  hidden_layers:
  - 64
  - 64
  prior_std: 0.33
  ff: None
  ff_amplitudes: false

Using device: cuda
[2025-11-17 05:26:26,714][HYDRA] 	#314 : posterior=sbvi posterior.num_samples=4 optimization.epochs=30000 posterior.temperature=1e-06 seed=0 optimization.learning_rate=0.0001 dataset=spiked_linear dataset.n_train=64 dataset.n_features=10000 posterior.num_squash_vectors=16
Config:
posterior:
  type: sbvi
  weight_variance_init: 1
  bias_variance_init: 1
  num_samples: 4
  temperature: 1.0e-06
  posterior_exponentiation: tempered
  num_squash_vectors: 16
dataset:
  type: regression
  label: spiked_linear
  n_train: 64
  n_test: 200
  rank: 1
  n_features: 10000
  noise_std: 0.1
  ood_input_variance:
  - 1.0
seed: 0
optimization:
  learning_rate: 0.0001
  batch_size: 2056
  epochs: 30000
model:
  type: mlp
  hidden_layers:
  - 64
  - 64
  prior_std: 0.33
  ff: None
  ff_amplitudes: false

Using device: cuda
[2025-11-17 05:26:26,899][HYDRA] 	#315 : posterior=sbvi posterior.num_samples=4 optimization.epochs=30000 posterior.temperature=1e-06 seed=0 optimization.learning_rate=0.0001 dataset=spiked_linear dataset.n_train=512 dataset.n_features=1 posterior.num_squash_vectors=1
Config:
posterior:
  type: sbvi
  weight_variance_init: 1
  bias_variance_init: 1
  num_samples: 4
  temperature: 1.0e-06
  posterior_exponentiation: tempered
  num_squash_vectors: 1
dataset:
  type: regression
  label: spiked_linear
  n_train: 512
  n_test: 200
  rank: 1
  n_features: 1
  noise_std: 0.1
  ood_input_variance:
  - 1.0
seed: 0
optimization:
  learning_rate: 0.0001
  batch_size: 2056
  epochs: 30000
model:
  type: mlp
  hidden_layers:
  - 64
  - 64
  prior_std: 0.33
  ff: None
  ff_amplitudes: false

Using device: cuda
[2025-11-17 05:26:27,049][HYDRA] 	#316 : posterior=sbvi posterior.num_samples=4 optimization.epochs=30000 posterior.temperature=1e-06 seed=0 optimization.learning_rate=0.0001 dataset=spiked_linear dataset.n_train=512 dataset.n_features=1 posterior.num_squash_vectors=4
Config:
posterior:
  type: sbvi
  weight_variance_init: 1
  bias_variance_init: 1
  num_samples: 4
  temperature: 1.0e-06
  posterior_exponentiation: tempered
  num_squash_vectors: 4
dataset:
  type: regression
  label: spiked_linear
  n_train: 512
  n_test: 200
  rank: 1
  n_features: 1
  noise_std: 0.1
  ood_input_variance:
  - 1.0
seed: 0
optimization:
  learning_rate: 0.0001
  batch_size: 2056
  epochs: 30000
model:
  type: mlp
  hidden_layers:
  - 64
  - 64
  prior_std: 0.33
  ff: None
  ff_amplitudes: false

Using device: cuda
[2025-11-17 05:26:27,178][HYDRA] 	#317 : posterior=sbvi posterior.num_samples=4 optimization.epochs=30000 posterior.temperature=1e-06 seed=0 optimization.learning_rate=0.0001 dataset=spiked_linear dataset.n_train=512 dataset.n_features=1 posterior.num_squash_vectors=16
Config:
posterior:
  type: sbvi
  weight_variance_init: 1
  bias_variance_init: 1
  num_samples: 4
  temperature: 1.0e-06
  posterior_exponentiation: tempered
  num_squash_vectors: 16
dataset:
  type: regression
  label: spiked_linear
  n_train: 512
  n_test: 200
  rank: 1
  n_features: 1
  noise_std: 0.1
  ood_input_variance:
  - 1.0
seed: 0
optimization:
  learning_rate: 0.0001
  batch_size: 2056
  epochs: 30000
model:
  type: mlp
  hidden_layers:
  - 64
  - 64
  prior_std: 0.33
  ff: None
  ff_amplitudes: false

Using device: cuda
[2025-11-17 05:26:27,340][HYDRA] 	#318 : posterior=sbvi posterior.num_samples=4 optimization.epochs=30000 posterior.temperature=1e-06 seed=0 optimization.learning_rate=0.0001 dataset=spiked_linear dataset.n_train=512 dataset.n_features=500 posterior.num_squash_vectors=1
Config:
posterior:
  type: sbvi
  weight_variance_init: 1
  bias_variance_init: 1
  num_samples: 4
  temperature: 1.0e-06
  posterior_exponentiation: tempered
  num_squash_vectors: 1
dataset:
  type: regression
  label: spiked_linear
  n_train: 512
  n_test: 200
  rank: 1
  n_features: 500
  noise_std: 0.1
  ood_input_variance:
  - 1.0
seed: 0
optimization:
  learning_rate: 0.0001
  batch_size: 2056
  epochs: 30000
model:
  type: mlp
  hidden_layers:
  - 64
  - 64
  prior_std: 0.33
  ff: None
  ff_amplitudes: false

Using device: cuda
[2025-11-17 05:26:27,457][HYDRA] 	#319 : posterior=sbvi posterior.num_samples=4 optimization.epochs=30000 posterior.temperature=1e-06 seed=0 optimization.learning_rate=0.0001 dataset=spiked_linear dataset.n_train=512 dataset.n_features=500 posterior.num_squash_vectors=4
Config:
posterior:
  type: sbvi
  weight_variance_init: 1
  bias_variance_init: 1
  num_samples: 4
  temperature: 1.0e-06
  posterior_exponentiation: tempered
  num_squash_vectors: 4
dataset:
  type: regression
  label: spiked_linear
  n_train: 512
  n_test: 200
  rank: 1
  n_features: 500
  noise_std: 0.1
  ood_input_variance:
  - 1.0
seed: 0
optimization:
  learning_rate: 0.0001
  batch_size: 2056
  epochs: 30000
model:
  type: mlp
  hidden_layers:
  - 64
  - 64
  prior_std: 0.33
  ff: None
  ff_amplitudes: false

Using device: cuda
[2025-11-17 05:26:27,598][HYDRA] 	#320 : posterior=sbvi posterior.num_samples=4 optimization.epochs=30000 posterior.temperature=1e-06 seed=0 optimization.learning_rate=0.0001 dataset=spiked_linear dataset.n_train=512 dataset.n_features=500 posterior.num_squash_vectors=16
Config:
posterior:
  type: sbvi
  weight_variance_init: 1
  bias_variance_init: 1
  num_samples: 4
  temperature: 1.0e-06
  posterior_exponentiation: tempered
  num_squash_vectors: 16
dataset:
  type: regression
  label: spiked_linear
  n_train: 512
  n_test: 200
  rank: 1
  n_features: 500
  noise_std: 0.1
  ood_input_variance:
  - 1.0
seed: 0
optimization:
  learning_rate: 0.0001
  batch_size: 2056
  epochs: 30000
model:
  type: mlp
  hidden_layers:
  - 64
  - 64
  prior_std: 0.33
  ff: None
  ff_amplitudes: false

Using device: cuda
[2025-11-17 05:26:27,747][HYDRA] 	#321 : posterior=sbvi posterior.num_samples=4 optimization.epochs=30000 posterior.temperature=1e-06 seed=0 optimization.learning_rate=0.0001 dataset=spiked_linear dataset.n_train=512 dataset.n_features=10000 posterior.num_squash_vectors=1
Config:
posterior:
  type: sbvi
  weight_variance_init: 1
  bias_variance_init: 1
  num_samples: 4
  temperature: 1.0e-06
  posterior_exponentiation: tempered
  num_squash_vectors: 1
dataset:
  type: regression
  label: spiked_linear
  n_train: 512
  n_test: 200
  rank: 1
  n_features: 10000
  noise_std: 0.1
  ood_input_variance:
  - 1.0
seed: 0
optimization:
  learning_rate: 0.0001
  batch_size: 2056
  epochs: 30000
model:
  type: mlp
  hidden_layers:
  - 64
  - 64
  prior_std: 0.33
  ff: None
  ff_amplitudes: false

Using device: cuda
[2025-11-17 05:26:27,868][HYDRA] 	#322 : posterior=sbvi posterior.num_samples=4 optimization.epochs=30000 posterior.temperature=1e-06 seed=0 optimization.learning_rate=0.0001 dataset=spiked_linear dataset.n_train=512 dataset.n_features=10000 posterior.num_squash_vectors=4
Config:
posterior:
  type: sbvi
  weight_variance_init: 1
  bias_variance_init: 1
  num_samples: 4
  temperature: 1.0e-06
  posterior_exponentiation: tempered
  num_squash_vectors: 4
dataset:
  type: regression
  label: spiked_linear
  n_train: 512
  n_test: 200
  rank: 1
  n_features: 10000
  noise_std: 0.1
  ood_input_variance:
  - 1.0
seed: 0
optimization:
  learning_rate: 0.0001
  batch_size: 2056
  epochs: 30000
model:
  type: mlp
  hidden_layers:
  - 64
  - 64
  prior_std: 0.33
  ff: None
  ff_amplitudes: false

Using device: cuda
[2025-11-17 05:26:28,056][HYDRA] 	#323 : posterior=sbvi posterior.num_samples=4 optimization.epochs=30000 posterior.temperature=1e-06 seed=0 optimization.learning_rate=0.0001 dataset=spiked_linear dataset.n_train=512 dataset.n_features=10000 posterior.num_squash_vectors=16
Config:
posterior:
  type: sbvi
  weight_variance_init: 1
  bias_variance_init: 1
  num_samples: 4
  temperature: 1.0e-06
  posterior_exponentiation: tempered
  num_squash_vectors: 16
dataset:
  type: regression
  label: spiked_linear
  n_train: 512
  n_test: 200
  rank: 1
  n_features: 10000
  noise_std: 0.1
  ood_input_variance:
  - 1.0
seed: 0
optimization:
  learning_rate: 0.0001
  batch_size: 2056
  epochs: 30000
model:
  type: mlp
  hidden_layers:
  - 64
  - 64
  prior_std: 0.33
  ff: None
  ff_amplitudes: false

Using device: cuda
[2025-11-17 05:26:28,190][HYDRA] 	#324 : posterior=sbvi posterior.num_samples=16 optimization.epochs=30000 posterior.temperature=1 seed=0 optimization.learning_rate=0.0003 dataset=spiked_linear dataset.n_train=4 dataset.n_features=1 posterior.num_squash_vectors=1
Config:
posterior:
  type: sbvi
  weight_variance_init: 1
  bias_variance_init: 1
  num_samples: 16
  temperature: 1
  posterior_exponentiation: tempered
  num_squash_vectors: 1
dataset:
  type: regression
  label: spiked_linear
  n_train: 4
  n_test: 200
  rank: 1
  n_features: 1
  noise_std: 0.1
  ood_input_variance:
  - 1.0
seed: 0
optimization:
  learning_rate: 0.0003
  batch_size: 2056
  epochs: 30000
model:
  type: mlp
  hidden_layers:
  - 64
  - 64
  prior_std: 0.33
  ff: None
  ff_amplitudes: false

Using device: cuda
[2025-11-17 05:26:28,346][HYDRA] 	#325 : posterior=sbvi posterior.num_samples=16 optimization.epochs=30000 posterior.temperature=1 seed=0 optimization.learning_rate=0.0003 dataset=spiked_linear dataset.n_train=4 dataset.n_features=1 posterior.num_squash_vectors=4
Config:
posterior:
  type: sbvi
  weight_variance_init: 1
  bias_variance_init: 1
  num_samples: 16
  temperature: 1
  posterior_exponentiation: tempered
  num_squash_vectors: 4
dataset:
  type: regression
  label: spiked_linear
  n_train: 4
  n_test: 200
  rank: 1
  n_features: 1
  noise_std: 0.1
  ood_input_variance:
  - 1.0
seed: 0
optimization:
  learning_rate: 0.0003
  batch_size: 2056
  epochs: 30000
model:
  type: mlp
  hidden_layers:
  - 64
  - 64
  prior_std: 0.33
  ff: None
  ff_amplitudes: false

Using device: cuda
[2025-11-17 05:26:28,462][HYDRA] 	#326 : posterior=sbvi posterior.num_samples=16 optimization.epochs=30000 posterior.temperature=1 seed=0 optimization.learning_rate=0.0003 dataset=spiked_linear dataset.n_train=4 dataset.n_features=1 posterior.num_squash_vectors=16
Config:
posterior:
  type: sbvi
  weight_variance_init: 1
  bias_variance_init: 1
  num_samples: 16
  temperature: 1
  posterior_exponentiation: tempered
  num_squash_vectors: 16
dataset:
  type: regression
  label: spiked_linear
  n_train: 4
  n_test: 200
  rank: 1
  n_features: 1
  noise_std: 0.1
  ood_input_variance:
  - 1.0
seed: 0
optimization:
  learning_rate: 0.0003
  batch_size: 2056
  epochs: 30000
model:
  type: mlp
  hidden_layers:
  - 64
  - 64
  prior_std: 0.33
  ff: None
  ff_amplitudes: false

Using device: cuda
[2025-11-17 05:26:28,581][HYDRA] 	#327 : posterior=sbvi posterior.num_samples=16 optimization.epochs=30000 posterior.temperature=1 seed=0 optimization.learning_rate=0.0003 dataset=spiked_linear dataset.n_train=4 dataset.n_features=500 posterior.num_squash_vectors=1
Config:
posterior:
  type: sbvi
  weight_variance_init: 1
  bias_variance_init: 1
  num_samples: 16
  temperature: 1
  posterior_exponentiation: tempered
  num_squash_vectors: 1
dataset:
  type: regression
  label: spiked_linear
  n_train: 4
  n_test: 200
  rank: 1
  n_features: 500
  noise_std: 0.1
  ood_input_variance:
  - 1.0
seed: 0
optimization:
  learning_rate: 0.0003
  batch_size: 2056
  epochs: 30000
model:
  type: mlp
  hidden_layers:
  - 64
  - 64
  prior_std: 0.33
  ff: None
  ff_amplitudes: false

Using device: cuda
[2025-11-17 05:26:28,744][HYDRA] 	#328 : posterior=sbvi posterior.num_samples=16 optimization.epochs=30000 posterior.temperature=1 seed=0 optimization.learning_rate=0.0003 dataset=spiked_linear dataset.n_train=4 dataset.n_features=500 posterior.num_squash_vectors=4
Config:
posterior:
  type: sbvi
  weight_variance_init: 1
  bias_variance_init: 1
  num_samples: 16
  temperature: 1
  posterior_exponentiation: tempered
  num_squash_vectors: 4
dataset:
  type: regression
  label: spiked_linear
  n_train: 4
  n_test: 200
  rank: 1
  n_features: 500
  noise_std: 0.1
  ood_input_variance:
  - 1.0
seed: 0
optimization:
  learning_rate: 0.0003
  batch_size: 2056
  epochs: 30000
model:
  type: mlp
  hidden_layers:
  - 64
  - 64
  prior_std: 0.33
  ff: None
  ff_amplitudes: false

Using device: cuda
[2025-11-17 05:26:28,897][HYDRA] 	#329 : posterior=sbvi posterior.num_samples=16 optimization.epochs=30000 posterior.temperature=1 seed=0 optimization.learning_rate=0.0003 dataset=spiked_linear dataset.n_train=4 dataset.n_features=500 posterior.num_squash_vectors=16
Config:
posterior:
  type: sbvi
  weight_variance_init: 1
  bias_variance_init: 1
  num_samples: 16
  temperature: 1
  posterior_exponentiation: tempered
  num_squash_vectors: 16
dataset:
  type: regression
  label: spiked_linear
  n_train: 4
  n_test: 200
  rank: 1
  n_features: 500
  noise_std: 0.1
  ood_input_variance:
  - 1.0
seed: 0
optimization:
  learning_rate: 0.0003
  batch_size: 2056
  epochs: 30000
model:
  type: mlp
  hidden_layers:
  - 64
  - 64
  prior_std: 0.33
  ff: None
  ff_amplitudes: false

Using device: cuda
[2025-11-17 05:26:29,043][HYDRA] 	#330 : posterior=sbvi posterior.num_samples=16 optimization.epochs=30000 posterior.temperature=1 seed=0 optimization.learning_rate=0.0003 dataset=spiked_linear dataset.n_train=4 dataset.n_features=10000 posterior.num_squash_vectors=1
Config:
posterior:
  type: sbvi
  weight_variance_init: 1
  bias_variance_init: 1
  num_samples: 16
  temperature: 1
  posterior_exponentiation: tempered
  num_squash_vectors: 1
dataset:
  type: regression
  label: spiked_linear
  n_train: 4
  n_test: 200
  rank: 1
  n_features: 10000
  noise_std: 0.1
  ood_input_variance:
  - 1.0
seed: 0
optimization:
  learning_rate: 0.0003
  batch_size: 2056
  epochs: 30000
model:
  type: mlp
  hidden_layers:
  - 64
  - 64
  prior_std: 0.33
  ff: None
  ff_amplitudes: false

Using device: cuda
[2025-11-17 05:26:29,188][HYDRA] 	#331 : posterior=sbvi posterior.num_samples=16 optimization.epochs=30000 posterior.temperature=1 seed=0 optimization.learning_rate=0.0003 dataset=spiked_linear dataset.n_train=4 dataset.n_features=10000 posterior.num_squash_vectors=4
Config:
posterior:
  type: sbvi
  weight_variance_init: 1
  bias_variance_init: 1
  num_samples: 16
  temperature: 1
  posterior_exponentiation: tempered
  num_squash_vectors: 4
dataset:
  type: regression
  label: spiked_linear
  n_train: 4
  n_test: 200
  rank: 1
  n_features: 10000
  noise_std: 0.1
  ood_input_variance:
  - 1.0
seed: 0
optimization:
  learning_rate: 0.0003
  batch_size: 2056
  epochs: 30000
model:
  type: mlp
  hidden_layers:
  - 64
  - 64
  prior_std: 0.33
  ff: None
  ff_amplitudes: false

Using device: cuda
[2025-11-17 05:26:29,315][HYDRA] 	#332 : posterior=sbvi posterior.num_samples=16 optimization.epochs=30000 posterior.temperature=1 seed=0 optimization.learning_rate=0.0003 dataset=spiked_linear dataset.n_train=4 dataset.n_features=10000 posterior.num_squash_vectors=16
Config:
posterior:
  type: sbvi
  weight_variance_init: 1
  bias_variance_init: 1
  num_samples: 16
  temperature: 1
  posterior_exponentiation: tempered
  num_squash_vectors: 16
dataset:
  type: regression
  label: spiked_linear
  n_train: 4
  n_test: 200
  rank: 1
  n_features: 10000
  noise_std: 0.1
  ood_input_variance:
  - 1.0
seed: 0
optimization:
  learning_rate: 0.0003
  batch_size: 2056
  epochs: 30000
model:
  type: mlp
  hidden_layers:
  - 64
  - 64
  prior_std: 0.33
  ff: None
  ff_amplitudes: false

Using device: cuda
[2025-11-17 05:26:29,436][HYDRA] 	#333 : posterior=sbvi posterior.num_samples=16 optimization.epochs=30000 posterior.temperature=1 seed=0 optimization.learning_rate=0.0003 dataset=spiked_linear dataset.n_train=64 dataset.n_features=1 posterior.num_squash_vectors=1
Config:
posterior:
  type: sbvi
  weight_variance_init: 1
  bias_variance_init: 1
  num_samples: 16
  temperature: 1
  posterior_exponentiation: tempered
  num_squash_vectors: 1
dataset:
  type: regression
  label: spiked_linear
  n_train: 64
  n_test: 200
  rank: 1
  n_features: 1
  noise_std: 0.1
  ood_input_variance:
  - 1.0
seed: 0
optimization:
  learning_rate: 0.0003
  batch_size: 2056
  epochs: 30000
model:
  type: mlp
  hidden_layers:
  - 64
  - 64
  prior_std: 0.33
  ff: None
  ff_amplitudes: false

Using device: cuda
[2025-11-17 05:26:29,610][HYDRA] 	#334 : posterior=sbvi posterior.num_samples=16 optimization.epochs=30000 posterior.temperature=1 seed=0 optimization.learning_rate=0.0003 dataset=spiked_linear dataset.n_train=64 dataset.n_features=1 posterior.num_squash_vectors=4
Config:
posterior:
  type: sbvi
  weight_variance_init: 1
  bias_variance_init: 1
  num_samples: 16
  temperature: 1
  posterior_exponentiation: tempered
  num_squash_vectors: 4
dataset:
  type: regression
  label: spiked_linear
  n_train: 64
  n_test: 200
  rank: 1
  n_features: 1
  noise_std: 0.1
  ood_input_variance:
  - 1.0
seed: 0
optimization:
  learning_rate: 0.0003
  batch_size: 2056
  epochs: 30000
model:
  type: mlp
  hidden_layers:
  - 64
  - 64
  prior_std: 0.33
  ff: None
  ff_amplitudes: false

Using device: cuda
[2025-11-17 05:26:29,766][HYDRA] 	#335 : posterior=sbvi posterior.num_samples=16 optimization.epochs=30000 posterior.temperature=1 seed=0 optimization.learning_rate=0.0003 dataset=spiked_linear dataset.n_train=64 dataset.n_features=1 posterior.num_squash_vectors=16
Config:
posterior:
  type: sbvi
  weight_variance_init: 1
  bias_variance_init: 1
  num_samples: 16
  temperature: 1
  posterior_exponentiation: tempered
  num_squash_vectors: 16
dataset:
  type: regression
  label: spiked_linear
  n_train: 64
  n_test: 200
  rank: 1
  n_features: 1
  noise_std: 0.1
  ood_input_variance:
  - 1.0
seed: 0
optimization:
  learning_rate: 0.0003
  batch_size: 2056
  epochs: 30000
model:
  type: mlp
  hidden_layers:
  - 64
  - 64
  prior_std: 0.33
  ff: None
  ff_amplitudes: false

Using device: cuda
[2025-11-17 05:26:29,907][HYDRA] 	#336 : posterior=sbvi posterior.num_samples=16 optimization.epochs=30000 posterior.temperature=1 seed=0 optimization.learning_rate=0.0003 dataset=spiked_linear dataset.n_train=64 dataset.n_features=500 posterior.num_squash_vectors=1
Config:
posterior:
  type: sbvi
  weight_variance_init: 1
  bias_variance_init: 1
  num_samples: 16
  temperature: 1
  posterior_exponentiation: tempered
  num_squash_vectors: 1
dataset:
  type: regression
  label: spiked_linear
  n_train: 64
  n_test: 200
  rank: 1
  n_features: 500
  noise_std: 0.1
  ood_input_variance:
  - 1.0
seed: 0
optimization:
  learning_rate: 0.0003
  batch_size: 2056
  epochs: 30000
model:
  type: mlp
  hidden_layers:
  - 64
  - 64
  prior_std: 0.33
  ff: None
  ff_amplitudes: false

Using device: cuda
[2025-11-17 05:26:30,077][HYDRA] 	#337 : posterior=sbvi posterior.num_samples=16 optimization.epochs=30000 posterior.temperature=1 seed=0 optimization.learning_rate=0.0003 dataset=spiked_linear dataset.n_train=64 dataset.n_features=500 posterior.num_squash_vectors=4
Config:
posterior:
  type: sbvi
  weight_variance_init: 1
  bias_variance_init: 1
  num_samples: 16
  temperature: 1
  posterior_exponentiation: tempered
  num_squash_vectors: 4
dataset:
  type: regression
  label: spiked_linear
  n_train: 64
  n_test: 200
  rank: 1
  n_features: 500
  noise_std: 0.1
  ood_input_variance:
  - 1.0
seed: 0
optimization:
  learning_rate: 0.0003
  batch_size: 2056
  epochs: 30000
model:
  type: mlp
  hidden_layers:
  - 64
  - 64
  prior_std: 0.33
  ff: None
  ff_amplitudes: false

Using device: cuda
[2025-11-17 05:26:30,215][HYDRA] 	#338 : posterior=sbvi posterior.num_samples=16 optimization.epochs=30000 posterior.temperature=1 seed=0 optimization.learning_rate=0.0003 dataset=spiked_linear dataset.n_train=64 dataset.n_features=500 posterior.num_squash_vectors=16
Config:
posterior:
  type: sbvi
  weight_variance_init: 1
  bias_variance_init: 1
  num_samples: 16
  temperature: 1
  posterior_exponentiation: tempered
  num_squash_vectors: 16
dataset:
  type: regression
  label: spiked_linear
  n_train: 64
  n_test: 200
  rank: 1
  n_features: 500
  noise_std: 0.1
  ood_input_variance:
  - 1.0
seed: 0
optimization:
  learning_rate: 0.0003
  batch_size: 2056
  epochs: 30000
model:
  type: mlp
  hidden_layers:
  - 64
  - 64
  prior_std: 0.33
  ff: None
  ff_amplitudes: false

Using device: cuda
[2025-11-17 05:26:30,367][HYDRA] 	#339 : posterior=sbvi posterior.num_samples=16 optimization.epochs=30000 posterior.temperature=1 seed=0 optimization.learning_rate=0.0003 dataset=spiked_linear dataset.n_train=64 dataset.n_features=10000 posterior.num_squash_vectors=1
Config:
posterior:
  type: sbvi
  weight_variance_init: 1
  bias_variance_init: 1
  num_samples: 16
  temperature: 1
  posterior_exponentiation: tempered
  num_squash_vectors: 1
dataset:
  type: regression
  label: spiked_linear
  n_train: 64
  n_test: 200
  rank: 1
  n_features: 10000
  noise_std: 0.1
  ood_input_variance:
  - 1.0
seed: 0
optimization:
  learning_rate: 0.0003
  batch_size: 2056
  epochs: 30000
model:
  type: mlp
  hidden_layers:
  - 64
  - 64
  prior_std: 0.33
  ff: None
  ff_amplitudes: false

Using device: cuda
[2025-11-17 05:26:30,514][HYDRA] 	#340 : posterior=sbvi posterior.num_samples=16 optimization.epochs=30000 posterior.temperature=1 seed=0 optimization.learning_rate=0.0003 dataset=spiked_linear dataset.n_train=64 dataset.n_features=10000 posterior.num_squash_vectors=4
Config:
posterior:
  type: sbvi
  weight_variance_init: 1
  bias_variance_init: 1
  num_samples: 16
  temperature: 1
  posterior_exponentiation: tempered
  num_squash_vectors: 4
dataset:
  type: regression
  label: spiked_linear
  n_train: 64
  n_test: 200
  rank: 1
  n_features: 10000
  noise_std: 0.1
  ood_input_variance:
  - 1.0
seed: 0
optimization:
  learning_rate: 0.0003
  batch_size: 2056
  epochs: 30000
model:
  type: mlp
  hidden_layers:
  - 64
  - 64
  prior_std: 0.33
  ff: None
  ff_amplitudes: false

Using device: cuda
[2025-11-17 05:26:30,651][HYDRA] 	#341 : posterior=sbvi posterior.num_samples=16 optimization.epochs=30000 posterior.temperature=1 seed=0 optimization.learning_rate=0.0003 dataset=spiked_linear dataset.n_train=64 dataset.n_features=10000 posterior.num_squash_vectors=16
Config:
posterior:
  type: sbvi
  weight_variance_init: 1
  bias_variance_init: 1
  num_samples: 16
  temperature: 1
  posterior_exponentiation: tempered
  num_squash_vectors: 16
dataset:
  type: regression
  label: spiked_linear
  n_train: 64
  n_test: 200
  rank: 1
  n_features: 10000
  noise_std: 0.1
  ood_input_variance:
  - 1.0
seed: 0
optimization:
  learning_rate: 0.0003
  batch_size: 2056
  epochs: 30000
model:
  type: mlp
  hidden_layers:
  - 64
  - 64
  prior_std: 0.33
  ff: None
  ff_amplitudes: false

Using device: cuda
[2025-11-17 05:26:30,812][HYDRA] 	#342 : posterior=sbvi posterior.num_samples=16 optimization.epochs=30000 posterior.temperature=1 seed=0 optimization.learning_rate=0.0003 dataset=spiked_linear dataset.n_train=512 dataset.n_features=1 posterior.num_squash_vectors=1
Config:
posterior:
  type: sbvi
  weight_variance_init: 1
  bias_variance_init: 1
  num_samples: 16
  temperature: 1
  posterior_exponentiation: tempered
  num_squash_vectors: 1
dataset:
  type: regression
  label: spiked_linear
  n_train: 512
  n_test: 200
  rank: 1
  n_features: 1
  noise_std: 0.1
  ood_input_variance:
  - 1.0
seed: 0
optimization:
  learning_rate: 0.0003
  batch_size: 2056
  epochs: 30000
model:
  type: mlp
  hidden_layers:
  - 64
  - 64
  prior_std: 0.33
  ff: None
  ff_amplitudes: false

Using device: cuda
[2025-11-17 05:26:30,943][HYDRA] 	#343 : posterior=sbvi posterior.num_samples=16 optimization.epochs=30000 posterior.temperature=1 seed=0 optimization.learning_rate=0.0003 dataset=spiked_linear dataset.n_train=512 dataset.n_features=1 posterior.num_squash_vectors=4
Config:
posterior:
  type: sbvi
  weight_variance_init: 1
  bias_variance_init: 1
  num_samples: 16
  temperature: 1
  posterior_exponentiation: tempered
  num_squash_vectors: 4
dataset:
  type: regression
  label: spiked_linear
  n_train: 512
  n_test: 200
  rank: 1
  n_features: 1
  noise_std: 0.1
  ood_input_variance:
  - 1.0
seed: 0
optimization:
  learning_rate: 0.0003
  batch_size: 2056
  epochs: 30000
model:
  type: mlp
  hidden_layers:
  - 64
  - 64
  prior_std: 0.33
  ff: None
  ff_amplitudes: false

Using device: cuda
[2025-11-17 05:26:31,092][HYDRA] 	#344 : posterior=sbvi posterior.num_samples=16 optimization.epochs=30000 posterior.temperature=1 seed=0 optimization.learning_rate=0.0003 dataset=spiked_linear dataset.n_train=512 dataset.n_features=1 posterior.num_squash_vectors=16
Config:
posterior:
  type: sbvi
  weight_variance_init: 1
  bias_variance_init: 1
  num_samples: 16
  temperature: 1
  posterior_exponentiation: tempered
  num_squash_vectors: 16
dataset:
  type: regression
  label: spiked_linear
  n_train: 512
  n_test: 200
  rank: 1
  n_features: 1
  noise_std: 0.1
  ood_input_variance:
  - 1.0
seed: 0
optimization:
  learning_rate: 0.0003
  batch_size: 2056
  epochs: 30000
model:
  type: mlp
  hidden_layers:
  - 64
  - 64
  prior_std: 0.33
  ff: None
  ff_amplitudes: false

Using device: cuda
[2025-11-17 05:26:31,225][HYDRA] 	#345 : posterior=sbvi posterior.num_samples=16 optimization.epochs=30000 posterior.temperature=1 seed=0 optimization.learning_rate=0.0003 dataset=spiked_linear dataset.n_train=512 dataset.n_features=500 posterior.num_squash_vectors=1
Config:
posterior:
  type: sbvi
  weight_variance_init: 1
  bias_variance_init: 1
  num_samples: 16
  temperature: 1
  posterior_exponentiation: tempered
  num_squash_vectors: 1
dataset:
  type: regression
  label: spiked_linear
  n_train: 512
  n_test: 200
  rank: 1
  n_features: 500
  noise_std: 0.1
  ood_input_variance:
  - 1.0
seed: 0
optimization:
  learning_rate: 0.0003
  batch_size: 2056
  epochs: 30000
model:
  type: mlp
  hidden_layers:
  - 64
  - 64
  prior_std: 0.33
  ff: None
  ff_amplitudes: false

Using device: cuda
[2025-11-17 05:26:31,360][HYDRA] 	#346 : posterior=sbvi posterior.num_samples=16 optimization.epochs=30000 posterior.temperature=1 seed=0 optimization.learning_rate=0.0003 dataset=spiked_linear dataset.n_train=512 dataset.n_features=500 posterior.num_squash_vectors=4
Config:
posterior:
  type: sbvi
  weight_variance_init: 1
  bias_variance_init: 1
  num_samples: 16
  temperature: 1
  posterior_exponentiation: tempered
  num_squash_vectors: 4
dataset:
  type: regression
  label: spiked_linear
  n_train: 512
  n_test: 200
  rank: 1
  n_features: 500
  noise_std: 0.1
  ood_input_variance:
  - 1.0
seed: 0
optimization:
  learning_rate: 0.0003
  batch_size: 2056
  epochs: 30000
model:
  type: mlp
  hidden_layers:
  - 64
  - 64
  prior_std: 0.33
  ff: None
  ff_amplitudes: false

Using device: cuda
[2025-11-17 05:26:31,504][HYDRA] 	#347 : posterior=sbvi posterior.num_samples=16 optimization.epochs=30000 posterior.temperature=1 seed=0 optimization.learning_rate=0.0003 dataset=spiked_linear dataset.n_train=512 dataset.n_features=500 posterior.num_squash_vectors=16
Config:
posterior:
  type: sbvi
  weight_variance_init: 1
  bias_variance_init: 1
  num_samples: 16
  temperature: 1
  posterior_exponentiation: tempered
  num_squash_vectors: 16
dataset:
  type: regression
  label: spiked_linear
  n_train: 512
  n_test: 200
  rank: 1
  n_features: 500
  noise_std: 0.1
  ood_input_variance:
  - 1.0
seed: 0
optimization:
  learning_rate: 0.0003
  batch_size: 2056
  epochs: 30000
model:
  type: mlp
  hidden_layers:
  - 64
  - 64
  prior_std: 0.33
  ff: None
  ff_amplitudes: false

Using device: cuda
[2025-11-17 05:26:31,657][HYDRA] 	#348 : posterior=sbvi posterior.num_samples=16 optimization.epochs=30000 posterior.temperature=1 seed=0 optimization.learning_rate=0.0003 dataset=spiked_linear dataset.n_train=512 dataset.n_features=10000 posterior.num_squash_vectors=1
Config:
posterior:
  type: sbvi
  weight_variance_init: 1
  bias_variance_init: 1
  num_samples: 16
  temperature: 1
  posterior_exponentiation: tempered
  num_squash_vectors: 1
dataset:
  type: regression
  label: spiked_linear
  n_train: 512
  n_test: 200
  rank: 1
  n_features: 10000
  noise_std: 0.1
  ood_input_variance:
  - 1.0
seed: 0
optimization:
  learning_rate: 0.0003
  batch_size: 2056
  epochs: 30000
model:
  type: mlp
  hidden_layers:
  - 64
  - 64
  prior_std: 0.33
  ff: None
  ff_amplitudes: false

Using device: cuda
[2025-11-17 05:26:31,826][HYDRA] 	#349 : posterior=sbvi posterior.num_samples=16 optimization.epochs=30000 posterior.temperature=1 seed=0 optimization.learning_rate=0.0003 dataset=spiked_linear dataset.n_train=512 dataset.n_features=10000 posterior.num_squash_vectors=4
Config:
posterior:
  type: sbvi
  weight_variance_init: 1
  bias_variance_init: 1
  num_samples: 16
  temperature: 1
  posterior_exponentiation: tempered
  num_squash_vectors: 4
dataset:
  type: regression
  label: spiked_linear
  n_train: 512
  n_test: 200
  rank: 1
  n_features: 10000
  noise_std: 0.1
  ood_input_variance:
  - 1.0
seed: 0
optimization:
  learning_rate: 0.0003
  batch_size: 2056
  epochs: 30000
model:
  type: mlp
  hidden_layers:
  - 64
  - 64
  prior_std: 0.33
  ff: None
  ff_amplitudes: false

Using device: cuda
[2025-11-17 05:26:31,993][HYDRA] 	#350 : posterior=sbvi posterior.num_samples=16 optimization.epochs=30000 posterior.temperature=1 seed=0 optimization.learning_rate=0.0003 dataset=spiked_linear dataset.n_train=512 dataset.n_features=10000 posterior.num_squash_vectors=16
Config:
posterior:
  type: sbvi
  weight_variance_init: 1
  bias_variance_init: 1
  num_samples: 16
  temperature: 1
  posterior_exponentiation: tempered
  num_squash_vectors: 16
dataset:
  type: regression
  label: spiked_linear
  n_train: 512
  n_test: 200
  rank: 1
  n_features: 10000
  noise_std: 0.1
  ood_input_variance:
  - 1.0
seed: 0
optimization:
  learning_rate: 0.0003
  batch_size: 2056
  epochs: 30000
model:
  type: mlp
  hidden_layers:
  - 64
  - 64
  prior_std: 0.33
  ff: None
  ff_amplitudes: false

Using device: cuda
[2025-11-17 05:26:32,145][HYDRA] 	#351 : posterior=sbvi posterior.num_samples=16 optimization.epochs=30000 posterior.temperature=1 seed=0 optimization.learning_rate=0.0001 dataset=spiked_linear dataset.n_train=4 dataset.n_features=1 posterior.num_squash_vectors=1
Config:
posterior:
  type: sbvi
  weight_variance_init: 1
  bias_variance_init: 1
  num_samples: 16
  temperature: 1
  posterior_exponentiation: tempered
  num_squash_vectors: 1
dataset:
  type: regression
  label: spiked_linear
  n_train: 4
  n_test: 200
  rank: 1
  n_features: 1
  noise_std: 0.1
  ood_input_variance:
  - 1.0
seed: 0
optimization:
  learning_rate: 0.0001
  batch_size: 2056
  epochs: 30000
model:
  type: mlp
  hidden_layers:
  - 64
  - 64
  prior_std: 0.33
  ff: None
  ff_amplitudes: false

Using device: cuda
[2025-11-17 05:26:32,281][HYDRA] 	#352 : posterior=sbvi posterior.num_samples=16 optimization.epochs=30000 posterior.temperature=1 seed=0 optimization.learning_rate=0.0001 dataset=spiked_linear dataset.n_train=4 dataset.n_features=1 posterior.num_squash_vectors=4
Config:
posterior:
  type: sbvi
  weight_variance_init: 1
  bias_variance_init: 1
  num_samples: 16
  temperature: 1
  posterior_exponentiation: tempered
  num_squash_vectors: 4
dataset:
  type: regression
  label: spiked_linear
  n_train: 4
  n_test: 200
  rank: 1
  n_features: 1
  noise_std: 0.1
  ood_input_variance:
  - 1.0
seed: 0
optimization:
  learning_rate: 0.0001
  batch_size: 2056
  epochs: 30000
model:
  type: mlp
  hidden_layers:
  - 64
  - 64
  prior_std: 0.33
  ff: None
  ff_amplitudes: false

Using device: cuda
[2025-11-17 05:26:32,402][HYDRA] 	#353 : posterior=sbvi posterior.num_samples=16 optimization.epochs=30000 posterior.temperature=1 seed=0 optimization.learning_rate=0.0001 dataset=spiked_linear dataset.n_train=4 dataset.n_features=1 posterior.num_squash_vectors=16
Config:
posterior:
  type: sbvi
  weight_variance_init: 1
  bias_variance_init: 1
  num_samples: 16
  temperature: 1
  posterior_exponentiation: tempered
  num_squash_vectors: 16
dataset:
  type: regression
  label: spiked_linear
  n_train: 4
  n_test: 200
  rank: 1
  n_features: 1
  noise_std: 0.1
  ood_input_variance:
  - 1.0
seed: 0
optimization:
  learning_rate: 0.0001
  batch_size: 2056
  epochs: 30000
model:
  type: mlp
  hidden_layers:
  - 64
  - 64
  prior_std: 0.33
  ff: None
  ff_amplitudes: false

Using device: cuda
[2025-11-17 05:26:32,555][HYDRA] 	#354 : posterior=sbvi posterior.num_samples=16 optimization.epochs=30000 posterior.temperature=1 seed=0 optimization.learning_rate=0.0001 dataset=spiked_linear dataset.n_train=4 dataset.n_features=500 posterior.num_squash_vectors=1
Config:
posterior:
  type: sbvi
  weight_variance_init: 1
  bias_variance_init: 1
  num_samples: 16
  temperature: 1
  posterior_exponentiation: tempered
  num_squash_vectors: 1
dataset:
  type: regression
  label: spiked_linear
  n_train: 4
  n_test: 200
  rank: 1
  n_features: 500
  noise_std: 0.1
  ood_input_variance:
  - 1.0
seed: 0
optimization:
  learning_rate: 0.0001
  batch_size: 2056
  epochs: 30000
model:
  type: mlp
  hidden_layers:
  - 64
  - 64
  prior_std: 0.33
  ff: None
  ff_amplitudes: false

Using device: cuda
[2025-11-17 05:26:32,717][HYDRA] 	#355 : posterior=sbvi posterior.num_samples=16 optimization.epochs=30000 posterior.temperature=1 seed=0 optimization.learning_rate=0.0001 dataset=spiked_linear dataset.n_train=4 dataset.n_features=500 posterior.num_squash_vectors=4
Config:
posterior:
  type: sbvi
  weight_variance_init: 1
  bias_variance_init: 1
  num_samples: 16
  temperature: 1
  posterior_exponentiation: tempered
  num_squash_vectors: 4
dataset:
  type: regression
  label: spiked_linear
  n_train: 4
  n_test: 200
  rank: 1
  n_features: 500
  noise_std: 0.1
  ood_input_variance:
  - 1.0
seed: 0
optimization:
  learning_rate: 0.0001
  batch_size: 2056
  epochs: 30000
model:
  type: mlp
  hidden_layers:
  - 64
  - 64
  prior_std: 0.33
  ff: None
  ff_amplitudes: false

Using device: cuda
[2025-11-17 05:26:32,843][HYDRA] 	#356 : posterior=sbvi posterior.num_samples=16 optimization.epochs=30000 posterior.temperature=1 seed=0 optimization.learning_rate=0.0001 dataset=spiked_linear dataset.n_train=4 dataset.n_features=500 posterior.num_squash_vectors=16
Config:
posterior:
  type: sbvi
  weight_variance_init: 1
  bias_variance_init: 1
  num_samples: 16
  temperature: 1
  posterior_exponentiation: tempered
  num_squash_vectors: 16
dataset:
  type: regression
  label: spiked_linear
  n_train: 4
  n_test: 200
  rank: 1
  n_features: 500
  noise_std: 0.1
  ood_input_variance:
  - 1.0
seed: 0
optimization:
  learning_rate: 0.0001
  batch_size: 2056
  epochs: 30000
model:
  type: mlp
  hidden_layers:
  - 64
  - 64
  prior_std: 0.33
  ff: None
  ff_amplitudes: false

Using device: cuda
[2025-11-17 05:26:33,012][HYDRA] 	#357 : posterior=sbvi posterior.num_samples=16 optimization.epochs=30000 posterior.temperature=1 seed=0 optimization.learning_rate=0.0001 dataset=spiked_linear dataset.n_train=4 dataset.n_features=10000 posterior.num_squash_vectors=1
Config:
posterior:
  type: sbvi
  weight_variance_init: 1
  bias_variance_init: 1
  num_samples: 16
  temperature: 1
  posterior_exponentiation: tempered
  num_squash_vectors: 1
dataset:
  type: regression
  label: spiked_linear
  n_train: 4
  n_test: 200
  rank: 1
  n_features: 10000
  noise_std: 0.1
  ood_input_variance:
  - 1.0
seed: 0
optimization:
  learning_rate: 0.0001
  batch_size: 2056
  epochs: 30000
model:
  type: mlp
  hidden_layers:
  - 64
  - 64
  prior_std: 0.33
  ff: None
  ff_amplitudes: false

Using device: cuda
[2025-11-17 05:26:33,131][HYDRA] 	#358 : posterior=sbvi posterior.num_samples=16 optimization.epochs=30000 posterior.temperature=1 seed=0 optimization.learning_rate=0.0001 dataset=spiked_linear dataset.n_train=4 dataset.n_features=10000 posterior.num_squash_vectors=4
Config:
posterior:
  type: sbvi
  weight_variance_init: 1
  bias_variance_init: 1
  num_samples: 16
  temperature: 1
  posterior_exponentiation: tempered
  num_squash_vectors: 4
dataset:
  type: regression
  label: spiked_linear
  n_train: 4
  n_test: 200
  rank: 1
  n_features: 10000
  noise_std: 0.1
  ood_input_variance:
  - 1.0
seed: 0
optimization:
  learning_rate: 0.0001
  batch_size: 2056
  epochs: 30000
model:
  type: mlp
  hidden_layers:
  - 64
  - 64
  prior_std: 0.33
  ff: None
  ff_amplitudes: false

Using device: cuda
[2025-11-17 05:26:33,379][HYDRA] 	#359 : posterior=sbvi posterior.num_samples=16 optimization.epochs=30000 posterior.temperature=1 seed=0 optimization.learning_rate=0.0001 dataset=spiked_linear dataset.n_train=4 dataset.n_features=10000 posterior.num_squash_vectors=16
Config:
posterior:
  type: sbvi
  weight_variance_init: 1
  bias_variance_init: 1
  num_samples: 16
  temperature: 1
  posterior_exponentiation: tempered
  num_squash_vectors: 16
dataset:
  type: regression
  label: spiked_linear
  n_train: 4
  n_test: 200
  rank: 1
  n_features: 10000
  noise_std: 0.1
  ood_input_variance:
  - 1.0
seed: 0
optimization:
  learning_rate: 0.0001
  batch_size: 2056
  epochs: 30000
model:
  type: mlp
  hidden_layers:
  - 64
  - 64
  prior_std: 0.33
  ff: None
  ff_amplitudes: false

Using device: cuda
[2025-11-17 05:26:33,507][HYDRA] 	#360 : posterior=sbvi posterior.num_samples=16 optimization.epochs=30000 posterior.temperature=1 seed=0 optimization.learning_rate=0.0001 dataset=spiked_linear dataset.n_train=64 dataset.n_features=1 posterior.num_squash_vectors=1
Config:
posterior:
  type: sbvi
  weight_variance_init: 1
  bias_variance_init: 1
  num_samples: 16
  temperature: 1
  posterior_exponentiation: tempered
  num_squash_vectors: 1
dataset:
  type: regression
  label: spiked_linear
  n_train: 64
  n_test: 200
  rank: 1
  n_features: 1
  noise_std: 0.1
  ood_input_variance:
  - 1.0
seed: 0
optimization:
  learning_rate: 0.0001
  batch_size: 2056
  epochs: 30000
model:
  type: mlp
  hidden_layers:
  - 64
  - 64
  prior_std: 0.33
  ff: None
  ff_amplitudes: false

Using device: cuda
[2025-11-17 05:26:33,674][HYDRA] 	#361 : posterior=sbvi posterior.num_samples=16 optimization.epochs=30000 posterior.temperature=1 seed=0 optimization.learning_rate=0.0001 dataset=spiked_linear dataset.n_train=64 dataset.n_features=1 posterior.num_squash_vectors=4
Config:
posterior:
  type: sbvi
  weight_variance_init: 1
  bias_variance_init: 1
  num_samples: 16
  temperature: 1
  posterior_exponentiation: tempered
  num_squash_vectors: 4
dataset:
  type: regression
  label: spiked_linear
  n_train: 64
  n_test: 200
  rank: 1
  n_features: 1
  noise_std: 0.1
  ood_input_variance:
  - 1.0
seed: 0
optimization:
  learning_rate: 0.0001
  batch_size: 2056
  epochs: 30000
model:
  type: mlp
  hidden_layers:
  - 64
  - 64
  prior_std: 0.33
  ff: None
  ff_amplitudes: false

Using device: cuda
[2025-11-17 05:26:33,806][HYDRA] 	#362 : posterior=sbvi posterior.num_samples=16 optimization.epochs=30000 posterior.temperature=1 seed=0 optimization.learning_rate=0.0001 dataset=spiked_linear dataset.n_train=64 dataset.n_features=1 posterior.num_squash_vectors=16
Config:
posterior:
  type: sbvi
  weight_variance_init: 1
  bias_variance_init: 1
  num_samples: 16
  temperature: 1
  posterior_exponentiation: tempered
  num_squash_vectors: 16
dataset:
  type: regression
  label: spiked_linear
  n_train: 64
  n_test: 200
  rank: 1
  n_features: 1
  noise_std: 0.1
  ood_input_variance:
  - 1.0
seed: 0
optimization:
  learning_rate: 0.0001
  batch_size: 2056
  epochs: 30000
model:
  type: mlp
  hidden_layers:
  - 64
  - 64
  prior_std: 0.33
  ff: None
  ff_amplitudes: false

Using device: cuda
[2025-11-17 05:26:33,961][HYDRA] 	#363 : posterior=sbvi posterior.num_samples=16 optimization.epochs=30000 posterior.temperature=1 seed=0 optimization.learning_rate=0.0001 dataset=spiked_linear dataset.n_train=64 dataset.n_features=500 posterior.num_squash_vectors=1
Config:
posterior:
  type: sbvi
  weight_variance_init: 1
  bias_variance_init: 1
  num_samples: 16
  temperature: 1
  posterior_exponentiation: tempered
  num_squash_vectors: 1
dataset:
  type: regression
  label: spiked_linear
  n_train: 64
  n_test: 200
  rank: 1
  n_features: 500
  noise_std: 0.1
  ood_input_variance:
  - 1.0
seed: 0
optimization:
  learning_rate: 0.0001
  batch_size: 2056
  epochs: 30000
model:
  type: mlp
  hidden_layers:
  - 64
  - 64
  prior_std: 0.33
  ff: None
  ff_amplitudes: false

Using device: cuda
[2025-11-17 05:26:34,101][HYDRA] 	#364 : posterior=sbvi posterior.num_samples=16 optimization.epochs=30000 posterior.temperature=1 seed=0 optimization.learning_rate=0.0001 dataset=spiked_linear dataset.n_train=64 dataset.n_features=500 posterior.num_squash_vectors=4
Config:
posterior:
  type: sbvi
  weight_variance_init: 1
  bias_variance_init: 1
  num_samples: 16
  temperature: 1
  posterior_exponentiation: tempered
  num_squash_vectors: 4
dataset:
  type: regression
  label: spiked_linear
  n_train: 64
  n_test: 200
  rank: 1
  n_features: 500
  noise_std: 0.1
  ood_input_variance:
  - 1.0
seed: 0
optimization:
  learning_rate: 0.0001
  batch_size: 2056
  epochs: 30000
model:
  type: mlp
  hidden_layers:
  - 64
  - 64
  prior_std: 0.33
  ff: None
  ff_amplitudes: false

Using device: cuda
[2025-11-17 05:26:34,247][HYDRA] 	#365 : posterior=sbvi posterior.num_samples=16 optimization.epochs=30000 posterior.temperature=1 seed=0 optimization.learning_rate=0.0001 dataset=spiked_linear dataset.n_train=64 dataset.n_features=500 posterior.num_squash_vectors=16
Config:
posterior:
  type: sbvi
  weight_variance_init: 1
  bias_variance_init: 1
  num_samples: 16
  temperature: 1
  posterior_exponentiation: tempered
  num_squash_vectors: 16
dataset:
  type: regression
  label: spiked_linear
  n_train: 64
  n_test: 200
  rank: 1
  n_features: 500
  noise_std: 0.1
  ood_input_variance:
  - 1.0
seed: 0
optimization:
  learning_rate: 0.0001
  batch_size: 2056
  epochs: 30000
model:
  type: mlp
  hidden_layers:
  - 64
  - 64
  prior_std: 0.33
  ff: None
  ff_amplitudes: false

Using device: cuda
[2025-11-17 05:26:34,376][HYDRA] 	#366 : posterior=sbvi posterior.num_samples=16 optimization.epochs=30000 posterior.temperature=1 seed=0 optimization.learning_rate=0.0001 dataset=spiked_linear dataset.n_train=64 dataset.n_features=10000 posterior.num_squash_vectors=1
Config:
posterior:
  type: sbvi
  weight_variance_init: 1
  bias_variance_init: 1
  num_samples: 16
  temperature: 1
  posterior_exponentiation: tempered
  num_squash_vectors: 1
dataset:
  type: regression
  label: spiked_linear
  n_train: 64
  n_test: 200
  rank: 1
  n_features: 10000
  noise_std: 0.1
  ood_input_variance:
  - 1.0
seed: 0
optimization:
  learning_rate: 0.0001
  batch_size: 2056
  epochs: 30000
model:
  type: mlp
  hidden_layers:
  - 64
  - 64
  prior_std: 0.33
  ff: None
  ff_amplitudes: false

Using device: cuda
[2025-11-17 05:26:34,526][HYDRA] 	#367 : posterior=sbvi posterior.num_samples=16 optimization.epochs=30000 posterior.temperature=1 seed=0 optimization.learning_rate=0.0001 dataset=spiked_linear dataset.n_train=64 dataset.n_features=10000 posterior.num_squash_vectors=4
Config:
posterior:
  type: sbvi
  weight_variance_init: 1
  bias_variance_init: 1
  num_samples: 16
  temperature: 1
  posterior_exponentiation: tempered
  num_squash_vectors: 4
dataset:
  type: regression
  label: spiked_linear
  n_train: 64
  n_test: 200
  rank: 1
  n_features: 10000
  noise_std: 0.1
  ood_input_variance:
  - 1.0
seed: 0
optimization:
  learning_rate: 0.0001
  batch_size: 2056
  epochs: 30000
model:
  type: mlp
  hidden_layers:
  - 64
  - 64
  prior_std: 0.33
  ff: None
  ff_amplitudes: false

Using device: cuda
[2025-11-17 05:26:34,653][HYDRA] 	#368 : posterior=sbvi posterior.num_samples=16 optimization.epochs=30000 posterior.temperature=1 seed=0 optimization.learning_rate=0.0001 dataset=spiked_linear dataset.n_train=64 dataset.n_features=10000 posterior.num_squash_vectors=16
Config:
posterior:
  type: sbvi
  weight_variance_init: 1
  bias_variance_init: 1
  num_samples: 16
  temperature: 1
  posterior_exponentiation: tempered
  num_squash_vectors: 16
dataset:
  type: regression
  label: spiked_linear
  n_train: 64
  n_test: 200
  rank: 1
  n_features: 10000
  noise_std: 0.1
  ood_input_variance:
  - 1.0
seed: 0
optimization:
  learning_rate: 0.0001
  batch_size: 2056
  epochs: 30000
model:
  type: mlp
  hidden_layers:
  - 64
  - 64
  prior_std: 0.33
  ff: None
  ff_amplitudes: false

Using device: cuda
[2025-11-17 05:26:34,799][HYDRA] 	#369 : posterior=sbvi posterior.num_samples=16 optimization.epochs=30000 posterior.temperature=1 seed=0 optimization.learning_rate=0.0001 dataset=spiked_linear dataset.n_train=512 dataset.n_features=1 posterior.num_squash_vectors=1
Config:
posterior:
  type: sbvi
  weight_variance_init: 1
  bias_variance_init: 1
  num_samples: 16
  temperature: 1
  posterior_exponentiation: tempered
  num_squash_vectors: 1
dataset:
  type: regression
  label: spiked_linear
  n_train: 512
  n_test: 200
  rank: 1
  n_features: 1
  noise_std: 0.1
  ood_input_variance:
  - 1.0
seed: 0
optimization:
  learning_rate: 0.0001
  batch_size: 2056
  epochs: 30000
model:
  type: mlp
  hidden_layers:
  - 64
  - 64
  prior_std: 0.33
  ff: None
  ff_amplitudes: false

Using device: cuda
[2025-11-17 05:26:34,965][HYDRA] 	#370 : posterior=sbvi posterior.num_samples=16 optimization.epochs=30000 posterior.temperature=1 seed=0 optimization.learning_rate=0.0001 dataset=spiked_linear dataset.n_train=512 dataset.n_features=1 posterior.num_squash_vectors=4
Config:
posterior:
  type: sbvi
  weight_variance_init: 1
  bias_variance_init: 1
  num_samples: 16
  temperature: 1
  posterior_exponentiation: tempered
  num_squash_vectors: 4
dataset:
  type: regression
  label: spiked_linear
  n_train: 512
  n_test: 200
  rank: 1
  n_features: 1
  noise_std: 0.1
  ood_input_variance:
  - 1.0
seed: 0
optimization:
  learning_rate: 0.0001
  batch_size: 2056
  epochs: 30000
model:
  type: mlp
  hidden_layers:
  - 64
  - 64
  prior_std: 0.33
  ff: None
  ff_amplitudes: false

Using device: cuda
[2025-11-17 05:26:35,134][HYDRA] 	#371 : posterior=sbvi posterior.num_samples=16 optimization.epochs=30000 posterior.temperature=1 seed=0 optimization.learning_rate=0.0001 dataset=spiked_linear dataset.n_train=512 dataset.n_features=1 posterior.num_squash_vectors=16
Config:
posterior:
  type: sbvi
  weight_variance_init: 1
  bias_variance_init: 1
  num_samples: 16
  temperature: 1
  posterior_exponentiation: tempered
  num_squash_vectors: 16
dataset:
  type: regression
  label: spiked_linear
  n_train: 512
  n_test: 200
  rank: 1
  n_features: 1
  noise_std: 0.1
  ood_input_variance:
  - 1.0
seed: 0
optimization:
  learning_rate: 0.0001
  batch_size: 2056
  epochs: 30000
model:
  type: mlp
  hidden_layers:
  - 64
  - 64
  prior_std: 0.33
  ff: None
  ff_amplitudes: false

Using device: cuda
[2025-11-17 05:26:35,348][HYDRA] 	#372 : posterior=sbvi posterior.num_samples=16 optimization.epochs=30000 posterior.temperature=1 seed=0 optimization.learning_rate=0.0001 dataset=spiked_linear dataset.n_train=512 dataset.n_features=500 posterior.num_squash_vectors=1
Config:
posterior:
  type: sbvi
  weight_variance_init: 1
  bias_variance_init: 1
  num_samples: 16
  temperature: 1
  posterior_exponentiation: tempered
  num_squash_vectors: 1
dataset:
  type: regression
  label: spiked_linear
  n_train: 512
  n_test: 200
  rank: 1
  n_features: 500
  noise_std: 0.1
  ood_input_variance:
  - 1.0
seed: 0
optimization:
  learning_rate: 0.0001
  batch_size: 2056
  epochs: 30000
model:
  type: mlp
  hidden_layers:
  - 64
  - 64
  prior_std: 0.33
  ff: None
  ff_amplitudes: false

Using device: cuda
[2025-11-17 05:26:35,490][HYDRA] 	#373 : posterior=sbvi posterior.num_samples=16 optimization.epochs=30000 posterior.temperature=1 seed=0 optimization.learning_rate=0.0001 dataset=spiked_linear dataset.n_train=512 dataset.n_features=500 posterior.num_squash_vectors=4
Config:
posterior:
  type: sbvi
  weight_variance_init: 1
  bias_variance_init: 1
  num_samples: 16
  temperature: 1
  posterior_exponentiation: tempered
  num_squash_vectors: 4
dataset:
  type: regression
  label: spiked_linear
  n_train: 512
  n_test: 200
  rank: 1
  n_features: 500
  noise_std: 0.1
  ood_input_variance:
  - 1.0
seed: 0
optimization:
  learning_rate: 0.0001
  batch_size: 2056
  epochs: 30000
model:
  type: mlp
  hidden_layers:
  - 64
  - 64
  prior_std: 0.33
  ff: None
  ff_amplitudes: false

Using device: cuda
[2025-11-17 05:26:35,681][HYDRA] 	#374 : posterior=sbvi posterior.num_samples=16 optimization.epochs=30000 posterior.temperature=1 seed=0 optimization.learning_rate=0.0001 dataset=spiked_linear dataset.n_train=512 dataset.n_features=500 posterior.num_squash_vectors=16
Config:
posterior:
  type: sbvi
  weight_variance_init: 1
  bias_variance_init: 1
  num_samples: 16
  temperature: 1
  posterior_exponentiation: tempered
  num_squash_vectors: 16
dataset:
  type: regression
  label: spiked_linear
  n_train: 512
  n_test: 200
  rank: 1
  n_features: 500
  noise_std: 0.1
  ood_input_variance:
  - 1.0
seed: 0
optimization:
  learning_rate: 0.0001
  batch_size: 2056
  epochs: 30000
model:
  type: mlp
  hidden_layers:
  - 64
  - 64
  prior_std: 0.33
  ff: None
  ff_amplitudes: false

Using device: cuda
[2025-11-17 05:26:35,863][HYDRA] 	#375 : posterior=sbvi posterior.num_samples=16 optimization.epochs=30000 posterior.temperature=1 seed=0 optimization.learning_rate=0.0001 dataset=spiked_linear dataset.n_train=512 dataset.n_features=10000 posterior.num_squash_vectors=1
Config:
posterior:
  type: sbvi
  weight_variance_init: 1
  bias_variance_init: 1
  num_samples: 16
  temperature: 1
  posterior_exponentiation: tempered
  num_squash_vectors: 1
dataset:
  type: regression
  label: spiked_linear
  n_train: 512
  n_test: 200
  rank: 1
  n_features: 10000
  noise_std: 0.1
  ood_input_variance:
  - 1.0
seed: 0
optimization:
  learning_rate: 0.0001
  batch_size: 2056
  epochs: 30000
model:
  type: mlp
  hidden_layers:
  - 64
  - 64
  prior_std: 0.33
  ff: None
  ff_amplitudes: false

Using device: cuda
[2025-11-17 05:26:36,103][HYDRA] 	#376 : posterior=sbvi posterior.num_samples=16 optimization.epochs=30000 posterior.temperature=1 seed=0 optimization.learning_rate=0.0001 dataset=spiked_linear dataset.n_train=512 dataset.n_features=10000 posterior.num_squash_vectors=4
Config:
posterior:
  type: sbvi
  weight_variance_init: 1
  bias_variance_init: 1
  num_samples: 16
  temperature: 1
  posterior_exponentiation: tempered
  num_squash_vectors: 4
dataset:
  type: regression
  label: spiked_linear
  n_train: 512
  n_test: 200
  rank: 1
  n_features: 10000
  noise_std: 0.1
  ood_input_variance:
  - 1.0
seed: 0
optimization:
  learning_rate: 0.0001
  batch_size: 2056
  epochs: 30000
model:
  type: mlp
  hidden_layers:
  - 64
  - 64
  prior_std: 0.33
  ff: None
  ff_amplitudes: false

Using device: cuda
[2025-11-17 05:26:36,260][HYDRA] 	#377 : posterior=sbvi posterior.num_samples=16 optimization.epochs=30000 posterior.temperature=1 seed=0 optimization.learning_rate=0.0001 dataset=spiked_linear dataset.n_train=512 dataset.n_features=10000 posterior.num_squash_vectors=16
Config:
posterior:
  type: sbvi
  weight_variance_init: 1
  bias_variance_init: 1
  num_samples: 16
  temperature: 1
  posterior_exponentiation: tempered
  num_squash_vectors: 16
dataset:
  type: regression
  label: spiked_linear
  n_train: 512
  n_test: 200
  rank: 1
  n_features: 10000
  noise_std: 0.1
  ood_input_variance:
  - 1.0
seed: 0
optimization:
  learning_rate: 0.0001
  batch_size: 2056
  epochs: 30000
model:
  type: mlp
  hidden_layers:
  - 64
  - 64
  prior_std: 0.33
  ff: None
  ff_amplitudes: false

Using device: cuda
[2025-11-17 05:26:36,400][HYDRA] 	#378 : posterior=sbvi posterior.num_samples=16 optimization.epochs=30000 posterior.temperature=0.001 seed=0 optimization.learning_rate=0.0003 dataset=spiked_linear dataset.n_train=4 dataset.n_features=1 posterior.num_squash_vectors=1
Config:
posterior:
  type: sbvi
  weight_variance_init: 1
  bias_variance_init: 1
  num_samples: 16
  temperature: 0.001
  posterior_exponentiation: tempered
  num_squash_vectors: 1
dataset:
  type: regression
  label: spiked_linear
  n_train: 4
  n_test: 200
  rank: 1
  n_features: 1
  noise_std: 0.1
  ood_input_variance:
  - 1.0
seed: 0
optimization:
  learning_rate: 0.0003
  batch_size: 2056
  epochs: 30000
model:
  type: mlp
  hidden_layers:
  - 64
  - 64
  prior_std: 0.33
  ff: None
  ff_amplitudes: false

Using device: cuda
[2025-11-17 05:26:36,531][HYDRA] 	#379 : posterior=sbvi posterior.num_samples=16 optimization.epochs=30000 posterior.temperature=0.001 seed=0 optimization.learning_rate=0.0003 dataset=spiked_linear dataset.n_train=4 dataset.n_features=1 posterior.num_squash_vectors=4
Config:
posterior:
  type: sbvi
  weight_variance_init: 1
  bias_variance_init: 1
  num_samples: 16
  temperature: 0.001
  posterior_exponentiation: tempered
  num_squash_vectors: 4
dataset:
  type: regression
  label: spiked_linear
  n_train: 4
  n_test: 200
  rank: 1
  n_features: 1
  noise_std: 0.1
  ood_input_variance:
  - 1.0
seed: 0
optimization:
  learning_rate: 0.0003
  batch_size: 2056
  epochs: 30000
model:
  type: mlp
  hidden_layers:
  - 64
  - 64
  prior_std: 0.33
  ff: None
  ff_amplitudes: false

Using device: cuda
[2025-11-17 05:26:36,704][HYDRA] 	#380 : posterior=sbvi posterior.num_samples=16 optimization.epochs=30000 posterior.temperature=0.001 seed=0 optimization.learning_rate=0.0003 dataset=spiked_linear dataset.n_train=4 dataset.n_features=1 posterior.num_squash_vectors=16
Config:
posterior:
  type: sbvi
  weight_variance_init: 1
  bias_variance_init: 1
  num_samples: 16
  temperature: 0.001
  posterior_exponentiation: tempered
  num_squash_vectors: 16
dataset:
  type: regression
  label: spiked_linear
  n_train: 4
  n_test: 200
  rank: 1
  n_features: 1
  noise_std: 0.1
  ood_input_variance:
  - 1.0
seed: 0
optimization:
  learning_rate: 0.0003
  batch_size: 2056
  epochs: 30000
model:
  type: mlp
  hidden_layers:
  - 64
  - 64
  prior_std: 0.33
  ff: None
  ff_amplitudes: false

Using device: cuda
[2025-11-17 05:26:36,824][HYDRA] 	#381 : posterior=sbvi posterior.num_samples=16 optimization.epochs=30000 posterior.temperature=0.001 seed=0 optimization.learning_rate=0.0003 dataset=spiked_linear dataset.n_train=4 dataset.n_features=500 posterior.num_squash_vectors=1
Config:
posterior:
  type: sbvi
  weight_variance_init: 1
  bias_variance_init: 1
  num_samples: 16
  temperature: 0.001
  posterior_exponentiation: tempered
  num_squash_vectors: 1
dataset:
  type: regression
  label: spiked_linear
  n_train: 4
  n_test: 200
  rank: 1
  n_features: 500
  noise_std: 0.1
  ood_input_variance:
  - 1.0
seed: 0
optimization:
  learning_rate: 0.0003
  batch_size: 2056
  epochs: 30000
model:
  type: mlp
  hidden_layers:
  - 64
  - 64
  prior_std: 0.33
  ff: None
  ff_amplitudes: false

Using device: cuda
[2025-11-17 05:26:36,980][HYDRA] 	#382 : posterior=sbvi posterior.num_samples=16 optimization.epochs=30000 posterior.temperature=0.001 seed=0 optimization.learning_rate=0.0003 dataset=spiked_linear dataset.n_train=4 dataset.n_features=500 posterior.num_squash_vectors=4
Config:
posterior:
  type: sbvi
  weight_variance_init: 1
  bias_variance_init: 1
  num_samples: 16
  temperature: 0.001
  posterior_exponentiation: tempered
  num_squash_vectors: 4
dataset:
  type: regression
  label: spiked_linear
  n_train: 4
  n_test: 200
  rank: 1
  n_features: 500
  noise_std: 0.1
  ood_input_variance:
  - 1.0
seed: 0
optimization:
  learning_rate: 0.0003
  batch_size: 2056
  epochs: 30000
model:
  type: mlp
  hidden_layers:
  - 64
  - 64
  prior_std: 0.33
  ff: None
  ff_amplitudes: false

Using device: cuda
[2025-11-17 05:26:37,120][HYDRA] 	#383 : posterior=sbvi posterior.num_samples=16 optimization.epochs=30000 posterior.temperature=0.001 seed=0 optimization.learning_rate=0.0003 dataset=spiked_linear dataset.n_train=4 dataset.n_features=500 posterior.num_squash_vectors=16
Config:
posterior:
  type: sbvi
  weight_variance_init: 1
  bias_variance_init: 1
  num_samples: 16
  temperature: 0.001
  posterior_exponentiation: tempered
  num_squash_vectors: 16
dataset:
  type: regression
  label: spiked_linear
  n_train: 4
  n_test: 200
  rank: 1
  n_features: 500
  noise_std: 0.1
  ood_input_variance:
  - 1.0
seed: 0
optimization:
  learning_rate: 0.0003
  batch_size: 2056
  epochs: 30000
model:
  type: mlp
  hidden_layers:
  - 64
  - 64
  prior_std: 0.33
  ff: None
  ff_amplitudes: false

Using device: cuda
[2025-11-17 05:26:37,254][HYDRA] 	#384 : posterior=sbvi posterior.num_samples=16 optimization.epochs=30000 posterior.temperature=0.001 seed=0 optimization.learning_rate=0.0003 dataset=spiked_linear dataset.n_train=4 dataset.n_features=10000 posterior.num_squash_vectors=1
Config:
posterior:
  type: sbvi
  weight_variance_init: 1
  bias_variance_init: 1
  num_samples: 16
  temperature: 0.001
  posterior_exponentiation: tempered
  num_squash_vectors: 1
dataset:
  type: regression
  label: spiked_linear
  n_train: 4
  n_test: 200
  rank: 1
  n_features: 10000
  noise_std: 0.1
  ood_input_variance:
  - 1.0
seed: 0
optimization:
  learning_rate: 0.0003
  batch_size: 2056
  epochs: 30000
model:
  type: mlp
  hidden_layers:
  - 64
  - 64
  prior_std: 0.33
  ff: None
  ff_amplitudes: false

Using device: cuda
[2025-11-17 05:26:37,394][HYDRA] 	#385 : posterior=sbvi posterior.num_samples=16 optimization.epochs=30000 posterior.temperature=0.001 seed=0 optimization.learning_rate=0.0003 dataset=spiked_linear dataset.n_train=4 dataset.n_features=10000 posterior.num_squash_vectors=4
Config:
posterior:
  type: sbvi
  weight_variance_init: 1
  bias_variance_init: 1
  num_samples: 16
  temperature: 0.001
  posterior_exponentiation: tempered
  num_squash_vectors: 4
dataset:
  type: regression
  label: spiked_linear
  n_train: 4
  n_test: 200
  rank: 1
  n_features: 10000
  noise_std: 0.1
  ood_input_variance:
  - 1.0
seed: 0
optimization:
  learning_rate: 0.0003
  batch_size: 2056
  epochs: 30000
model:
  type: mlp
  hidden_layers:
  - 64
  - 64
  prior_std: 0.33
  ff: None
  ff_amplitudes: false

Using device: cuda
[2025-11-17 05:26:37,555][HYDRA] 	#386 : posterior=sbvi posterior.num_samples=16 optimization.epochs=30000 posterior.temperature=0.001 seed=0 optimization.learning_rate=0.0003 dataset=spiked_linear dataset.n_train=4 dataset.n_features=10000 posterior.num_squash_vectors=16
Config:
posterior:
  type: sbvi
  weight_variance_init: 1
  bias_variance_init: 1
  num_samples: 16
  temperature: 0.001
  posterior_exponentiation: tempered
  num_squash_vectors: 16
dataset:
  type: regression
  label: spiked_linear
  n_train: 4
  n_test: 200
  rank: 1
  n_features: 10000
  noise_std: 0.1
  ood_input_variance:
  - 1.0
seed: 0
optimization:
  learning_rate: 0.0003
  batch_size: 2056
  epochs: 30000
model:
  type: mlp
  hidden_layers:
  - 64
  - 64
  prior_std: 0.33
  ff: None
  ff_amplitudes: false

Using device: cuda
[2025-11-17 05:26:37,700][HYDRA] 	#387 : posterior=sbvi posterior.num_samples=16 optimization.epochs=30000 posterior.temperature=0.001 seed=0 optimization.learning_rate=0.0003 dataset=spiked_linear dataset.n_train=64 dataset.n_features=1 posterior.num_squash_vectors=1
Config:
posterior:
  type: sbvi
  weight_variance_init: 1
  bias_variance_init: 1
  num_samples: 16
  temperature: 0.001
  posterior_exponentiation: tempered
  num_squash_vectors: 1
dataset:
  type: regression
  label: spiked_linear
  n_train: 64
  n_test: 200
  rank: 1
  n_features: 1
  noise_std: 0.1
  ood_input_variance:
  - 1.0
seed: 0
optimization:
  learning_rate: 0.0003
  batch_size: 2056
  epochs: 30000
model:
  type: mlp
  hidden_layers:
  - 64
  - 64
  prior_std: 0.33
  ff: None
  ff_amplitudes: false

Using device: cuda
[2025-11-17 05:26:37,832][HYDRA] 	#388 : posterior=sbvi posterior.num_samples=16 optimization.epochs=30000 posterior.temperature=0.001 seed=0 optimization.learning_rate=0.0003 dataset=spiked_linear dataset.n_train=64 dataset.n_features=1 posterior.num_squash_vectors=4
Config:
posterior:
  type: sbvi
  weight_variance_init: 1
  bias_variance_init: 1
  num_samples: 16
  temperature: 0.001
  posterior_exponentiation: tempered
  num_squash_vectors: 4
dataset:
  type: regression
  label: spiked_linear
  n_train: 64
  n_test: 200
  rank: 1
  n_features: 1
  noise_std: 0.1
  ood_input_variance:
  - 1.0
seed: 0
optimization:
  learning_rate: 0.0003
  batch_size: 2056
  epochs: 30000
model:
  type: mlp
  hidden_layers:
  - 64
  - 64
  prior_std: 0.33
  ff: None
  ff_amplitudes: false

Using device: cuda
[2025-11-17 05:26:37,978][HYDRA] 	#389 : posterior=sbvi posterior.num_samples=16 optimization.epochs=30000 posterior.temperature=0.001 seed=0 optimization.learning_rate=0.0003 dataset=spiked_linear dataset.n_train=64 dataset.n_features=1 posterior.num_squash_vectors=16
Config:
posterior:
  type: sbvi
  weight_variance_init: 1
  bias_variance_init: 1
  num_samples: 16
  temperature: 0.001
  posterior_exponentiation: tempered
  num_squash_vectors: 16
dataset:
  type: regression
  label: spiked_linear
  n_train: 64
  n_test: 200
  rank: 1
  n_features: 1
  noise_std: 0.1
  ood_input_variance:
  - 1.0
seed: 0
optimization:
  learning_rate: 0.0003
  batch_size: 2056
  epochs: 30000
model:
  type: mlp
  hidden_layers:
  - 64
  - 64
  prior_std: 0.33
  ff: None
  ff_amplitudes: false

Using device: cuda
[2025-11-17 05:26:38,107][HYDRA] 	#390 : posterior=sbvi posterior.num_samples=16 optimization.epochs=30000 posterior.temperature=0.001 seed=0 optimization.learning_rate=0.0003 dataset=spiked_linear dataset.n_train=64 dataset.n_features=500 posterior.num_squash_vectors=1
Config:
posterior:
  type: sbvi
  weight_variance_init: 1
  bias_variance_init: 1
  num_samples: 16
  temperature: 0.001
  posterior_exponentiation: tempered
  num_squash_vectors: 1
dataset:
  type: regression
  label: spiked_linear
  n_train: 64
  n_test: 200
  rank: 1
  n_features: 500
  noise_std: 0.1
  ood_input_variance:
  - 1.0
seed: 0
optimization:
  learning_rate: 0.0003
  batch_size: 2056
  epochs: 30000
model:
  type: mlp
  hidden_layers:
  - 64
  - 64
  prior_std: 0.33
  ff: None
  ff_amplitudes: false

Using device: cuda
[2025-11-17 05:26:38,247][HYDRA] 	#391 : posterior=sbvi posterior.num_samples=16 optimization.epochs=30000 posterior.temperature=0.001 seed=0 optimization.learning_rate=0.0003 dataset=spiked_linear dataset.n_train=64 dataset.n_features=500 posterior.num_squash_vectors=4
Config:
posterior:
  type: sbvi
  weight_variance_init: 1
  bias_variance_init: 1
  num_samples: 16
  temperature: 0.001
  posterior_exponentiation: tempered
  num_squash_vectors: 4
dataset:
  type: regression
  label: spiked_linear
  n_train: 64
  n_test: 200
  rank: 1
  n_features: 500
  noise_std: 0.1
  ood_input_variance:
  - 1.0
seed: 0
optimization:
  learning_rate: 0.0003
  batch_size: 2056
  epochs: 30000
model:
  type: mlp
  hidden_layers:
  - 64
  - 64
  prior_std: 0.33
  ff: None
  ff_amplitudes: false

Using device: cuda
[2025-11-17 05:26:38,416][HYDRA] 	#392 : posterior=sbvi posterior.num_samples=16 optimization.epochs=30000 posterior.temperature=0.001 seed=0 optimization.learning_rate=0.0003 dataset=spiked_linear dataset.n_train=64 dataset.n_features=500 posterior.num_squash_vectors=16
Config:
posterior:
  type: sbvi
  weight_variance_init: 1
  bias_variance_init: 1
  num_samples: 16
  temperature: 0.001
  posterior_exponentiation: tempered
  num_squash_vectors: 16
dataset:
  type: regression
  label: spiked_linear
  n_train: 64
  n_test: 200
  rank: 1
  n_features: 500
  noise_std: 0.1
  ood_input_variance:
  - 1.0
seed: 0
optimization:
  learning_rate: 0.0003
  batch_size: 2056
  epochs: 30000
model:
  type: mlp
  hidden_layers:
  - 64
  - 64
  prior_std: 0.33
  ff: None
  ff_amplitudes: false

Using device: cuda
[2025-11-17 05:26:38,549][HYDRA] 	#393 : posterior=sbvi posterior.num_samples=16 optimization.epochs=30000 posterior.temperature=0.001 seed=0 optimization.learning_rate=0.0003 dataset=spiked_linear dataset.n_train=64 dataset.n_features=10000 posterior.num_squash_vectors=1
Config:
posterior:
  type: sbvi
  weight_variance_init: 1
  bias_variance_init: 1
  num_samples: 16
  temperature: 0.001
  posterior_exponentiation: tempered
  num_squash_vectors: 1
dataset:
  type: regression
  label: spiked_linear
  n_train: 64
  n_test: 200
  rank: 1
  n_features: 10000
  noise_std: 0.1
  ood_input_variance:
  - 1.0
seed: 0
optimization:
  learning_rate: 0.0003
  batch_size: 2056
  epochs: 30000
model:
  type: mlp
  hidden_layers:
  - 64
  - 64
  prior_std: 0.33
  ff: None
  ff_amplitudes: false

Using device: cuda
[2025-11-17 05:26:38,737][HYDRA] 	#394 : posterior=sbvi posterior.num_samples=16 optimization.epochs=30000 posterior.temperature=0.001 seed=0 optimization.learning_rate=0.0003 dataset=spiked_linear dataset.n_train=64 dataset.n_features=10000 posterior.num_squash_vectors=4
Config:
posterior:
  type: sbvi
  weight_variance_init: 1
  bias_variance_init: 1
  num_samples: 16
  temperature: 0.001
  posterior_exponentiation: tempered
  num_squash_vectors: 4
dataset:
  type: regression
  label: spiked_linear
  n_train: 64
  n_test: 200
  rank: 1
  n_features: 10000
  noise_std: 0.1
  ood_input_variance:
  - 1.0
seed: 0
optimization:
  learning_rate: 0.0003
  batch_size: 2056
  epochs: 30000
model:
  type: mlp
  hidden_layers:
  - 64
  - 64
  prior_std: 0.33
  ff: None
  ff_amplitudes: false

Using device: cuda
[2025-11-17 05:26:38,924][HYDRA] 	#395 : posterior=sbvi posterior.num_samples=16 optimization.epochs=30000 posterior.temperature=0.001 seed=0 optimization.learning_rate=0.0003 dataset=spiked_linear dataset.n_train=64 dataset.n_features=10000 posterior.num_squash_vectors=16
Config:
posterior:
  type: sbvi
  weight_variance_init: 1
  bias_variance_init: 1
  num_samples: 16
  temperature: 0.001
  posterior_exponentiation: tempered
  num_squash_vectors: 16
dataset:
  type: regression
  label: spiked_linear
  n_train: 64
  n_test: 200
  rank: 1
  n_features: 10000
  noise_std: 0.1
  ood_input_variance:
  - 1.0
seed: 0
optimization:
  learning_rate: 0.0003
  batch_size: 2056
  epochs: 30000
model:
  type: mlp
  hidden_layers:
  - 64
  - 64
  prior_std: 0.33
  ff: None
  ff_amplitudes: false

Using device: cuda
[2025-11-17 05:26:39,046][HYDRA] 	#396 : posterior=sbvi posterior.num_samples=16 optimization.epochs=30000 posterior.temperature=0.001 seed=0 optimization.learning_rate=0.0003 dataset=spiked_linear dataset.n_train=512 dataset.n_features=1 posterior.num_squash_vectors=1
Config:
posterior:
  type: sbvi
  weight_variance_init: 1
  bias_variance_init: 1
  num_samples: 16
  temperature: 0.001
  posterior_exponentiation: tempered
  num_squash_vectors: 1
dataset:
  type: regression
  label: spiked_linear
  n_train: 512
  n_test: 200
  rank: 1
  n_features: 1
  noise_std: 0.1
  ood_input_variance:
  - 1.0
seed: 0
optimization:
  learning_rate: 0.0003
  batch_size: 2056
  epochs: 30000
model:
  type: mlp
  hidden_layers:
  - 64
  - 64
  prior_std: 0.33
  ff: None
  ff_amplitudes: false

Using device: cuda
[2025-11-17 05:26:39,176][HYDRA] 	#397 : posterior=sbvi posterior.num_samples=16 optimization.epochs=30000 posterior.temperature=0.001 seed=0 optimization.learning_rate=0.0003 dataset=spiked_linear dataset.n_train=512 dataset.n_features=1 posterior.num_squash_vectors=4
Config:
posterior:
  type: sbvi
  weight_variance_init: 1
  bias_variance_init: 1
  num_samples: 16
  temperature: 0.001
  posterior_exponentiation: tempered
  num_squash_vectors: 4
dataset:
  type: regression
  label: spiked_linear
  n_train: 512
  n_test: 200
  rank: 1
  n_features: 1
  noise_std: 0.1
  ood_input_variance:
  - 1.0
seed: 0
optimization:
  learning_rate: 0.0003
  batch_size: 2056
  epochs: 30000
model:
  type: mlp
  hidden_layers:
  - 64
  - 64
  prior_std: 0.33
  ff: None
  ff_amplitudes: false

Using device: cuda
[2025-11-17 05:26:39,341][HYDRA] 	#398 : posterior=sbvi posterior.num_samples=16 optimization.epochs=30000 posterior.temperature=0.001 seed=0 optimization.learning_rate=0.0003 dataset=spiked_linear dataset.n_train=512 dataset.n_features=1 posterior.num_squash_vectors=16
Config:
posterior:
  type: sbvi
  weight_variance_init: 1
  bias_variance_init: 1
  num_samples: 16
  temperature: 0.001
  posterior_exponentiation: tempered
  num_squash_vectors: 16
dataset:
  type: regression
  label: spiked_linear
  n_train: 512
  n_test: 200
  rank: 1
  n_features: 1
  noise_std: 0.1
  ood_input_variance:
  - 1.0
seed: 0
optimization:
  learning_rate: 0.0003
  batch_size: 2056
  epochs: 30000
model:
  type: mlp
  hidden_layers:
  - 64
  - 64
  prior_std: 0.33
  ff: None
  ff_amplitudes: false

Using device: cuda
[2025-11-17 05:26:39,488][HYDRA] 	#399 : posterior=sbvi posterior.num_samples=16 optimization.epochs=30000 posterior.temperature=0.001 seed=0 optimization.learning_rate=0.0003 dataset=spiked_linear dataset.n_train=512 dataset.n_features=500 posterior.num_squash_vectors=1
Config:
posterior:
  type: sbvi
  weight_variance_init: 1
  bias_variance_init: 1
  num_samples: 16
  temperature: 0.001
  posterior_exponentiation: tempered
  num_squash_vectors: 1
dataset:
  type: regression
  label: spiked_linear
  n_train: 512
  n_test: 200
  rank: 1
  n_features: 500
  noise_std: 0.1
  ood_input_variance:
  - 1.0
seed: 0
optimization:
  learning_rate: 0.0003
  batch_size: 2056
  epochs: 30000
model:
  type: mlp
  hidden_layers:
  - 64
  - 64
  prior_std: 0.33
  ff: None
  ff_amplitudes: false

Using device: cuda
[2025-11-17 05:26:39,678][HYDRA] 	#400 : posterior=sbvi posterior.num_samples=16 optimization.epochs=30000 posterior.temperature=0.001 seed=0 optimization.learning_rate=0.0003 dataset=spiked_linear dataset.n_train=512 dataset.n_features=500 posterior.num_squash_vectors=4
Config:
posterior:
  type: sbvi
  weight_variance_init: 1
  bias_variance_init: 1
  num_samples: 16
  temperature: 0.001
  posterior_exponentiation: tempered
  num_squash_vectors: 4
dataset:
  type: regression
  label: spiked_linear
  n_train: 512
  n_test: 200
  rank: 1
  n_features: 500
  noise_std: 0.1
  ood_input_variance:
  - 1.0
seed: 0
optimization:
  learning_rate: 0.0003
  batch_size: 2056
  epochs: 30000
model:
  type: mlp
  hidden_layers:
  - 64
  - 64
  prior_std: 0.33
  ff: None
  ff_amplitudes: false

Using device: cuda
[2025-11-17 05:26:39,796][HYDRA] 	#401 : posterior=sbvi posterior.num_samples=16 optimization.epochs=30000 posterior.temperature=0.001 seed=0 optimization.learning_rate=0.0003 dataset=spiked_linear dataset.n_train=512 dataset.n_features=500 posterior.num_squash_vectors=16
Config:
posterior:
  type: sbvi
  weight_variance_init: 1
  bias_variance_init: 1
  num_samples: 16
  temperature: 0.001
  posterior_exponentiation: tempered
  num_squash_vectors: 16
dataset:
  type: regression
  label: spiked_linear
  n_train: 512
  n_test: 200
  rank: 1
  n_features: 500
  noise_std: 0.1
  ood_input_variance:
  - 1.0
seed: 0
optimization:
  learning_rate: 0.0003
  batch_size: 2056
  epochs: 30000
model:
  type: mlp
  hidden_layers:
  - 64
  - 64
  prior_std: 0.33
  ff: None
  ff_amplitudes: false

Using device: cuda
[2025-11-17 05:26:39,963][HYDRA] 	#402 : posterior=sbvi posterior.num_samples=16 optimization.epochs=30000 posterior.temperature=0.001 seed=0 optimization.learning_rate=0.0003 dataset=spiked_linear dataset.n_train=512 dataset.n_features=10000 posterior.num_squash_vectors=1
Config:
posterior:
  type: sbvi
  weight_variance_init: 1
  bias_variance_init: 1
  num_samples: 16
  temperature: 0.001
  posterior_exponentiation: tempered
  num_squash_vectors: 1
dataset:
  type: regression
  label: spiked_linear
  n_train: 512
  n_test: 200
  rank: 1
  n_features: 10000
  noise_std: 0.1
  ood_input_variance:
  - 1.0
seed: 0
optimization:
  learning_rate: 0.0003
  batch_size: 2056
  epochs: 30000
model:
  type: mlp
  hidden_layers:
  - 64
  - 64
  prior_std: 0.33
  ff: None
  ff_amplitudes: false

Using device: cuda
[2025-11-17 05:26:40,172][HYDRA] 	#403 : posterior=sbvi posterior.num_samples=16 optimization.epochs=30000 posterior.temperature=0.001 seed=0 optimization.learning_rate=0.0003 dataset=spiked_linear dataset.n_train=512 dataset.n_features=10000 posterior.num_squash_vectors=4
Config:
posterior:
  type: sbvi
  weight_variance_init: 1
  bias_variance_init: 1
  num_samples: 16
  temperature: 0.001
  posterior_exponentiation: tempered
  num_squash_vectors: 4
dataset:
  type: regression
  label: spiked_linear
  n_train: 512
  n_test: 200
  rank: 1
  n_features: 10000
  noise_std: 0.1
  ood_input_variance:
  - 1.0
seed: 0
optimization:
  learning_rate: 0.0003
  batch_size: 2056
  epochs: 30000
model:
  type: mlp
  hidden_layers:
  - 64
  - 64
  prior_std: 0.33
  ff: None
  ff_amplitudes: false

Using device: cuda
[2025-11-17 05:26:40,310][HYDRA] 	#404 : posterior=sbvi posterior.num_samples=16 optimization.epochs=30000 posterior.temperature=0.001 seed=0 optimization.learning_rate=0.0003 dataset=spiked_linear dataset.n_train=512 dataset.n_features=10000 posterior.num_squash_vectors=16
Config:
posterior:
  type: sbvi
  weight_variance_init: 1
  bias_variance_init: 1
  num_samples: 16
  temperature: 0.001
  posterior_exponentiation: tempered
  num_squash_vectors: 16
dataset:
  type: regression
  label: spiked_linear
  n_train: 512
  n_test: 200
  rank: 1
  n_features: 10000
  noise_std: 0.1
  ood_input_variance:
  - 1.0
seed: 0
optimization:
  learning_rate: 0.0003
  batch_size: 2056
  epochs: 30000
model:
  type: mlp
  hidden_layers:
  - 64
  - 64
  prior_std: 0.33
  ff: None
  ff_amplitudes: false

Using device: cuda
[2025-11-17 05:26:40,466][HYDRA] 	#405 : posterior=sbvi posterior.num_samples=16 optimization.epochs=30000 posterior.temperature=0.001 seed=0 optimization.learning_rate=0.0001 dataset=spiked_linear dataset.n_train=4 dataset.n_features=1 posterior.num_squash_vectors=1
Config:
posterior:
  type: sbvi
  weight_variance_init: 1
  bias_variance_init: 1
  num_samples: 16
  temperature: 0.001
  posterior_exponentiation: tempered
  num_squash_vectors: 1
dataset:
  type: regression
  label: spiked_linear
  n_train: 4
  n_test: 200
  rank: 1
  n_features: 1
  noise_std: 0.1
  ood_input_variance:
  - 1.0
seed: 0
optimization:
  learning_rate: 0.0001
  batch_size: 2056
  epochs: 30000
model:
  type: mlp
  hidden_layers:
  - 64
  - 64
  prior_std: 0.33
  ff: None
  ff_amplitudes: false

Using device: cuda
[2025-11-17 05:26:40,619][HYDRA] 	#406 : posterior=sbvi posterior.num_samples=16 optimization.epochs=30000 posterior.temperature=0.001 seed=0 optimization.learning_rate=0.0001 dataset=spiked_linear dataset.n_train=4 dataset.n_features=1 posterior.num_squash_vectors=4
Config:
posterior:
  type: sbvi
  weight_variance_init: 1
  bias_variance_init: 1
  num_samples: 16
  temperature: 0.001
  posterior_exponentiation: tempered
  num_squash_vectors: 4
dataset:
  type: regression
  label: spiked_linear
  n_train: 4
  n_test: 200
  rank: 1
  n_features: 1
  noise_std: 0.1
  ood_input_variance:
  - 1.0
seed: 0
optimization:
  learning_rate: 0.0001
  batch_size: 2056
  epochs: 30000
model:
  type: mlp
  hidden_layers:
  - 64
  - 64
  prior_std: 0.33
  ff: None
  ff_amplitudes: false

Using device: cuda
[2025-11-17 05:26:40,778][HYDRA] 	#407 : posterior=sbvi posterior.num_samples=16 optimization.epochs=30000 posterior.temperature=0.001 seed=0 optimization.learning_rate=0.0001 dataset=spiked_linear dataset.n_train=4 dataset.n_features=1 posterior.num_squash_vectors=16
Config:
posterior:
  type: sbvi
  weight_variance_init: 1
  bias_variance_init: 1
  num_samples: 16
  temperature: 0.001
  posterior_exponentiation: tempered
  num_squash_vectors: 16
dataset:
  type: regression
  label: spiked_linear
  n_train: 4
  n_test: 200
  rank: 1
  n_features: 1
  noise_std: 0.1
  ood_input_variance:
  - 1.0
seed: 0
optimization:
  learning_rate: 0.0001
  batch_size: 2056
  epochs: 30000
model:
  type: mlp
  hidden_layers:
  - 64
  - 64
  prior_std: 0.33
  ff: None
  ff_amplitudes: false

Using device: cuda
[2025-11-17 05:26:40,975][HYDRA] 	#408 : posterior=sbvi posterior.num_samples=16 optimization.epochs=30000 posterior.temperature=0.001 seed=0 optimization.learning_rate=0.0001 dataset=spiked_linear dataset.n_train=4 dataset.n_features=500 posterior.num_squash_vectors=1
Config:
posterior:
  type: sbvi
  weight_variance_init: 1
  bias_variance_init: 1
  num_samples: 16
  temperature: 0.001
  posterior_exponentiation: tempered
  num_squash_vectors: 1
dataset:
  type: regression
  label: spiked_linear
  n_train: 4
  n_test: 200
  rank: 1
  n_features: 500
  noise_std: 0.1
  ood_input_variance:
  - 1.0
seed: 0
optimization:
  learning_rate: 0.0001
  batch_size: 2056
  epochs: 30000
model:
  type: mlp
  hidden_layers:
  - 64
  - 64
  prior_std: 0.33
  ff: None
  ff_amplitudes: false

Using device: cuda
[2025-11-17 05:26:41,090][HYDRA] 	#409 : posterior=sbvi posterior.num_samples=16 optimization.epochs=30000 posterior.temperature=0.001 seed=0 optimization.learning_rate=0.0001 dataset=spiked_linear dataset.n_train=4 dataset.n_features=500 posterior.num_squash_vectors=4
Config:
posterior:
  type: sbvi
  weight_variance_init: 1
  bias_variance_init: 1
  num_samples: 16
  temperature: 0.001
  posterior_exponentiation: tempered
  num_squash_vectors: 4
dataset:
  type: regression
  label: spiked_linear
  n_train: 4
  n_test: 200
  rank: 1
  n_features: 500
  noise_std: 0.1
  ood_input_variance:
  - 1.0
seed: 0
optimization:
  learning_rate: 0.0001
  batch_size: 2056
  epochs: 30000
model:
  type: mlp
  hidden_layers:
  - 64
  - 64
  prior_std: 0.33
  ff: None
  ff_amplitudes: false

Using device: cuda
[2025-11-17 05:26:41,258][HYDRA] 	#410 : posterior=sbvi posterior.num_samples=16 optimization.epochs=30000 posterior.temperature=0.001 seed=0 optimization.learning_rate=0.0001 dataset=spiked_linear dataset.n_train=4 dataset.n_features=500 posterior.num_squash_vectors=16
Config:
posterior:
  type: sbvi
  weight_variance_init: 1
  bias_variance_init: 1
  num_samples: 16
  temperature: 0.001
  posterior_exponentiation: tempered
  num_squash_vectors: 16
dataset:
  type: regression
  label: spiked_linear
  n_train: 4
  n_test: 200
  rank: 1
  n_features: 500
  noise_std: 0.1
  ood_input_variance:
  - 1.0
seed: 0
optimization:
  learning_rate: 0.0001
  batch_size: 2056
  epochs: 30000
model:
  type: mlp
  hidden_layers:
  - 64
  - 64
  prior_std: 0.33
  ff: None
  ff_amplitudes: false

Using device: cuda
[2025-11-17 05:26:41,416][HYDRA] 	#411 : posterior=sbvi posterior.num_samples=16 optimization.epochs=30000 posterior.temperature=0.001 seed=0 optimization.learning_rate=0.0001 dataset=spiked_linear dataset.n_train=4 dataset.n_features=10000 posterior.num_squash_vectors=1
Config:
posterior:
  type: sbvi
  weight_variance_init: 1
  bias_variance_init: 1
  num_samples: 16
  temperature: 0.001
  posterior_exponentiation: tempered
  num_squash_vectors: 1
dataset:
  type: regression
  label: spiked_linear
  n_train: 4
  n_test: 200
  rank: 1
  n_features: 10000
  noise_std: 0.1
  ood_input_variance:
  - 1.0
seed: 0
optimization:
  learning_rate: 0.0001
  batch_size: 2056
  epochs: 30000
model:
  type: mlp
  hidden_layers:
  - 64
  - 64
  prior_std: 0.33
  ff: None
  ff_amplitudes: false

Using device: cuda
[2025-11-17 05:26:41,539][HYDRA] 	#412 : posterior=sbvi posterior.num_samples=16 optimization.epochs=30000 posterior.temperature=0.001 seed=0 optimization.learning_rate=0.0001 dataset=spiked_linear dataset.n_train=4 dataset.n_features=10000 posterior.num_squash_vectors=4
Config:
posterior:
  type: sbvi
  weight_variance_init: 1
  bias_variance_init: 1
  num_samples: 16
  temperature: 0.001
  posterior_exponentiation: tempered
  num_squash_vectors: 4
dataset:
  type: regression
  label: spiked_linear
  n_train: 4
  n_test: 200
  rank: 1
  n_features: 10000
  noise_std: 0.1
  ood_input_variance:
  - 1.0
seed: 0
optimization:
  learning_rate: 0.0001
  batch_size: 2056
  epochs: 30000
model:
  type: mlp
  hidden_layers:
  - 64
  - 64
  prior_std: 0.33
  ff: None
  ff_amplitudes: false

Using device: cuda
[2025-11-17 05:26:41,724][HYDRA] 	#413 : posterior=sbvi posterior.num_samples=16 optimization.epochs=30000 posterior.temperature=0.001 seed=0 optimization.learning_rate=0.0001 dataset=spiked_linear dataset.n_train=4 dataset.n_features=10000 posterior.num_squash_vectors=16
Config:
posterior:
  type: sbvi
  weight_variance_init: 1
  bias_variance_init: 1
  num_samples: 16
  temperature: 0.001
  posterior_exponentiation: tempered
  num_squash_vectors: 16
dataset:
  type: regression
  label: spiked_linear
  n_train: 4
  n_test: 200
  rank: 1
  n_features: 10000
  noise_std: 0.1
  ood_input_variance:
  - 1.0
seed: 0
optimization:
  learning_rate: 0.0001
  batch_size: 2056
  epochs: 30000
model:
  type: mlp
  hidden_layers:
  - 64
  - 64
  prior_std: 0.33
  ff: None
  ff_amplitudes: false

Using device: cuda
[2025-11-17 05:26:41,879][HYDRA] 	#414 : posterior=sbvi posterior.num_samples=16 optimization.epochs=30000 posterior.temperature=0.001 seed=0 optimization.learning_rate=0.0001 dataset=spiked_linear dataset.n_train=64 dataset.n_features=1 posterior.num_squash_vectors=1
Config:
posterior:
  type: sbvi
  weight_variance_init: 1
  bias_variance_init: 1
  num_samples: 16
  temperature: 0.001
  posterior_exponentiation: tempered
  num_squash_vectors: 1
dataset:
  type: regression
  label: spiked_linear
  n_train: 64
  n_test: 200
  rank: 1
  n_features: 1
  noise_std: 0.1
  ood_input_variance:
  - 1.0
seed: 0
optimization:
  learning_rate: 0.0001
  batch_size: 2056
  epochs: 30000
model:
  type: mlp
  hidden_layers:
  - 64
  - 64
  prior_std: 0.33
  ff: None
  ff_amplitudes: false

Using device: cuda
[2025-11-17 05:26:42,018][HYDRA] 	#415 : posterior=sbvi posterior.num_samples=16 optimization.epochs=30000 posterior.temperature=0.001 seed=0 optimization.learning_rate=0.0001 dataset=spiked_linear dataset.n_train=64 dataset.n_features=1 posterior.num_squash_vectors=4
Config:
posterior:
  type: sbvi
  weight_variance_init: 1
  bias_variance_init: 1
  num_samples: 16
  temperature: 0.001
  posterior_exponentiation: tempered
  num_squash_vectors: 4
dataset:
  type: regression
  label: spiked_linear
  n_train: 64
  n_test: 200
  rank: 1
  n_features: 1
  noise_std: 0.1
  ood_input_variance:
  - 1.0
seed: 0
optimization:
  learning_rate: 0.0001
  batch_size: 2056
  epochs: 30000
model:
  type: mlp
  hidden_layers:
  - 64
  - 64
  prior_std: 0.33
  ff: None
  ff_amplitudes: false

Using device: cuda
[2025-11-17 05:26:42,236][HYDRA] 	#416 : posterior=sbvi posterior.num_samples=16 optimization.epochs=30000 posterior.temperature=0.001 seed=0 optimization.learning_rate=0.0001 dataset=spiked_linear dataset.n_train=64 dataset.n_features=1 posterior.num_squash_vectors=16
Config:
posterior:
  type: sbvi
  weight_variance_init: 1
  bias_variance_init: 1
  num_samples: 16
  temperature: 0.001
  posterior_exponentiation: tempered
  num_squash_vectors: 16
dataset:
  type: regression
  label: spiked_linear
  n_train: 64
  n_test: 200
  rank: 1
  n_features: 1
  noise_std: 0.1
  ood_input_variance:
  - 1.0
seed: 0
optimization:
  learning_rate: 0.0001
  batch_size: 2056
  epochs: 30000
model:
  type: mlp
  hidden_layers:
  - 64
  - 64
  prior_std: 0.33
  ff: None
  ff_amplitudes: false

Using device: cuda
[2025-11-17 05:26:42,371][HYDRA] 	#417 : posterior=sbvi posterior.num_samples=16 optimization.epochs=30000 posterior.temperature=0.001 seed=0 optimization.learning_rate=0.0001 dataset=spiked_linear dataset.n_train=64 dataset.n_features=500 posterior.num_squash_vectors=1
Config:
posterior:
  type: sbvi
  weight_variance_init: 1
  bias_variance_init: 1
  num_samples: 16
  temperature: 0.001
  posterior_exponentiation: tempered
  num_squash_vectors: 1
dataset:
  type: regression
  label: spiked_linear
  n_train: 64
  n_test: 200
  rank: 1
  n_features: 500
  noise_std: 0.1
  ood_input_variance:
  - 1.0
seed: 0
optimization:
  learning_rate: 0.0001
  batch_size: 2056
  epochs: 30000
model:
  type: mlp
  hidden_layers:
  - 64
  - 64
  prior_std: 0.33
  ff: None
  ff_amplitudes: false

Using device: cuda
[2025-11-17 05:26:42,508][HYDRA] 	#418 : posterior=sbvi posterior.num_samples=16 optimization.epochs=30000 posterior.temperature=0.001 seed=0 optimization.learning_rate=0.0001 dataset=spiked_linear dataset.n_train=64 dataset.n_features=500 posterior.num_squash_vectors=4
Config:
posterior:
  type: sbvi
  weight_variance_init: 1
  bias_variance_init: 1
  num_samples: 16
  temperature: 0.001
  posterior_exponentiation: tempered
  num_squash_vectors: 4
dataset:
  type: regression
  label: spiked_linear
  n_train: 64
  n_test: 200
  rank: 1
  n_features: 500
  noise_std: 0.1
  ood_input_variance:
  - 1.0
seed: 0
optimization:
  learning_rate: 0.0001
  batch_size: 2056
  epochs: 30000
model:
  type: mlp
  hidden_layers:
  - 64
  - 64
  prior_std: 0.33
  ff: None
  ff_amplitudes: false

Using device: cuda
[2025-11-17 05:26:42,667][HYDRA] 	#419 : posterior=sbvi posterior.num_samples=16 optimization.epochs=30000 posterior.temperature=0.001 seed=0 optimization.learning_rate=0.0001 dataset=spiked_linear dataset.n_train=64 dataset.n_features=500 posterior.num_squash_vectors=16
Config:
posterior:
  type: sbvi
  weight_variance_init: 1
  bias_variance_init: 1
  num_samples: 16
  temperature: 0.001
  posterior_exponentiation: tempered
  num_squash_vectors: 16
dataset:
  type: regression
  label: spiked_linear
  n_train: 64
  n_test: 200
  rank: 1
  n_features: 500
  noise_std: 0.1
  ood_input_variance:
  - 1.0
seed: 0
optimization:
  learning_rate: 0.0001
  batch_size: 2056
  epochs: 30000
model:
  type: mlp
  hidden_layers:
  - 64
  - 64
  prior_std: 0.33
  ff: None
  ff_amplitudes: false

Using device: cuda
[2025-11-17 05:26:42,862][HYDRA] 	#420 : posterior=sbvi posterior.num_samples=16 optimization.epochs=30000 posterior.temperature=0.001 seed=0 optimization.learning_rate=0.0001 dataset=spiked_linear dataset.n_train=64 dataset.n_features=10000 posterior.num_squash_vectors=1
Config:
posterior:
  type: sbvi
  weight_variance_init: 1
  bias_variance_init: 1
  num_samples: 16
  temperature: 0.001
  posterior_exponentiation: tempered
  num_squash_vectors: 1
dataset:
  type: regression
  label: spiked_linear
  n_train: 64
  n_test: 200
  rank: 1
  n_features: 10000
  noise_std: 0.1
  ood_input_variance:
  - 1.0
seed: 0
optimization:
  learning_rate: 0.0001
  batch_size: 2056
  epochs: 30000
model:
  type: mlp
  hidden_layers:
  - 64
  - 64
  prior_std: 0.33
  ff: None
  ff_amplitudes: false

Using device: cuda
[2025-11-17 05:26:43,013][HYDRA] 	#421 : posterior=sbvi posterior.num_samples=16 optimization.epochs=30000 posterior.temperature=0.001 seed=0 optimization.learning_rate=0.0001 dataset=spiked_linear dataset.n_train=64 dataset.n_features=10000 posterior.num_squash_vectors=4
Config:
posterior:
  type: sbvi
  weight_variance_init: 1
  bias_variance_init: 1
  num_samples: 16
  temperature: 0.001
  posterior_exponentiation: tempered
  num_squash_vectors: 4
dataset:
  type: regression
  label: spiked_linear
  n_train: 64
  n_test: 200
  rank: 1
  n_features: 10000
  noise_std: 0.1
  ood_input_variance:
  - 1.0
seed: 0
optimization:
  learning_rate: 0.0001
  batch_size: 2056
  epochs: 30000
model:
  type: mlp
  hidden_layers:
  - 64
  - 64
  prior_std: 0.33
  ff: None
  ff_amplitudes: false

Using device: cuda
[2025-11-17 05:26:43,164][HYDRA] 	#422 : posterior=sbvi posterior.num_samples=16 optimization.epochs=30000 posterior.temperature=0.001 seed=0 optimization.learning_rate=0.0001 dataset=spiked_linear dataset.n_train=64 dataset.n_features=10000 posterior.num_squash_vectors=16
Config:
posterior:
  type: sbvi
  weight_variance_init: 1
  bias_variance_init: 1
  num_samples: 16
  temperature: 0.001
  posterior_exponentiation: tempered
  num_squash_vectors: 16
dataset:
  type: regression
  label: spiked_linear
  n_train: 64
  n_test: 200
  rank: 1
  n_features: 10000
  noise_std: 0.1
  ood_input_variance:
  - 1.0
seed: 0
optimization:
  learning_rate: 0.0001
  batch_size: 2056
  epochs: 30000
model:
  type: mlp
  hidden_layers:
  - 64
  - 64
  prior_std: 0.33
  ff: None
  ff_amplitudes: false

Using device: cuda
[2025-11-17 05:26:43,340][HYDRA] 	#423 : posterior=sbvi posterior.num_samples=16 optimization.epochs=30000 posterior.temperature=0.001 seed=0 optimization.learning_rate=0.0001 dataset=spiked_linear dataset.n_train=512 dataset.n_features=1 posterior.num_squash_vectors=1
Config:
posterior:
  type: sbvi
  weight_variance_init: 1
  bias_variance_init: 1
  num_samples: 16
  temperature: 0.001
  posterior_exponentiation: tempered
  num_squash_vectors: 1
dataset:
  type: regression
  label: spiked_linear
  n_train: 512
  n_test: 200
  rank: 1
  n_features: 1
  noise_std: 0.1
  ood_input_variance:
  - 1.0
seed: 0
optimization:
  learning_rate: 0.0001
  batch_size: 2056
  epochs: 30000
model:
  type: mlp
  hidden_layers:
  - 64
  - 64
  prior_std: 0.33
  ff: None
  ff_amplitudes: false

Using device: cuda
[2025-11-17 05:26:43,483][HYDRA] 	#424 : posterior=sbvi posterior.num_samples=16 optimization.epochs=30000 posterior.temperature=0.001 seed=0 optimization.learning_rate=0.0001 dataset=spiked_linear dataset.n_train=512 dataset.n_features=1 posterior.num_squash_vectors=4
Config:
posterior:
  type: sbvi
  weight_variance_init: 1
  bias_variance_init: 1
  num_samples: 16
  temperature: 0.001
  posterior_exponentiation: tempered
  num_squash_vectors: 4
dataset:
  type: regression
  label: spiked_linear
  n_train: 512
  n_test: 200
  rank: 1
  n_features: 1
  noise_std: 0.1
  ood_input_variance:
  - 1.0
seed: 0
optimization:
  learning_rate: 0.0001
  batch_size: 2056
  epochs: 30000
model:
  type: mlp
  hidden_layers:
  - 64
  - 64
  prior_std: 0.33
  ff: None
  ff_amplitudes: false

Using device: cuda
[2025-11-17 05:26:43,638][HYDRA] 	#425 : posterior=sbvi posterior.num_samples=16 optimization.epochs=30000 posterior.temperature=0.001 seed=0 optimization.learning_rate=0.0001 dataset=spiked_linear dataset.n_train=512 dataset.n_features=1 posterior.num_squash_vectors=16
Config:
posterior:
  type: sbvi
  weight_variance_init: 1
  bias_variance_init: 1
  num_samples: 16
  temperature: 0.001
  posterior_exponentiation: tempered
  num_squash_vectors: 16
dataset:
  type: regression
  label: spiked_linear
  n_train: 512
  n_test: 200
  rank: 1
  n_features: 1
  noise_std: 0.1
  ood_input_variance:
  - 1.0
seed: 0
optimization:
  learning_rate: 0.0001
  batch_size: 2056
  epochs: 30000
model:
  type: mlp
  hidden_layers:
  - 64
  - 64
  prior_std: 0.33
  ff: None
  ff_amplitudes: false

Using device: cuda
[2025-11-17 05:26:43,774][HYDRA] 	#426 : posterior=sbvi posterior.num_samples=16 optimization.epochs=30000 posterior.temperature=0.001 seed=0 optimization.learning_rate=0.0001 dataset=spiked_linear dataset.n_train=512 dataset.n_features=500 posterior.num_squash_vectors=1
Config:
posterior:
  type: sbvi
  weight_variance_init: 1
  bias_variance_init: 1
  num_samples: 16
  temperature: 0.001
  posterior_exponentiation: tempered
  num_squash_vectors: 1
dataset:
  type: regression
  label: spiked_linear
  n_train: 512
  n_test: 200
  rank: 1
  n_features: 500
  noise_std: 0.1
  ood_input_variance:
  - 1.0
seed: 0
optimization:
  learning_rate: 0.0001
  batch_size: 2056
  epochs: 30000
model:
  type: mlp
  hidden_layers:
  - 64
  - 64
  prior_std: 0.33
  ff: None
  ff_amplitudes: false

Using device: cuda
[2025-11-17 05:26:43,924][HYDRA] 	#427 : posterior=sbvi posterior.num_samples=16 optimization.epochs=30000 posterior.temperature=0.001 seed=0 optimization.learning_rate=0.0001 dataset=spiked_linear dataset.n_train=512 dataset.n_features=500 posterior.num_squash_vectors=4
Config:
posterior:
  type: sbvi
  weight_variance_init: 1
  bias_variance_init: 1
  num_samples: 16
  temperature: 0.001
  posterior_exponentiation: tempered
  num_squash_vectors: 4
dataset:
  type: regression
  label: spiked_linear
  n_train: 512
  n_test: 200
  rank: 1
  n_features: 500
  noise_std: 0.1
  ood_input_variance:
  - 1.0
seed: 0
optimization:
  learning_rate: 0.0001
  batch_size: 2056
  epochs: 30000
model:
  type: mlp
  hidden_layers:
  - 64
  - 64
  prior_std: 0.33
  ff: None
  ff_amplitudes: false

Using device: cuda
[2025-11-17 05:26:44,088][HYDRA] 	#428 : posterior=sbvi posterior.num_samples=16 optimization.epochs=30000 posterior.temperature=0.001 seed=0 optimization.learning_rate=0.0001 dataset=spiked_linear dataset.n_train=512 dataset.n_features=500 posterior.num_squash_vectors=16
Config:
posterior:
  type: sbvi
  weight_variance_init: 1
  bias_variance_init: 1
  num_samples: 16
  temperature: 0.001
  posterior_exponentiation: tempered
  num_squash_vectors: 16
dataset:
  type: regression
  label: spiked_linear
  n_train: 512
  n_test: 200
  rank: 1
  n_features: 500
  noise_std: 0.1
  ood_input_variance:
  - 1.0
seed: 0
optimization:
  learning_rate: 0.0001
  batch_size: 2056
  epochs: 30000
model:
  type: mlp
  hidden_layers:
  - 64
  - 64
  prior_std: 0.33
  ff: None
  ff_amplitudes: false

Using device: cuda
[2025-11-17 05:26:44,231][HYDRA] 	#429 : posterior=sbvi posterior.num_samples=16 optimization.epochs=30000 posterior.temperature=0.001 seed=0 optimization.learning_rate=0.0001 dataset=spiked_linear dataset.n_train=512 dataset.n_features=10000 posterior.num_squash_vectors=1
Config:
posterior:
  type: sbvi
  weight_variance_init: 1
  bias_variance_init: 1
  num_samples: 16
  temperature: 0.001
  posterior_exponentiation: tempered
  num_squash_vectors: 1
dataset:
  type: regression
  label: spiked_linear
  n_train: 512
  n_test: 200
  rank: 1
  n_features: 10000
  noise_std: 0.1
  ood_input_variance:
  - 1.0
seed: 0
optimization:
  learning_rate: 0.0001
  batch_size: 2056
  epochs: 30000
model:
  type: mlp
  hidden_layers:
  - 64
  - 64
  prior_std: 0.33
  ff: None
  ff_amplitudes: false

Using device: cuda
[2025-11-17 05:26:44,385][HYDRA] 	#430 : posterior=sbvi posterior.num_samples=16 optimization.epochs=30000 posterior.temperature=0.001 seed=0 optimization.learning_rate=0.0001 dataset=spiked_linear dataset.n_train=512 dataset.n_features=10000 posterior.num_squash_vectors=4
Config:
posterior:
  type: sbvi
  weight_variance_init: 1
  bias_variance_init: 1
  num_samples: 16
  temperature: 0.001
  posterior_exponentiation: tempered
  num_squash_vectors: 4
dataset:
  type: regression
  label: spiked_linear
  n_train: 512
  n_test: 200
  rank: 1
  n_features: 10000
  noise_std: 0.1
  ood_input_variance:
  - 1.0
seed: 0
optimization:
  learning_rate: 0.0001
  batch_size: 2056
  epochs: 30000
model:
  type: mlp
  hidden_layers:
  - 64
  - 64
  prior_std: 0.33
  ff: None
  ff_amplitudes: false

Using device: cuda
[2025-11-17 05:26:47,730][HYDRA] 	#431 : posterior=sbvi posterior.num_samples=16 optimization.epochs=30000 posterior.temperature=0.001 seed=0 optimization.learning_rate=0.0001 dataset=spiked_linear dataset.n_train=512 dataset.n_features=10000 posterior.num_squash_vectors=16
Config:
posterior:
  type: sbvi
  weight_variance_init: 1
  bias_variance_init: 1
  num_samples: 16
  temperature: 0.001
  posterior_exponentiation: tempered
  num_squash_vectors: 16
dataset:
  type: regression
  label: spiked_linear
  n_train: 512
  n_test: 200
  rank: 1
  n_features: 10000
  noise_std: 0.1
  ood_input_variance:
  - 1.0
seed: 0
optimization:
  learning_rate: 0.0001
  batch_size: 2056
  epochs: 30000
model:
  type: mlp
  hidden_layers:
  - 64
  - 64
  prior_std: 0.33
  ff: None
  ff_amplitudes: false

Using device: cuda
[2025-11-17 05:26:47,944][HYDRA] 	#432 : posterior=sbvi posterior.num_samples=16 optimization.epochs=30000 posterior.temperature=1e-06 seed=0 optimization.learning_rate=0.0003 dataset=spiked_linear dataset.n_train=4 dataset.n_features=1 posterior.num_squash_vectors=1
Config:
posterior:
  type: sbvi
  weight_variance_init: 1
  bias_variance_init: 1
  num_samples: 16
  temperature: 1.0e-06
  posterior_exponentiation: tempered
  num_squash_vectors: 1
dataset:
  type: regression
  label: spiked_linear
  n_train: 4
  n_test: 200
  rank: 1
  n_features: 1
  noise_std: 0.1
  ood_input_variance:
  - 1.0
seed: 0
optimization:
  learning_rate: 0.0003
  batch_size: 2056
  epochs: 30000
model:
  type: mlp
  hidden_layers:
  - 64
  - 64
  prior_std: 0.33
  ff: None
  ff_amplitudes: false

Using device: cuda
[2025-11-17 05:26:48,093][HYDRA] 	#433 : posterior=sbvi posterior.num_samples=16 optimization.epochs=30000 posterior.temperature=1e-06 seed=0 optimization.learning_rate=0.0003 dataset=spiked_linear dataset.n_train=4 dataset.n_features=1 posterior.num_squash_vectors=4
Config:
posterior:
  type: sbvi
  weight_variance_init: 1
  bias_variance_init: 1
  num_samples: 16
  temperature: 1.0e-06
  posterior_exponentiation: tempered
  num_squash_vectors: 4
dataset:
  type: regression
  label: spiked_linear
  n_train: 4
  n_test: 200
  rank: 1
  n_features: 1
  noise_std: 0.1
  ood_input_variance:
  - 1.0
seed: 0
optimization:
  learning_rate: 0.0003
  batch_size: 2056
  epochs: 30000
model:
  type: mlp
  hidden_layers:
  - 64
  - 64
  prior_std: 0.33
  ff: None
  ff_amplitudes: false

Using device: cuda
[2025-11-17 05:26:48,223][HYDRA] 	#434 : posterior=sbvi posterior.num_samples=16 optimization.epochs=30000 posterior.temperature=1e-06 seed=0 optimization.learning_rate=0.0003 dataset=spiked_linear dataset.n_train=4 dataset.n_features=1 posterior.num_squash_vectors=16
Config:
posterior:
  type: sbvi
  weight_variance_init: 1
  bias_variance_init: 1
  num_samples: 16
  temperature: 1.0e-06
  posterior_exponentiation: tempered
  num_squash_vectors: 16
dataset:
  type: regression
  label: spiked_linear
  n_train: 4
  n_test: 200
  rank: 1
  n_features: 1
  noise_std: 0.1
  ood_input_variance:
  - 1.0
seed: 0
optimization:
  learning_rate: 0.0003
  batch_size: 2056
  epochs: 30000
model:
  type: mlp
  hidden_layers:
  - 64
  - 64
  prior_std: 0.33
  ff: None
  ff_amplitudes: false

Using device: cuda
[2025-11-17 05:26:48,349][HYDRA] 	#435 : posterior=sbvi posterior.num_samples=16 optimization.epochs=30000 posterior.temperature=1e-06 seed=0 optimization.learning_rate=0.0003 dataset=spiked_linear dataset.n_train=4 dataset.n_features=500 posterior.num_squash_vectors=1
Config:
posterior:
  type: sbvi
  weight_variance_init: 1
  bias_variance_init: 1
  num_samples: 16
  temperature: 1.0e-06
  posterior_exponentiation: tempered
  num_squash_vectors: 1
dataset:
  type: regression
  label: spiked_linear
  n_train: 4
  n_test: 200
  rank: 1
  n_features: 500
  noise_std: 0.1
  ood_input_variance:
  - 1.0
seed: 0
optimization:
  learning_rate: 0.0003
  batch_size: 2056
  epochs: 30000
model:
  type: mlp
  hidden_layers:
  - 64
  - 64
  prior_std: 0.33
  ff: None
  ff_amplitudes: false

Using device: cuda
[2025-11-17 05:26:48,498][HYDRA] 	#436 : posterior=sbvi posterior.num_samples=16 optimization.epochs=30000 posterior.temperature=1e-06 seed=0 optimization.learning_rate=0.0003 dataset=spiked_linear dataset.n_train=4 dataset.n_features=500 posterior.num_squash_vectors=4
Config:
posterior:
  type: sbvi
  weight_variance_init: 1
  bias_variance_init: 1
  num_samples: 16
  temperature: 1.0e-06
  posterior_exponentiation: tempered
  num_squash_vectors: 4
dataset:
  type: regression
  label: spiked_linear
  n_train: 4
  n_test: 200
  rank: 1
  n_features: 500
  noise_std: 0.1
  ood_input_variance:
  - 1.0
seed: 0
optimization:
  learning_rate: 0.0003
  batch_size: 2056
  epochs: 30000
model:
  type: mlp
  hidden_layers:
  - 64
  - 64
  prior_std: 0.33
  ff: None
  ff_amplitudes: false

Using device: cuda
[2025-11-17 05:26:48,659][HYDRA] 	#437 : posterior=sbvi posterior.num_samples=16 optimization.epochs=30000 posterior.temperature=1e-06 seed=0 optimization.learning_rate=0.0003 dataset=spiked_linear dataset.n_train=4 dataset.n_features=500 posterior.num_squash_vectors=16
Config:
posterior:
  type: sbvi
  weight_variance_init: 1
  bias_variance_init: 1
  num_samples: 16
  temperature: 1.0e-06
  posterior_exponentiation: tempered
  num_squash_vectors: 16
dataset:
  type: regression
  label: spiked_linear
  n_train: 4
  n_test: 200
  rank: 1
  n_features: 500
  noise_std: 0.1
  ood_input_variance:
  - 1.0
seed: 0
optimization:
  learning_rate: 0.0003
  batch_size: 2056
  epochs: 30000
model:
  type: mlp
  hidden_layers:
  - 64
  - 64
  prior_std: 0.33
  ff: None
  ff_amplitudes: false

Using device: cuda
[2025-11-17 05:26:48,789][HYDRA] 	#438 : posterior=sbvi posterior.num_samples=16 optimization.epochs=30000 posterior.temperature=1e-06 seed=0 optimization.learning_rate=0.0003 dataset=spiked_linear dataset.n_train=4 dataset.n_features=10000 posterior.num_squash_vectors=1
Config:
posterior:
  type: sbvi
  weight_variance_init: 1
  bias_variance_init: 1
  num_samples: 16
  temperature: 1.0e-06
  posterior_exponentiation: tempered
  num_squash_vectors: 1
dataset:
  type: regression
  label: spiked_linear
  n_train: 4
  n_test: 200
  rank: 1
  n_features: 10000
  noise_std: 0.1
  ood_input_variance:
  - 1.0
seed: 0
optimization:
  learning_rate: 0.0003
  batch_size: 2056
  epochs: 30000
model:
  type: mlp
  hidden_layers:
  - 64
  - 64
  prior_std: 0.33
  ff: None
  ff_amplitudes: false

Using device: cuda
[2025-11-17 05:26:48,908][HYDRA] 	#439 : posterior=sbvi posterior.num_samples=16 optimization.epochs=30000 posterior.temperature=1e-06 seed=0 optimization.learning_rate=0.0003 dataset=spiked_linear dataset.n_train=4 dataset.n_features=10000 posterior.num_squash_vectors=4
Config:
posterior:
  type: sbvi
  weight_variance_init: 1
  bias_variance_init: 1
  num_samples: 16
  temperature: 1.0e-06
  posterior_exponentiation: tempered
  num_squash_vectors: 4
dataset:
  type: regression
  label: spiked_linear
  n_train: 4
  n_test: 200
  rank: 1
  n_features: 10000
  noise_std: 0.1
  ood_input_variance:
  - 1.0
seed: 0
optimization:
  learning_rate: 0.0003
  batch_size: 2056
  epochs: 30000
model:
  type: mlp
  hidden_layers:
  - 64
  - 64
  prior_std: 0.33
  ff: None
  ff_amplitudes: false

Using device: cuda
[2025-11-17 05:26:49,064][HYDRA] 	#440 : posterior=sbvi posterior.num_samples=16 optimization.epochs=30000 posterior.temperature=1e-06 seed=0 optimization.learning_rate=0.0003 dataset=spiked_linear dataset.n_train=4 dataset.n_features=10000 posterior.num_squash_vectors=16
Config:
posterior:
  type: sbvi
  weight_variance_init: 1
  bias_variance_init: 1
  num_samples: 16
  temperature: 1.0e-06
  posterior_exponentiation: tempered
  num_squash_vectors: 16
dataset:
  type: regression
  label: spiked_linear
  n_train: 4
  n_test: 200
  rank: 1
  n_features: 10000
  noise_std: 0.1
  ood_input_variance:
  - 1.0
seed: 0
optimization:
  learning_rate: 0.0003
  batch_size: 2056
  epochs: 30000
model:
  type: mlp
  hidden_layers:
  - 64
  - 64
  prior_std: 0.33
  ff: None
  ff_amplitudes: false

Using device: cuda
[2025-11-17 05:26:49,245][HYDRA] 	#441 : posterior=sbvi posterior.num_samples=16 optimization.epochs=30000 posterior.temperature=1e-06 seed=0 optimization.learning_rate=0.0003 dataset=spiked_linear dataset.n_train=64 dataset.n_features=1 posterior.num_squash_vectors=1
Config:
posterior:
  type: sbvi
  weight_variance_init: 1
  bias_variance_init: 1
  num_samples: 16
  temperature: 1.0e-06
  posterior_exponentiation: tempered
  num_squash_vectors: 1
dataset:
  type: regression
  label: spiked_linear
  n_train: 64
  n_test: 200
  rank: 1
  n_features: 1
  noise_std: 0.1
  ood_input_variance:
  - 1.0
seed: 0
optimization:
  learning_rate: 0.0003
  batch_size: 2056
  epochs: 30000
model:
  type: mlp
  hidden_layers:
  - 64
  - 64
  prior_std: 0.33
  ff: None
  ff_amplitudes: false

Using device: cuda
[2025-11-17 05:26:49,423][HYDRA] 	#442 : posterior=sbvi posterior.num_samples=16 optimization.epochs=30000 posterior.temperature=1e-06 seed=0 optimization.learning_rate=0.0003 dataset=spiked_linear dataset.n_train=64 dataset.n_features=1 posterior.num_squash_vectors=4
Config:
posterior:
  type: sbvi
  weight_variance_init: 1
  bias_variance_init: 1
  num_samples: 16
  temperature: 1.0e-06
  posterior_exponentiation: tempered
  num_squash_vectors: 4
dataset:
  type: regression
  label: spiked_linear
  n_train: 64
  n_test: 200
  rank: 1
  n_features: 1
  noise_std: 0.1
  ood_input_variance:
  - 1.0
seed: 0
optimization:
  learning_rate: 0.0003
  batch_size: 2056
  epochs: 30000
model:
  type: mlp
  hidden_layers:
  - 64
  - 64
  prior_std: 0.33
  ff: None
  ff_amplitudes: false

Using device: cuda
[2025-11-17 05:26:49,601][HYDRA] 	#443 : posterior=sbvi posterior.num_samples=16 optimization.epochs=30000 posterior.temperature=1e-06 seed=0 optimization.learning_rate=0.0003 dataset=spiked_linear dataset.n_train=64 dataset.n_features=1 posterior.num_squash_vectors=16
Config:
posterior:
  type: sbvi
  weight_variance_init: 1
  bias_variance_init: 1
  num_samples: 16
  temperature: 1.0e-06
  posterior_exponentiation: tempered
  num_squash_vectors: 16
dataset:
  type: regression
  label: spiked_linear
  n_train: 64
  n_test: 200
  rank: 1
  n_features: 1
  noise_std: 0.1
  ood_input_variance:
  - 1.0
seed: 0
optimization:
  learning_rate: 0.0003
  batch_size: 2056
  epochs: 30000
model:
  type: mlp
  hidden_layers:
  - 64
  - 64
  prior_std: 0.33
  ff: None
  ff_amplitudes: false

Using device: cuda
[2025-11-17 05:26:49,715][HYDRA] 	#444 : posterior=sbvi posterior.num_samples=16 optimization.epochs=30000 posterior.temperature=1e-06 seed=0 optimization.learning_rate=0.0003 dataset=spiked_linear dataset.n_train=64 dataset.n_features=500 posterior.num_squash_vectors=1
Config:
posterior:
  type: sbvi
  weight_variance_init: 1
  bias_variance_init: 1
  num_samples: 16
  temperature: 1.0e-06
  posterior_exponentiation: tempered
  num_squash_vectors: 1
dataset:
  type: regression
  label: spiked_linear
  n_train: 64
  n_test: 200
  rank: 1
  n_features: 500
  noise_std: 0.1
  ood_input_variance:
  - 1.0
seed: 0
optimization:
  learning_rate: 0.0003
  batch_size: 2056
  epochs: 30000
model:
  type: mlp
  hidden_layers:
  - 64
  - 64
  prior_std: 0.33
  ff: None
  ff_amplitudes: false

Using device: cuda
[2025-11-17 05:26:49,859][HYDRA] 	#445 : posterior=sbvi posterior.num_samples=16 optimization.epochs=30000 posterior.temperature=1e-06 seed=0 optimization.learning_rate=0.0003 dataset=spiked_linear dataset.n_train=64 dataset.n_features=500 posterior.num_squash_vectors=4
Config:
posterior:
  type: sbvi
  weight_variance_init: 1
  bias_variance_init: 1
  num_samples: 16
  temperature: 1.0e-06
  posterior_exponentiation: tempered
  num_squash_vectors: 4
dataset:
  type: regression
  label: spiked_linear
  n_train: 64
  n_test: 200
  rank: 1
  n_features: 500
  noise_std: 0.1
  ood_input_variance:
  - 1.0
seed: 0
optimization:
  learning_rate: 0.0003
  batch_size: 2056
  epochs: 30000
model:
  type: mlp
  hidden_layers:
  - 64
  - 64
  prior_std: 0.33
  ff: None
  ff_amplitudes: false

Using device: cuda
[2025-11-17 05:26:50,006][HYDRA] 	#446 : posterior=sbvi posterior.num_samples=16 optimization.epochs=30000 posterior.temperature=1e-06 seed=0 optimization.learning_rate=0.0003 dataset=spiked_linear dataset.n_train=64 dataset.n_features=500 posterior.num_squash_vectors=16
Config:
posterior:
  type: sbvi
  weight_variance_init: 1
  bias_variance_init: 1
  num_samples: 16
  temperature: 1.0e-06
  posterior_exponentiation: tempered
  num_squash_vectors: 16
dataset:
  type: regression
  label: spiked_linear
  n_train: 64
  n_test: 200
  rank: 1
  n_features: 500
  noise_std: 0.1
  ood_input_variance:
  - 1.0
seed: 0
optimization:
  learning_rate: 0.0003
  batch_size: 2056
  epochs: 30000
model:
  type: mlp
  hidden_layers:
  - 64
  - 64
  prior_std: 0.33
  ff: None
  ff_amplitudes: false

Using device: cuda
[2025-11-17 05:26:50,155][HYDRA] 	#447 : posterior=sbvi posterior.num_samples=16 optimization.epochs=30000 posterior.temperature=1e-06 seed=0 optimization.learning_rate=0.0003 dataset=spiked_linear dataset.n_train=64 dataset.n_features=10000 posterior.num_squash_vectors=1
Config:
posterior:
  type: sbvi
  weight_variance_init: 1
  bias_variance_init: 1
  num_samples: 16
  temperature: 1.0e-06
  posterior_exponentiation: tempered
  num_squash_vectors: 1
dataset:
  type: regression
  label: spiked_linear
  n_train: 64
  n_test: 200
  rank: 1
  n_features: 10000
  noise_std: 0.1
  ood_input_variance:
  - 1.0
seed: 0
optimization:
  learning_rate: 0.0003
  batch_size: 2056
  epochs: 30000
model:
  type: mlp
  hidden_layers:
  - 64
  - 64
  prior_std: 0.33
  ff: None
  ff_amplitudes: false

Using device: cuda
[2025-11-17 05:26:50,362][HYDRA] 	#448 : posterior=sbvi posterior.num_samples=16 optimization.epochs=30000 posterior.temperature=1e-06 seed=0 optimization.learning_rate=0.0003 dataset=spiked_linear dataset.n_train=64 dataset.n_features=10000 posterior.num_squash_vectors=4
Config:
posterior:
  type: sbvi
  weight_variance_init: 1
  bias_variance_init: 1
  num_samples: 16
  temperature: 1.0e-06
  posterior_exponentiation: tempered
  num_squash_vectors: 4
dataset:
  type: regression
  label: spiked_linear
  n_train: 64
  n_test: 200
  rank: 1
  n_features: 10000
  noise_std: 0.1
  ood_input_variance:
  - 1.0
seed: 0
optimization:
  learning_rate: 0.0003
  batch_size: 2056
  epochs: 30000
model:
  type: mlp
  hidden_layers:
  - 64
  - 64
  prior_std: 0.33
  ff: None
  ff_amplitudes: false

Using device: cuda
[2025-11-17 05:26:50,535][HYDRA] 	#449 : posterior=sbvi posterior.num_samples=16 optimization.epochs=30000 posterior.temperature=1e-06 seed=0 optimization.learning_rate=0.0003 dataset=spiked_linear dataset.n_train=64 dataset.n_features=10000 posterior.num_squash_vectors=16
Config:
posterior:
  type: sbvi
  weight_variance_init: 1
  bias_variance_init: 1
  num_samples: 16
  temperature: 1.0e-06
  posterior_exponentiation: tempered
  num_squash_vectors: 16
dataset:
  type: regression
  label: spiked_linear
  n_train: 64
  n_test: 200
  rank: 1
  n_features: 10000
  noise_std: 0.1
  ood_input_variance:
  - 1.0
seed: 0
optimization:
  learning_rate: 0.0003
  batch_size: 2056
  epochs: 30000
model:
  type: mlp
  hidden_layers:
  - 64
  - 64
  prior_std: 0.33
  ff: None
  ff_amplitudes: false

Using device: cuda
[2025-11-17 05:26:50,692][HYDRA] 	#450 : posterior=sbvi posterior.num_samples=16 optimization.epochs=30000 posterior.temperature=1e-06 seed=0 optimization.learning_rate=0.0003 dataset=spiked_linear dataset.n_train=512 dataset.n_features=1 posterior.num_squash_vectors=1
Config:
posterior:
  type: sbvi
  weight_variance_init: 1
  bias_variance_init: 1
  num_samples: 16
  temperature: 1.0e-06
  posterior_exponentiation: tempered
  num_squash_vectors: 1
dataset:
  type: regression
  label: spiked_linear
  n_train: 512
  n_test: 200
  rank: 1
  n_features: 1
  noise_std: 0.1
  ood_input_variance:
  - 1.0
seed: 0
optimization:
  learning_rate: 0.0003
  batch_size: 2056
  epochs: 30000
model:
  type: mlp
  hidden_layers:
  - 64
  - 64
  prior_std: 0.33
  ff: None
  ff_amplitudes: false

Using device: cuda
[2025-11-17 05:26:50,826][HYDRA] 	#451 : posterior=sbvi posterior.num_samples=16 optimization.epochs=30000 posterior.temperature=1e-06 seed=0 optimization.learning_rate=0.0003 dataset=spiked_linear dataset.n_train=512 dataset.n_features=1 posterior.num_squash_vectors=4
Config:
posterior:
  type: sbvi
  weight_variance_init: 1
  bias_variance_init: 1
  num_samples: 16
  temperature: 1.0e-06
  posterior_exponentiation: tempered
  num_squash_vectors: 4
dataset:
  type: regression
  label: spiked_linear
  n_train: 512
  n_test: 200
  rank: 1
  n_features: 1
  noise_std: 0.1
  ood_input_variance:
  - 1.0
seed: 0
optimization:
  learning_rate: 0.0003
  batch_size: 2056
  epochs: 30000
model:
  type: mlp
  hidden_layers:
  - 64
  - 64
  prior_std: 0.33
  ff: None
  ff_amplitudes: false

Using device: cuda
[2025-11-17 05:26:50,974][HYDRA] 	#452 : posterior=sbvi posterior.num_samples=16 optimization.epochs=30000 posterior.temperature=1e-06 seed=0 optimization.learning_rate=0.0003 dataset=spiked_linear dataset.n_train=512 dataset.n_features=1 posterior.num_squash_vectors=16
Config:
posterior:
  type: sbvi
  weight_variance_init: 1
  bias_variance_init: 1
  num_samples: 16
  temperature: 1.0e-06
  posterior_exponentiation: tempered
  num_squash_vectors: 16
dataset:
  type: regression
  label: spiked_linear
  n_train: 512
  n_test: 200
  rank: 1
  n_features: 1
  noise_std: 0.1
  ood_input_variance:
  - 1.0
seed: 0
optimization:
  learning_rate: 0.0003
  batch_size: 2056
  epochs: 30000
model:
  type: mlp
  hidden_layers:
  - 64
  - 64
  prior_std: 0.33
  ff: None
  ff_amplitudes: false

Using device: cuda
[2025-11-17 05:26:51,156][HYDRA] 	#453 : posterior=sbvi posterior.num_samples=16 optimization.epochs=30000 posterior.temperature=1e-06 seed=0 optimization.learning_rate=0.0003 dataset=spiked_linear dataset.n_train=512 dataset.n_features=500 posterior.num_squash_vectors=1
Config:
posterior:
  type: sbvi
  weight_variance_init: 1
  bias_variance_init: 1
  num_samples: 16
  temperature: 1.0e-06
  posterior_exponentiation: tempered
  num_squash_vectors: 1
dataset:
  type: regression
  label: spiked_linear
  n_train: 512
  n_test: 200
  rank: 1
  n_features: 500
  noise_std: 0.1
  ood_input_variance:
  - 1.0
seed: 0
optimization:
  learning_rate: 0.0003
  batch_size: 2056
  epochs: 30000
model:
  type: mlp
  hidden_layers:
  - 64
  - 64
  prior_std: 0.33
  ff: None
  ff_amplitudes: false

Using device: cuda
[2025-11-17 05:26:51,351][HYDRA] 	#454 : posterior=sbvi posterior.num_samples=16 optimization.epochs=30000 posterior.temperature=1e-06 seed=0 optimization.learning_rate=0.0003 dataset=spiked_linear dataset.n_train=512 dataset.n_features=500 posterior.num_squash_vectors=4
Config:
posterior:
  type: sbvi
  weight_variance_init: 1
  bias_variance_init: 1
  num_samples: 16
  temperature: 1.0e-06
  posterior_exponentiation: tempered
  num_squash_vectors: 4
dataset:
  type: regression
  label: spiked_linear
  n_train: 512
  n_test: 200
  rank: 1
  n_features: 500
  noise_std: 0.1
  ood_input_variance:
  - 1.0
seed: 0
optimization:
  learning_rate: 0.0003
  batch_size: 2056
  epochs: 30000
model:
  type: mlp
  hidden_layers:
  - 64
  - 64
  prior_std: 0.33
  ff: None
  ff_amplitudes: false

Using device: cuda
[2025-11-17 05:26:51,497][HYDRA] 	#455 : posterior=sbvi posterior.num_samples=16 optimization.epochs=30000 posterior.temperature=1e-06 seed=0 optimization.learning_rate=0.0003 dataset=spiked_linear dataset.n_train=512 dataset.n_features=500 posterior.num_squash_vectors=16
Config:
posterior:
  type: sbvi
  weight_variance_init: 1
  bias_variance_init: 1
  num_samples: 16
  temperature: 1.0e-06
  posterior_exponentiation: tempered
  num_squash_vectors: 16
dataset:
  type: regression
  label: spiked_linear
  n_train: 512
  n_test: 200
  rank: 1
  n_features: 500
  noise_std: 0.1
  ood_input_variance:
  - 1.0
seed: 0
optimization:
  learning_rate: 0.0003
  batch_size: 2056
  epochs: 30000
model:
  type: mlp
  hidden_layers:
  - 64
  - 64
  prior_std: 0.33
  ff: None
  ff_amplitudes: false

Using device: cuda
[2025-11-17 05:26:51,640][HYDRA] 	#456 : posterior=sbvi posterior.num_samples=16 optimization.epochs=30000 posterior.temperature=1e-06 seed=0 optimization.learning_rate=0.0003 dataset=spiked_linear dataset.n_train=512 dataset.n_features=10000 posterior.num_squash_vectors=1
Config:
posterior:
  type: sbvi
  weight_variance_init: 1
  bias_variance_init: 1
  num_samples: 16
  temperature: 1.0e-06
  posterior_exponentiation: tempered
  num_squash_vectors: 1
dataset:
  type: regression
  label: spiked_linear
  n_train: 512
  n_test: 200
  rank: 1
  n_features: 10000
  noise_std: 0.1
  ood_input_variance:
  - 1.0
seed: 0
optimization:
  learning_rate: 0.0003
  batch_size: 2056
  epochs: 30000
model:
  type: mlp
  hidden_layers:
  - 64
  - 64
  prior_std: 0.33
  ff: None
  ff_amplitudes: false

Using device: cuda
[2025-11-17 05:26:51,821][HYDRA] 	#457 : posterior=sbvi posterior.num_samples=16 optimization.epochs=30000 posterior.temperature=1e-06 seed=0 optimization.learning_rate=0.0003 dataset=spiked_linear dataset.n_train=512 dataset.n_features=10000 posterior.num_squash_vectors=4
Config:
posterior:
  type: sbvi
  weight_variance_init: 1
  bias_variance_init: 1
  num_samples: 16
  temperature: 1.0e-06
  posterior_exponentiation: tempered
  num_squash_vectors: 4
dataset:
  type: regression
  label: spiked_linear
  n_train: 512
  n_test: 200
  rank: 1
  n_features: 10000
  noise_std: 0.1
  ood_input_variance:
  - 1.0
seed: 0
optimization:
  learning_rate: 0.0003
  batch_size: 2056
  epochs: 30000
model:
  type: mlp
  hidden_layers:
  - 64
  - 64
  prior_std: 0.33
  ff: None
  ff_amplitudes: false

Using device: cuda
[2025-11-17 05:26:51,974][HYDRA] 	#458 : posterior=sbvi posterior.num_samples=16 optimization.epochs=30000 posterior.temperature=1e-06 seed=0 optimization.learning_rate=0.0003 dataset=spiked_linear dataset.n_train=512 dataset.n_features=10000 posterior.num_squash_vectors=16
Config:
posterior:
  type: sbvi
  weight_variance_init: 1
  bias_variance_init: 1
  num_samples: 16
  temperature: 1.0e-06
  posterior_exponentiation: tempered
  num_squash_vectors: 16
dataset:
  type: regression
  label: spiked_linear
  n_train: 512
  n_test: 200
  rank: 1
  n_features: 10000
  noise_std: 0.1
  ood_input_variance:
  - 1.0
seed: 0
optimization:
  learning_rate: 0.0003
  batch_size: 2056
  epochs: 30000
model:
  type: mlp
  hidden_layers:
  - 64
  - 64
  prior_std: 0.33
  ff: None
  ff_amplitudes: false

Using device: cuda
[2025-11-17 05:26:52,115][HYDRA] 	#459 : posterior=sbvi posterior.num_samples=16 optimization.epochs=30000 posterior.temperature=1e-06 seed=0 optimization.learning_rate=0.0001 dataset=spiked_linear dataset.n_train=4 dataset.n_features=1 posterior.num_squash_vectors=1
Config:
posterior:
  type: sbvi
  weight_variance_init: 1
  bias_variance_init: 1
  num_samples: 16
  temperature: 1.0e-06
  posterior_exponentiation: tempered
  num_squash_vectors: 1
dataset:
  type: regression
  label: spiked_linear
  n_train: 4
  n_test: 200
  rank: 1
  n_features: 1
  noise_std: 0.1
  ood_input_variance:
  - 1.0
seed: 0
optimization:
  learning_rate: 0.0001
  batch_size: 2056
  epochs: 30000
model:
  type: mlp
  hidden_layers:
  - 64
  - 64
  prior_std: 0.33
  ff: None
  ff_amplitudes: false

Using device: cuda
[2025-11-17 05:26:52,303][HYDRA] 	#460 : posterior=sbvi posterior.num_samples=16 optimization.epochs=30000 posterior.temperature=1e-06 seed=0 optimization.learning_rate=0.0001 dataset=spiked_linear dataset.n_train=4 dataset.n_features=1 posterior.num_squash_vectors=4
Config:
posterior:
  type: sbvi
  weight_variance_init: 1
  bias_variance_init: 1
  num_samples: 16
  temperature: 1.0e-06
  posterior_exponentiation: tempered
  num_squash_vectors: 4
dataset:
  type: regression
  label: spiked_linear
  n_train: 4
  n_test: 200
  rank: 1
  n_features: 1
  noise_std: 0.1
  ood_input_variance:
  - 1.0
seed: 0
optimization:
  learning_rate: 0.0001
  batch_size: 2056
  epochs: 30000
model:
  type: mlp
  hidden_layers:
  - 64
  - 64
  prior_std: 0.33
  ff: None
  ff_amplitudes: false

Using device: cuda
[2025-11-17 05:26:52,443][HYDRA] 	#461 : posterior=sbvi posterior.num_samples=16 optimization.epochs=30000 posterior.temperature=1e-06 seed=0 optimization.learning_rate=0.0001 dataset=spiked_linear dataset.n_train=4 dataset.n_features=1 posterior.num_squash_vectors=16
Config:
posterior:
  type: sbvi
  weight_variance_init: 1
  bias_variance_init: 1
  num_samples: 16
  temperature: 1.0e-06
  posterior_exponentiation: tempered
  num_squash_vectors: 16
dataset:
  type: regression
  label: spiked_linear
  n_train: 4
  n_test: 200
  rank: 1
  n_features: 1
  noise_std: 0.1
  ood_input_variance:
  - 1.0
seed: 0
optimization:
  learning_rate: 0.0001
  batch_size: 2056
  epochs: 30000
model:
  type: mlp
  hidden_layers:
  - 64
  - 64
  prior_std: 0.33
  ff: None
  ff_amplitudes: false

Using device: cuda
[2025-11-17 05:26:52,631][HYDRA] 	#462 : posterior=sbvi posterior.num_samples=16 optimization.epochs=30000 posterior.temperature=1e-06 seed=0 optimization.learning_rate=0.0001 dataset=spiked_linear dataset.n_train=4 dataset.n_features=500 posterior.num_squash_vectors=1
Config:
posterior:
  type: sbvi
  weight_variance_init: 1
  bias_variance_init: 1
  num_samples: 16
  temperature: 1.0e-06
  posterior_exponentiation: tempered
  num_squash_vectors: 1
dataset:
  type: regression
  label: spiked_linear
  n_train: 4
  n_test: 200
  rank: 1
  n_features: 500
  noise_std: 0.1
  ood_input_variance:
  - 1.0
seed: 0
optimization:
  learning_rate: 0.0001
  batch_size: 2056
  epochs: 30000
model:
  type: mlp
  hidden_layers:
  - 64
  - 64
  prior_std: 0.33
  ff: None
  ff_amplitudes: false

Using device: cuda
[2025-11-17 05:26:52,778][HYDRA] 	#463 : posterior=sbvi posterior.num_samples=16 optimization.epochs=30000 posterior.temperature=1e-06 seed=0 optimization.learning_rate=0.0001 dataset=spiked_linear dataset.n_train=4 dataset.n_features=500 posterior.num_squash_vectors=4
Config:
posterior:
  type: sbvi
  weight_variance_init: 1
  bias_variance_init: 1
  num_samples: 16
  temperature: 1.0e-06
  posterior_exponentiation: tempered
  num_squash_vectors: 4
dataset:
  type: regression
  label: spiked_linear
  n_train: 4
  n_test: 200
  rank: 1
  n_features: 500
  noise_std: 0.1
  ood_input_variance:
  - 1.0
seed: 0
optimization:
  learning_rate: 0.0001
  batch_size: 2056
  epochs: 30000
model:
  type: mlp
  hidden_layers:
  - 64
  - 64
  prior_std: 0.33
  ff: None
  ff_amplitudes: false

Using device: cuda
[2025-11-17 05:26:52,904][HYDRA] 	#464 : posterior=sbvi posterior.num_samples=16 optimization.epochs=30000 posterior.temperature=1e-06 seed=0 optimization.learning_rate=0.0001 dataset=spiked_linear dataset.n_train=4 dataset.n_features=500 posterior.num_squash_vectors=16
Config:
posterior:
  type: sbvi
  weight_variance_init: 1
  bias_variance_init: 1
  num_samples: 16
  temperature: 1.0e-06
  posterior_exponentiation: tempered
  num_squash_vectors: 16
dataset:
  type: regression
  label: spiked_linear
  n_train: 4
  n_test: 200
  rank: 1
  n_features: 500
  noise_std: 0.1
  ood_input_variance:
  - 1.0
seed: 0
optimization:
  learning_rate: 0.0001
  batch_size: 2056
  epochs: 30000
model:
  type: mlp
  hidden_layers:
  - 64
  - 64
  prior_std: 0.33
  ff: None
  ff_amplitudes: false

Using device: cuda
[2025-11-17 05:26:53,079][HYDRA] 	#465 : posterior=sbvi posterior.num_samples=16 optimization.epochs=30000 posterior.temperature=1e-06 seed=0 optimization.learning_rate=0.0001 dataset=spiked_linear dataset.n_train=4 dataset.n_features=10000 posterior.num_squash_vectors=1
Config:
posterior:
  type: sbvi
  weight_variance_init: 1
  bias_variance_init: 1
  num_samples: 16
  temperature: 1.0e-06
  posterior_exponentiation: tempered
  num_squash_vectors: 1
dataset:
  type: regression
  label: spiked_linear
  n_train: 4
  n_test: 200
  rank: 1
  n_features: 10000
  noise_std: 0.1
  ood_input_variance:
  - 1.0
seed: 0
optimization:
  learning_rate: 0.0001
  batch_size: 2056
  epochs: 30000
model:
  type: mlp
  hidden_layers:
  - 64
  - 64
  prior_std: 0.33
  ff: None
  ff_amplitudes: false

Using device: cuda
[2025-11-17 05:26:53,226][HYDRA] 	#466 : posterior=sbvi posterior.num_samples=16 optimization.epochs=30000 posterior.temperature=1e-06 seed=0 optimization.learning_rate=0.0001 dataset=spiked_linear dataset.n_train=4 dataset.n_features=10000 posterior.num_squash_vectors=4
Config:
posterior:
  type: sbvi
  weight_variance_init: 1
  bias_variance_init: 1
  num_samples: 16
  temperature: 1.0e-06
  posterior_exponentiation: tempered
  num_squash_vectors: 4
dataset:
  type: regression
  label: spiked_linear
  n_train: 4
  n_test: 200
  rank: 1
  n_features: 10000
  noise_std: 0.1
  ood_input_variance:
  - 1.0
seed: 0
optimization:
  learning_rate: 0.0001
  batch_size: 2056
  epochs: 30000
model:
  type: mlp
  hidden_layers:
  - 64
  - 64
  prior_std: 0.33
  ff: None
  ff_amplitudes: false

Using device: cuda
[2025-11-17 05:26:53,371][HYDRA] 	#467 : posterior=sbvi posterior.num_samples=16 optimization.epochs=30000 posterior.temperature=1e-06 seed=0 optimization.learning_rate=0.0001 dataset=spiked_linear dataset.n_train=4 dataset.n_features=10000 posterior.num_squash_vectors=16
Config:
posterior:
  type: sbvi
  weight_variance_init: 1
  bias_variance_init: 1
  num_samples: 16
  temperature: 1.0e-06
  posterior_exponentiation: tempered
  num_squash_vectors: 16
dataset:
  type: regression
  label: spiked_linear
  n_train: 4
  n_test: 200
  rank: 1
  n_features: 10000
  noise_std: 0.1
  ood_input_variance:
  - 1.0
seed: 0
optimization:
  learning_rate: 0.0001
  batch_size: 2056
  epochs: 30000
model:
  type: mlp
  hidden_layers:
  - 64
  - 64
  prior_std: 0.33
  ff: None
  ff_amplitudes: false

Using device: cuda
[2025-11-17 05:26:53,517][HYDRA] 	#468 : posterior=sbvi posterior.num_samples=16 optimization.epochs=30000 posterior.temperature=1e-06 seed=0 optimization.learning_rate=0.0001 dataset=spiked_linear dataset.n_train=64 dataset.n_features=1 posterior.num_squash_vectors=1
Config:
posterior:
  type: sbvi
  weight_variance_init: 1
  bias_variance_init: 1
  num_samples: 16
  temperature: 1.0e-06
  posterior_exponentiation: tempered
  num_squash_vectors: 1
dataset:
  type: regression
  label: spiked_linear
  n_train: 64
  n_test: 200
  rank: 1
  n_features: 1
  noise_std: 0.1
  ood_input_variance:
  - 1.0
seed: 0
optimization:
  learning_rate: 0.0001
  batch_size: 2056
  epochs: 30000
model:
  type: mlp
  hidden_layers:
  - 64
  - 64
  prior_std: 0.33
  ff: None
  ff_amplitudes: false

Using device: cuda
[2025-11-17 05:26:53,714][HYDRA] 	#469 : posterior=sbvi posterior.num_samples=16 optimization.epochs=30000 posterior.temperature=1e-06 seed=0 optimization.learning_rate=0.0001 dataset=spiked_linear dataset.n_train=64 dataset.n_features=1 posterior.num_squash_vectors=4
Config:
posterior:
  type: sbvi
  weight_variance_init: 1
  bias_variance_init: 1
  num_samples: 16
  temperature: 1.0e-06
  posterior_exponentiation: tempered
  num_squash_vectors: 4
dataset:
  type: regression
  label: spiked_linear
  n_train: 64
  n_test: 200
  rank: 1
  n_features: 1
  noise_std: 0.1
  ood_input_variance:
  - 1.0
seed: 0
optimization:
  learning_rate: 0.0001
  batch_size: 2056
  epochs: 30000
model:
  type: mlp
  hidden_layers:
  - 64
  - 64
  prior_std: 0.33
  ff: None
  ff_amplitudes: false

Using device: cuda
[2025-11-17 05:26:53,869][HYDRA] 	#470 : posterior=sbvi posterior.num_samples=16 optimization.epochs=30000 posterior.temperature=1e-06 seed=0 optimization.learning_rate=0.0001 dataset=spiked_linear dataset.n_train=64 dataset.n_features=1 posterior.num_squash_vectors=16
Config:
posterior:
  type: sbvi
  weight_variance_init: 1
  bias_variance_init: 1
  num_samples: 16
  temperature: 1.0e-06
  posterior_exponentiation: tempered
  num_squash_vectors: 16
dataset:
  type: regression
  label: spiked_linear
  n_train: 64
  n_test: 200
  rank: 1
  n_features: 1
  noise_std: 0.1
  ood_input_variance:
  - 1.0
seed: 0
optimization:
  learning_rate: 0.0001
  batch_size: 2056
  epochs: 30000
model:
  type: mlp
  hidden_layers:
  - 64
  - 64
  prior_std: 0.33
  ff: None
  ff_amplitudes: false

Using device: cuda
[2025-11-17 05:26:54,035][HYDRA] 	#471 : posterior=sbvi posterior.num_samples=16 optimization.epochs=30000 posterior.temperature=1e-06 seed=0 optimization.learning_rate=0.0001 dataset=spiked_linear dataset.n_train=64 dataset.n_features=500 posterior.num_squash_vectors=1
Config:
posterior:
  type: sbvi
  weight_variance_init: 1
  bias_variance_init: 1
  num_samples: 16
  temperature: 1.0e-06
  posterior_exponentiation: tempered
  num_squash_vectors: 1
dataset:
  type: regression
  label: spiked_linear
  n_train: 64
  n_test: 200
  rank: 1
  n_features: 500
  noise_std: 0.1
  ood_input_variance:
  - 1.0
seed: 0
optimization:
  learning_rate: 0.0001
  batch_size: 2056
  epochs: 30000
model:
  type: mlp
  hidden_layers:
  - 64
  - 64
  prior_std: 0.33
  ff: None
  ff_amplitudes: false

Using device: cuda
[2025-11-17 05:26:54,158][HYDRA] 	#472 : posterior=sbvi posterior.num_samples=16 optimization.epochs=30000 posterior.temperature=1e-06 seed=0 optimization.learning_rate=0.0001 dataset=spiked_linear dataset.n_train=64 dataset.n_features=500 posterior.num_squash_vectors=4
Config:
posterior:
  type: sbvi
  weight_variance_init: 1
  bias_variance_init: 1
  num_samples: 16
  temperature: 1.0e-06
  posterior_exponentiation: tempered
  num_squash_vectors: 4
dataset:
  type: regression
  label: spiked_linear
  n_train: 64
  n_test: 200
  rank: 1
  n_features: 500
  noise_std: 0.1
  ood_input_variance:
  - 1.0
seed: 0
optimization:
  learning_rate: 0.0001
  batch_size: 2056
  epochs: 30000
model:
  type: mlp
  hidden_layers:
  - 64
  - 64
  prior_std: 0.33
  ff: None
  ff_amplitudes: false

Using device: cuda
[2025-11-17 05:26:54,318][HYDRA] 	#473 : posterior=sbvi posterior.num_samples=16 optimization.epochs=30000 posterior.temperature=1e-06 seed=0 optimization.learning_rate=0.0001 dataset=spiked_linear dataset.n_train=64 dataset.n_features=500 posterior.num_squash_vectors=16
Config:
posterior:
  type: sbvi
  weight_variance_init: 1
  bias_variance_init: 1
  num_samples: 16
  temperature: 1.0e-06
  posterior_exponentiation: tempered
  num_squash_vectors: 16
dataset:
  type: regression
  label: spiked_linear
  n_train: 64
  n_test: 200
  rank: 1
  n_features: 500
  noise_std: 0.1
  ood_input_variance:
  - 1.0
seed: 0
optimization:
  learning_rate: 0.0001
  batch_size: 2056
  epochs: 30000
model:
  type: mlp
  hidden_layers:
  - 64
  - 64
  prior_std: 0.33
  ff: None
  ff_amplitudes: false

Using device: cuda
[2025-11-17 05:26:54,463][HYDRA] 	#474 : posterior=sbvi posterior.num_samples=16 optimization.epochs=30000 posterior.temperature=1e-06 seed=0 optimization.learning_rate=0.0001 dataset=spiked_linear dataset.n_train=64 dataset.n_features=10000 posterior.num_squash_vectors=1
Config:
posterior:
  type: sbvi
  weight_variance_init: 1
  bias_variance_init: 1
  num_samples: 16
  temperature: 1.0e-06
  posterior_exponentiation: tempered
  num_squash_vectors: 1
dataset:
  type: regression
  label: spiked_linear
  n_train: 64
  n_test: 200
  rank: 1
  n_features: 10000
  noise_std: 0.1
  ood_input_variance:
  - 1.0
seed: 0
optimization:
  learning_rate: 0.0001
  batch_size: 2056
  epochs: 30000
model:
  type: mlp
  hidden_layers:
  - 64
  - 64
  prior_std: 0.33
  ff: None
  ff_amplitudes: false

Using device: cuda
[2025-11-17 05:26:54,617][HYDRA] 	#475 : posterior=sbvi posterior.num_samples=16 optimization.epochs=30000 posterior.temperature=1e-06 seed=0 optimization.learning_rate=0.0001 dataset=spiked_linear dataset.n_train=64 dataset.n_features=10000 posterior.num_squash_vectors=4
Config:
posterior:
  type: sbvi
  weight_variance_init: 1
  bias_variance_init: 1
  num_samples: 16
  temperature: 1.0e-06
  posterior_exponentiation: tempered
  num_squash_vectors: 4
dataset:
  type: regression
  label: spiked_linear
  n_train: 64
  n_test: 200
  rank: 1
  n_features: 10000
  noise_std: 0.1
  ood_input_variance:
  - 1.0
seed: 0
optimization:
  learning_rate: 0.0001
  batch_size: 2056
  epochs: 30000
model:
  type: mlp
  hidden_layers:
  - 64
  - 64
  prior_std: 0.33
  ff: None
  ff_amplitudes: false

Using device: cuda
[2025-11-17 05:26:54,771][HYDRA] 	#476 : posterior=sbvi posterior.num_samples=16 optimization.epochs=30000 posterior.temperature=1e-06 seed=0 optimization.learning_rate=0.0001 dataset=spiked_linear dataset.n_train=64 dataset.n_features=10000 posterior.num_squash_vectors=16
Config:
posterior:
  type: sbvi
  weight_variance_init: 1
  bias_variance_init: 1
  num_samples: 16
  temperature: 1.0e-06
  posterior_exponentiation: tempered
  num_squash_vectors: 16
dataset:
  type: regression
  label: spiked_linear
  n_train: 64
  n_test: 200
  rank: 1
  n_features: 10000
  noise_std: 0.1
  ood_input_variance:
  - 1.0
seed: 0
optimization:
  learning_rate: 0.0001
  batch_size: 2056
  epochs: 30000
model:
  type: mlp
  hidden_layers:
  - 64
  - 64
  prior_std: 0.33
  ff: None
  ff_amplitudes: false

Using device: cuda
[2025-11-17 05:26:54,943][HYDRA] 	#477 : posterior=sbvi posterior.num_samples=16 optimization.epochs=30000 posterior.temperature=1e-06 seed=0 optimization.learning_rate=0.0001 dataset=spiked_linear dataset.n_train=512 dataset.n_features=1 posterior.num_squash_vectors=1
Config:
posterior:
  type: sbvi
  weight_variance_init: 1
  bias_variance_init: 1
  num_samples: 16
  temperature: 1.0e-06
  posterior_exponentiation: tempered
  num_squash_vectors: 1
dataset:
  type: regression
  label: spiked_linear
  n_train: 512
  n_test: 200
  rank: 1
  n_features: 1
  noise_std: 0.1
  ood_input_variance:
  - 1.0
seed: 0
optimization:
  learning_rate: 0.0001
  batch_size: 2056
  epochs: 30000
model:
  type: mlp
  hidden_layers:
  - 64
  - 64
  prior_std: 0.33
  ff: None
  ff_amplitudes: false

Using device: cuda
[2025-11-17 05:26:55,103][HYDRA] 	#478 : posterior=sbvi posterior.num_samples=16 optimization.epochs=30000 posterior.temperature=1e-06 seed=0 optimization.learning_rate=0.0001 dataset=spiked_linear dataset.n_train=512 dataset.n_features=1 posterior.num_squash_vectors=4
Config:
posterior:
  type: sbvi
  weight_variance_init: 1
  bias_variance_init: 1
  num_samples: 16
  temperature: 1.0e-06
  posterior_exponentiation: tempered
  num_squash_vectors: 4
dataset:
  type: regression
  label: spiked_linear
  n_train: 512
  n_test: 200
  rank: 1
  n_features: 1
  noise_std: 0.1
  ood_input_variance:
  - 1.0
seed: 0
optimization:
  learning_rate: 0.0001
  batch_size: 2056
  epochs: 30000
model:
  type: mlp
  hidden_layers:
  - 64
  - 64
  prior_std: 0.33
  ff: None
  ff_amplitudes: false

Using device: cuda
[2025-11-17 05:26:55,247][HYDRA] 	#479 : posterior=sbvi posterior.num_samples=16 optimization.epochs=30000 posterior.temperature=1e-06 seed=0 optimization.learning_rate=0.0001 dataset=spiked_linear dataset.n_train=512 dataset.n_features=1 posterior.num_squash_vectors=16
Config:
posterior:
  type: sbvi
  weight_variance_init: 1
  bias_variance_init: 1
  num_samples: 16
  temperature: 1.0e-06
  posterior_exponentiation: tempered
  num_squash_vectors: 16
dataset:
  type: regression
  label: spiked_linear
  n_train: 512
  n_test: 200
  rank: 1
  n_features: 1
  noise_std: 0.1
  ood_input_variance:
  - 1.0
seed: 0
optimization:
  learning_rate: 0.0001
  batch_size: 2056
  epochs: 30000
model:
  type: mlp
  hidden_layers:
  - 64
  - 64
  prior_std: 0.33
  ff: None
  ff_amplitudes: false

Using device: cuda
[2025-11-17 05:26:55,428][HYDRA] 	#480 : posterior=sbvi posterior.num_samples=16 optimization.epochs=30000 posterior.temperature=1e-06 seed=0 optimization.learning_rate=0.0001 dataset=spiked_linear dataset.n_train=512 dataset.n_features=500 posterior.num_squash_vectors=1
Config:
posterior:
  type: sbvi
  weight_variance_init: 1
  bias_variance_init: 1
  num_samples: 16
  temperature: 1.0e-06
  posterior_exponentiation: tempered
  num_squash_vectors: 1
dataset:
  type: regression
  label: spiked_linear
  n_train: 512
  n_test: 200
  rank: 1
  n_features: 500
  noise_std: 0.1
  ood_input_variance:
  - 1.0
seed: 0
optimization:
  learning_rate: 0.0001
  batch_size: 2056
  epochs: 30000
model:
  type: mlp
  hidden_layers:
  - 64
  - 64
  prior_std: 0.33
  ff: None
  ff_amplitudes: false

Using device: cuda
[2025-11-17 05:26:55,585][HYDRA] 	#481 : posterior=sbvi posterior.num_samples=16 optimization.epochs=30000 posterior.temperature=1e-06 seed=0 optimization.learning_rate=0.0001 dataset=spiked_linear dataset.n_train=512 dataset.n_features=500 posterior.num_squash_vectors=4
Config:
posterior:
  type: sbvi
  weight_variance_init: 1
  bias_variance_init: 1
  num_samples: 16
  temperature: 1.0e-06
  posterior_exponentiation: tempered
  num_squash_vectors: 4
dataset:
  type: regression
  label: spiked_linear
  n_train: 512
  n_test: 200
  rank: 1
  n_features: 500
  noise_std: 0.1
  ood_input_variance:
  - 1.0
seed: 0
optimization:
  learning_rate: 0.0001
  batch_size: 2056
  epochs: 30000
model:
  type: mlp
  hidden_layers:
  - 64
  - 64
  prior_std: 0.33
  ff: None
  ff_amplitudes: false

Using device: cuda
[2025-11-17 05:26:55,730][HYDRA] 	#482 : posterior=sbvi posterior.num_samples=16 optimization.epochs=30000 posterior.temperature=1e-06 seed=0 optimization.learning_rate=0.0001 dataset=spiked_linear dataset.n_train=512 dataset.n_features=500 posterior.num_squash_vectors=16
Config:
posterior:
  type: sbvi
  weight_variance_init: 1
  bias_variance_init: 1
  num_samples: 16
  temperature: 1.0e-06
  posterior_exponentiation: tempered
  num_squash_vectors: 16
dataset:
  type: regression
  label: spiked_linear
  n_train: 512
  n_test: 200
  rank: 1
  n_features: 500
  noise_std: 0.1
  ood_input_variance:
  - 1.0
seed: 0
optimization:
  learning_rate: 0.0001
  batch_size: 2056
  epochs: 30000
model:
  type: mlp
  hidden_layers:
  - 64
  - 64
  prior_std: 0.33
  ff: None
  ff_amplitudes: false

Using device: cuda
[2025-11-17 05:26:55,882][HYDRA] 	#483 : posterior=sbvi posterior.num_samples=16 optimization.epochs=30000 posterior.temperature=1e-06 seed=0 optimization.learning_rate=0.0001 dataset=spiked_linear dataset.n_train=512 dataset.n_features=10000 posterior.num_squash_vectors=1
Config:
posterior:
  type: sbvi
  weight_variance_init: 1
  bias_variance_init: 1
  num_samples: 16
  temperature: 1.0e-06
  posterior_exponentiation: tempered
  num_squash_vectors: 1
dataset:
  type: regression
  label: spiked_linear
  n_train: 512
  n_test: 200
  rank: 1
  n_features: 10000
  noise_std: 0.1
  ood_input_variance:
  - 1.0
seed: 0
optimization:
  learning_rate: 0.0001
  batch_size: 2056
  epochs: 30000
model:
  type: mlp
  hidden_layers:
  - 64
  - 64
  prior_std: 0.33
  ff: None
  ff_amplitudes: false

Using device: cuda
[2025-11-17 05:26:56,079][HYDRA] 	#484 : posterior=sbvi posterior.num_samples=16 optimization.epochs=30000 posterior.temperature=1e-06 seed=0 optimization.learning_rate=0.0001 dataset=spiked_linear dataset.n_train=512 dataset.n_features=10000 posterior.num_squash_vectors=4
Config:
posterior:
  type: sbvi
  weight_variance_init: 1
  bias_variance_init: 1
  num_samples: 16
  temperature: 1.0e-06
  posterior_exponentiation: tempered
  num_squash_vectors: 4
dataset:
  type: regression
  label: spiked_linear
  n_train: 512
  n_test: 200
  rank: 1
  n_features: 10000
  noise_std: 0.1
  ood_input_variance:
  - 1.0
seed: 0
optimization:
  learning_rate: 0.0001
  batch_size: 2056
  epochs: 30000
model:
  type: mlp
  hidden_layers:
  - 64
  - 64
  prior_std: 0.33
  ff: None
  ff_amplitudes: false

Using device: cuda
[2025-11-17 05:26:56,227][HYDRA] 	#485 : posterior=sbvi posterior.num_samples=16 optimization.epochs=30000 posterior.temperature=1e-06 seed=0 optimization.learning_rate=0.0001 dataset=spiked_linear dataset.n_train=512 dataset.n_features=10000 posterior.num_squash_vectors=16
Config:
posterior:
  type: sbvi
  weight_variance_init: 1
  bias_variance_init: 1
  num_samples: 16
  temperature: 1.0e-06
  posterior_exponentiation: tempered
  num_squash_vectors: 16
dataset:
  type: regression
  label: spiked_linear
  n_train: 512
  n_test: 200
  rank: 1
  n_features: 10000
  noise_std: 0.1
  ood_input_variance:
  - 1.0
seed: 0
optimization:
  learning_rate: 0.0001
  batch_size: 2056
  epochs: 30000
model:
  type: mlp
  hidden_layers:
  - 64
  - 64
  prior_std: 0.33
  ff: None
  ff_amplitudes: false

Using device: cuda
[1;34mwandb[0m: 
[1;34mwandb[0m: 🚀 View run [33mleafy-blaze-1115[0m at: [34m[0m
[1;34mwandb[0m: Find logs at: [1;35mwandb/run-20251116_183733-cc6ixu8r/logs[0m
